base,long_provider,short_provider,overlap_days,funding_capture_total_bps,mean_capture_bps_day,median_capture_bps_day,positive_days_pct,roundtrip_fee_bps,funding_only_net_14d_bps,first_date,last_date,best_3d_net_bps,positive_3d_windows_pct,best_5d_net_bps,positive_5d_windows_pct,best_7d_net_bps,positive_7d_windows_pct
OP,GATE,HTX,14,103.69361845541644,7.406687032529746,4.2393457179688045,100.0,20.0,83.69361845541644,2026-09-25,2026-10-08,26.32930679943886,58.333333333333336,48.62845300278087,90.0,63.933618455416436,100.0
OP,OKX,HTX,14,96.90623832281143,6.921874165915102,2.7393805886413047,92.85714285714286,20.0,76.90623832281143,2026-09-25,2026-10-08,30.439415857493856,58.333333333333336,46.269743708656875,80.0,59.976981819276446,100.0
ARB,OKX,HTX,14,90.61575365775765,6.472553832696975,4.5743113467585,100.0,20.0,70.61575365775765,2026-09-25,2026-10-08,24.210926278728685,33.333333333333336,32.49157682325965,80.0,40.198153834576644,100.0
ARB,MEXC,HTX,14,90.54386045663465,6.467418604045332,4.565,100.0,26.0,64.54386045663465,2026-09-25,2026-10-08,18.183227970560687,25.0,26.443860456634646,60.0,34.18386045663465,100.0
OP,MEXC,HTX,14,88.16361845541644,6.297401318244032,2.5549999999999997,100.0,26.0,62.16361845541644,2026-09-25,2026-10-08,22.18930679943886,25.0,35.83845300278088,80.0,50.684927019478835,100.0
ARB,GATE,HTX,14,71.73386045663464,5.1238471754739034,2.83531624303698,100.0,20.0,51.733860456634645,2026-09-25,2026-10-08,21.55222610541221,33.333333333333336,28.193860456634653,60.0,33.79222610541221,87.5
OP,BITGET,HTX,14,69.90361845541644,4.993115603958317,0.0,42.857142857142854,21.999999999999996,47.903618455416435,2026-09-25,2026-10-08,24.069306799438866,50.0,36.93845300278089,80.0,47.903618455416435,100.0
DOGE,GATE,HTX,14,54.546669145812984,3.896190653272356,1.9100000000000001,100.0,20.0,34.546669145812984,2026-09-25,2026-10-08,4.872462283278594,8.333333333333334,6.792462283278592,30.0,15.346063801837886,62.5
ARB,OKX,BITGET,14,50.821893201123004,3.630135228651643,3.6256039894515,100.0,21.999999999999996,28.821893201123007,2026-09-25,2026-10-08,-6.627076192990996,0.0,-0.44731122521799804,0.0,7.572370627276005,87.5
DOGE,MEXC,HTX,14,51.92666914581298,3.7090477961294988,1.15,85.71428571428571,26.0,25.92666914581298,2026-09-25,2026-10-08,2.762462283278591,8.333333333333334,4.102462283278591,10.0,11.596063801837879,12.5
DOGE,OKX,HTX,14,43.42315278614698,3.10165377043907,0.17726441416749994,50.0,20.0,23.42315278614698,2026-09-25,2026-10-08,5.015262962514591,8.333333333333334,6.821288559423589,10.0,13.441956714915882,25.0
ARB,MEXC,BITGET,14,50.75,3.625,3.635,100.0,28.0,22.75,2026-09-25,2026-10-08,-12.59,0.0,-6.370000000000001,0.0,1.5500000000000007,12.5
ARB,BITGET,HTX,14,39.79386045663465,2.842418604045332,0.2450000000000001,50.0,21.999999999999996,17.79386045663465,2026-09-25,2026-10-08,11.413227970560694,16.666666666666668,12.36386045663465,40.0,15.923227970560692,75.0
DOGE,BITGET,HTX,14,35.76666914581298,2.5547620818437844,0.0,28.571428571428573,21.999999999999996,13.766669145812987,2026-09-25,2026-10-08,-0.007537716721405019,0.0,-0.007537716721405019,0.0,5.316063801837885,12.5
OP,GATE,BITGET,14,33.79,2.4135714285714287,2.065,85.71428571428571,21.999999999999996,11.790000000000003,2026-09-25,2026-10-08,-10.169999999999996,0.0,-5.609999999999996,0.0,-3.5599999999999987,0.0
ARB,GATE,BITGET,14,31.94,2.2814285714285716,2.055,100.0,21.999999999999996,9.940000000000005,2026-09-25,2026-10-08,-11.449999999999996,0.0,-8.169999999999996,0.0,-3.7199999999999953,0.0
OP,OKX,BITGET,14,27.002619867395,1.9287585619567857,1.942256961903,71.42857142857143,21.999999999999996,5.002619867395005,2026-09-25,2026-10-08,-9.697773334295997,0.0,-6.804181268694997,0.0,-2.3664826284199982,0.0
ADA,GATE,HTX,14,24.77,1.7692857142857144,2.075,85.71428571428571,20.0,4.77,2026-09-25,2026-10-08,-12.08,0.0,-10.09,0.0,-6.51,0.0
BTC,GATE,BITGET,14,21.96,1.5685714285714287,1.9500000000000002,92.85714285714286,21.999999999999996,-0.039999999999995595,2026-09-25,2026-10-08,-15.529999999999996,0.0,-12.899999999999997,0.0,-9.689999999999996,0.0
XRP,OKX,HTX,14,19.50856997236522,1.3934692837403728,1.2889685074839998,71.42857142857143,20.0,-0.49143002763478094,2026-09-25,2026-10-08,-12.891963786730999,0.0,-10.475731922618,0.0,-7.99371417677,0.0
ARB,OKX,GATE,14,18.881893201123,1.3487066572230713,1.5866282695640002,78.57142857142857,20.0,-1.118106798877001,2026-09-25,2026-10-08,-10.967076192991,0.0,-8.827311225218,0.0,-4.087629372723999,0.0
BTC,HTX,BITGET,14,20.85481394678657,1.4896295676276121,1.3924078962724449,85.71428571428571,21.999999999999996,-1.1451860532134255,2026-09-25,2026-10-08,-13.020601971513246,0.0,-8.851796767547427,0.0,-7.421693617890565,0.0
XRP,GATE,HTX,14,17.66121286203422,1.2615152044310156,0.9849999999999999,85.71428571428571,20.0,-2.338787137965781,2026-09-25,2026-10-08,-11.32,0.0,-9.97,0.0,-6.890000000000001,0.0
ETH,HTX,BITGET,14,19.6128423357823,1.4009173096987357,1.400290790415545,78.57142857142857,21.999999999999996,-2.387157664217696,2026-09-25,2026-10-08,-13.930253911673296,0.0,-9.161444126077656,0.0,-5.042622752568285,0.0
XRP,OKX,BITGET,14,19.417357110331,1.386954079309357,1.3638276956945,78.57142857142857,21.999999999999996,-2.582642889668996,2026-09-25,2026-10-08,-15.779785763563996,0.0,-12.475731922617996,0.0,-10.101143977052997,0.0
ETH,GATE,BITGET,14,19.2,1.3714285714285714,1.145,92.85714285714286,21.999999999999996,-2.799999999999997,2026-09-25,2026-10-08,-15.869999999999997,0.0,-13.869999999999996,0.0,-11.249999999999996,0.0
XRP,MEXC,HTX,14,23.16121286203422,1.6543723472881584,1.655,78.57142857142857,26.0,-2.838787137965781,2026-09-25,2026-10-08,-17.22,0.0,-15.97,0.0,-12.51,0.0
ETH,OKX,BITGET,14,19.046806801561,1.3604862001115001,1.400070959088,100.0,21.999999999999996,-2.9531931984389956,2026-09-25,2026-10-08,-15.681005296045996,0.0,-13.100519023012996,0.0,-10.137323794350996,0.0
DOGE,GATE,BITGET,14,18.78,1.3414285714285714,1.23,100.0,21.999999999999996,-3.2199999999999953,2026-09-25,2026-10-08,-15.819999999999997,0.0,-12.589999999999996,0.0,-9.869999999999997,0.0
XRP,GATE,BITGET,14,17.57,1.2550000000000001,1.295,85.71428571428571,21.999999999999996,-4.429999999999996,2026-09-25,2026-10-08,-15.409999999999997,0.0,-13.499999999999996,0.0,-10.979999999999997,0.0
XRP,MEXC,BITGET,14,23.07,1.647857142857143,1.88,85.71428571428571,28.0,-4.93,2026-09-25,2026-10-08,-21.310000000000002,0.0,-18.38,0.0,-14.92,0.0
ADA,OKX,HTX,14,14.524960567375,1.0374971833839286,0.18510493912949988,50.0,20.0,-5.475039432625,2026-09-25,2026-10-08,-12.354790951121,0.0,-9.789036469487,0.0,-8.30757984253,0.0
ADA,BITGET,HTX,14,16.05,1.1464285714285716,0.4650000000000003,57.142857142857146,21.999999999999996,-5.949999999999996,2026-09-25,2026-10-08,-16.159999999999997,0.0,-15.259999999999996,0.0,-12.179999999999996,0.0
ARB,MEXC,GATE,14,18.81,1.3435714285714284,1.6,78.57142857142857,26.0,-7.190000000000001,2026-09-25,2026-10-08,-16.93,0.0,-14.75,0.0,-10.11,0.0
SOL,GATE,HTX,14,12.319598513794611,0.8799713224139009,1.569950611872585,78.57142857142857,20.0,-7.680401486205389,2026-09-25,2026-10-08,-11.25394116861231,0.0,-7.3595929839655785,0.0,-2.5195929839655804,0.0
ADA,MEXC,HTX,14,17.86,1.2757142857142856,0.815,71.42857142857143,26.0,-8.14,2026-09-25,2026-10-08,-19.1,0.0,-15.879999999999999,0.0,-12.85,0.0
BTC,OKX,BITGET,14,13.476574904535001,0.9626124931810714,1.067922385059,85.71428571428571,21.999999999999996,-8.523425095464995,2026-09-25,2026-10-08,-17.458720222432994,0.0,-15.575002136808996,0.0,-13.908736727171995,0.0
DOGE,GATE,OKX,14,11.123516359666,0.7945368828332857,1.078745540877,78.57142857142857,20.0,-8.876483640334,2026-09-25,2026-10-08,-14.669971109648,0.0,-12.540590727256,0.0,-10.760590727256,0.0
OP,MEXC,BITGET,14,18.259999999999998,1.304285714285714,0.7750000000000001,92.85714285714286,28.0,-9.740000000000002,2026-09-25,2026-10-08,-20.17,0.0,-18.93,0.0,-17.29,0.0
ADA,GATE,OKX,14,10.245039432625001,0.7317885309017857,0.8450000000000002,71.42857142857143,20.0,-9.754960567374999,2026-09-25,2026-10-08,-13.878965844551,0.0,-11.888965844551,0.0,-9.852540409905,0.0
OP,GATE,MEXC,14,15.53,1.1092857142857142,0.7749999999999999,64.28571428571429,26.0,-10.47,2026-09-25,2026-10-08,-16.21,0.0,-14.85,0.0,-13.84,0.0
ETH,MEXC,BITGET,14,17.09,1.2207142857142856,1.0100000000000002,85.71428571428571,28.0,-10.91,2026-09-25,2026-10-08,-21.73,0.0,-21.130000000000003,0.0,-18.759999999999998,0.0
BTC,MEXC,BITGET,14,16.63,1.1878571428571427,1.1600000000000001,85.71428571428571,28.0,-11.370000000000001,2026-09-25,2026-10-08,-21.07,0.0,-19.93,0.0,-19.060000000000002,0.0
SOL,OKX,HTX,14,8.604644940555612,0.6146174957539723,1.5134528065619999,78.57142857142857,20.0,-11.395355059444388,2026-09-25,2026-10-08,-12.18478385603831,0.0,-7.347114228629579,0.0,-4.32020861550558,0.0
BTC,GATE,OKX,14,8.483425095465,0.6059589353903572,0.6748080867905,92.85714285714286,20.0,-11.516574904535,2026-09-25,2026-10-08,-17.464564933499,0.0,-16.368944064512,0.0,-15.299822592777,0.0
DOGE,MEXC,BITGET,14,16.16,1.1542857142857144,0.8899999999999999,85.71428571428571,28.0,-11.84,2026-09-25,2026-10-08,-21.23,0.0,-19.83,0.0,-17.72,0.0
SOL,GATE,BITGET,14,9.650000000000002,0.6892857142857144,0.4900000000000001,57.142857142857146,21.999999999999996,-12.349999999999994,2026-09-25,2026-10-08,-15.779999999999996,0.0,-13.609999999999996,0.0,-11.699999999999996,0.0
BTC,HTX,OKX,14,7.37823904225157,0.5270170744465407,0.6257054927266901,64.28571428571429,20.0,-12.62176095774843,2026-09-25,2026-10-08,-14.95516690501225,0.0,-12.75127522173843,0.0,-12.97151621066757,0.0
OP,GATE,OKX,14,6.787380132605,0.48481286661464285,0.3666889357325001,50.0,20.0,-13.212619867395,2026-09-25,2026-10-08,-11.654588572009,0.0,-10.921210700544,0.0,-9.482287212284001,0.0
ADA,GATE,BITGET,14,8.719999999999999,0.6228571428571428,0.4,71.42857142857143,21.999999999999996,-13.279999999999998,2026-09-25,2026-10-08,-17.969999999999995,0.0,-17.249999999999996,0.0,-15.789999999999996,0.0
DOGE,OKX,BITGET,14,7.656483640334,0.5468916885952857,0.11272114065650007,50.0,21.999999999999996,-14.343516359665998,2026-09-25,2026-10-08,-18.896907766157995,0.0,-16.966363805420997,0.0,-15.874107086921997,0.0
SOL,OKX,BITGET,14,5.9350464267610015,0.4239318876257858,0.541617775193,64.28571428571429,21.999999999999996,-16.064953573238995,2026-09-25,2026-10-08,-16.710842687425995,0.0,-13.597521244663996,0.0,-13.193457101034996,0.0
SOL,GATE,OKX,14,3.7149535732390007,0.2653538266599286,0.350234691093,64.28571428571429,20.0,-16.285046426761,2026-09-25,2026-10-08,-16.932739408967,0.0,-16.232270026781,0.0,-16.517818186255,0.0
SOL,MEXC,HTX,14,9.299598513794612,0.6642570366996151,1.552963782025665,78.57142857142857,26.0,-16.700401486205386,2026-09-25,2026-10-08,-18.4,0.0,-14.06959298396558,0.0,-10.27959298396558,0.0
OP,OKX,MEXC,14,8.742619867395,0.6244728476710714,-0.10392153782050007,42.857142857142854,26.0,-17.257380132605,2026-09-25,2026-10-08,-21.338709294124,0.0,-18.80663663614,0.0,-17.076482628420003,0.0
DOGE,MEXC,OKX,14,8.503516359666,0.6073940256904286,0.5222788593434999,71.42857142857143,26.0,-17.496483640334,2026-09-25,2026-10-08,-22.252800679236,0.0,-21.549971109648,0.0,-21.367657364189,0.0
XRP,OKX,GATE,14,1.8473571103309998,0.13195407930935713,0.026281883060500055,50.0,20.0,-18.152642889669,2026-09-25,2026-10-08,-17.483981532579,0.0,-16.114020338167002,0.0,-15.698334494327,0.0
BTC,GATE,HTX,14,1.1051860532134308,0.07894186094381649,-0.27088959759932996,42.857142857142854,20.0,-18.89481394678657,2026-09-25,2026-10-08,-17.11110935571408,0.0,-18.03721965931276,0.0,-17.50080456080768,0.0
ADA,GATE,MEXC,14,6.91,0.4935714285714286,0.38,64.28571428571429,26.0,-19.09,2026-09-25,2026-10-08,-21.41,0.0,-19.52,0.0,-17.73,0.0
SOL,BITGET,HTX,14,2.669598513794611,0.1906856081281865,0.8265841872957701,78.57142857142857,21.999999999999996,-19.330401486205385,2026-09-25,2026-10-08,-16.169999999999995,0.0,-14.705651815353267,0.0,-13.059592983965576,0.0
ETH,HTX,OKX,14,0.5660355342213,0.04043110958723572,0.441362276792615,64.28571428571429,20.0,-19.4339644657787,2026-09-25,2026-10-08,-16.1454110868693,0.0,-13.70474720169662,0.0,-11.86437202180863,0.0
ETH,HTX,GATE,14,0.41284233578230045,0.02948873827016432,0.404914258854115,57.142857142857146,20.0,-19.5871576642177,2026-09-25,2026-10-08,-16.41808327824883,0.0,-14.86144412607766,0.0,-13.582622752568291,0.0
ETH,GATE,OKX,14,0.15319319843900026,0.010942371317071447,0.11504045396100004,64.28571428571429,20.0,-19.846806801561,2026-09-25,2026-10-08,-17.651693924133,0.0,-17.153316815269,0.0,-16.787574002440998,0.0
ETH,OKX,GATE,14,-0.15319319843900026,-0.010942371317071447,-0.11504045396100004,35.714285714285715,20.0,-20.153193198439,2026-09-25,2026-10-08,-16.417967341993,0.0,-16.492957272971,0.0,-17.297323794351,0.0
ETH,GATE,HTX,14,-0.41284233578230045,-0.02948873827016432,-0.404914258854115,42.857142857142854,20.0,-20.4128423357823,2026-09-25,2026-10-08,-16.42882726888609,0.0,-16.85246479552492,0.0,-19.45579544340929,0.0
ADA,BITGET,OKX,14,1.5250394326250012,0.10893138804464295,0.0,35.714285714285715,21.999999999999996,-20.474960567374996,2026-09-25,2026-10-08,-17.958965844550995,0.0,-17.058965844550997,0.0,-17.522750288163998,0.0
XRP,MEXC,GATE,14,5.5,0.39285714285714285,0.17999999999999994,57.142857142857146,26.0,-20.5,2026-09-25,2026-10-08,-22.87,0.0,-20.67,0.0,-20.29,0.0
ETH,OKX,HTX,14,-0.5660355342213,-0.04043110958723572,-0.441362276792615,35.714285714285715,20.0,-20.5660355342213,2026-09-25,2026-10-08,-14.539553708685471,0.0,-16.41399550683602,0.0,-18.25437068672401,0.0
BTC,GATE,MEXC,14,5.33,0.3807142857142857,0.475,85.71428571428571,26.0,-20.67,2026-09-25,2026-10-08,-23.38,0.0,-22.03,0.0,-20.73,0.0
BTC,HTX,GATE,14,-1.1051860532134308,-0.07894186094381649,0.27088959759932996,57.142857142857146,20.0,-21.10518605321343,2026-09-25,2026-10-08,-17.49060197151325,0.0,-15.95179676754743,0.0,-17.67169361789057,0.0
SOL,MEXC,BITGET,14,6.630000000000001,0.47357142857142864,0.6150000000000001,57.142857142857146,28.0,-21.369999999999997,2026-09-25,2026-10-08,-23.009999999999998,0.0,-20.32,0.0,-19.880000000000003,0.0
BTC,HTX,MEXC,14,4.22481394678657,0.3017724247704693,0.704147470722735,64.28571428571429,26.0,-21.77518605321343,2026-09-25,2026-10-08,-21.62308218550193,0.0,-18.22179676754743,0.0,-18.78602472629059,0.0
XRP,GATE,OKX,14,-1.8473571103309998,-0.13195407930935713,-0.026281883060500055,35.714285714285715,20.0,-21.847357110331,2026-09-25,2026-10-08,-18.428036213269,0.0,-18.48059997939,0.0,-18.89628582323,0.0
XRP,BITGET,HTX,14,0.09121286203421985,0.006515204431015704,0.0,14.285714285714286,21.999999999999996,-21.908787137965778,2026-09-25,2026-10-08,-19.909999999999997,0.0,-19.909999999999997,0.0,-19.909999999999997,0.0
XRP,HTX,BITGET,14,-0.09121286203421985,-0.006515204431015704,0.0,7.142857142857143,21.999999999999996,-22.091212862034215,2026-09-25,2026-10-08,-20.001212862034215,0.0,-20.001212862034215,0.0,-20.001212862034215,0.0
XRP,MEXC,OKX,14,3.652642889669,0.2609030635477857,0.3238594159485,64.28571428571429,26.0,-22.347357110331,2026-09-25,2026-10-08,-24.135828451652,0.0,-23.541451269237,0.0,-23.831071287101,0.0
ADA,MEXC,OKX,14,3.335039432625001,0.2382171023303572,0.0,42.857142857142854,26.0,-22.664960567374997,2026-09-25,2026-10-08,-23.147211108591,0.0,-23.878965844551,0.0,-23.652750288164,0.0
BTC,MEXC,OKX,14,3.153425095465,0.2252446496760714,0.2960406327809999,57.142857142857146,26.0,-22.846574904535,2026-09-25,2026-10-08,-22.67360695685,0.0,-21.976732003397,0.0,-22.445311631707,0.0
SOL,GATE,MEXC,14,3.02,0.21571428571428572,0.054999999999999966,50.0,26.0,-22.98,2026-09-25,2026-10-08,-23.4,0.0,-22.97,0.0,-22.39,0.0
DOGE,GATE,MEXC,14,2.6199999999999997,0.1871428571428571,0.5349999999999999,71.42857142857143,26.0,-23.38,2026-09-25,2026-10-08,-21.4,0.0,-20.6,0.0,-19.71,0.0
ETH,HTX,MEXC,14,2.5228423357822995,0.18020302398444996,0.4623223354188448,64.28571428571429,26.0,-23.4771576642177,2026-09-25,2026-10-08,-21.6202539116733,0.0,-19.09144412607766,0.0,-17.39780659943883,0.0
ADA,OKX,BITGET,14,-1.5250394326250012,-0.10893138804464295,0.0,28.571428571428573,21.999999999999996,-23.525039432624997,2026-09-25,2026-10-08,-16.865000829379998,0.0,-16.789036469486998,0.0,-17.225252025874,0.0
SOL,OKX,GATE,14,-3.7149535732390007,-0.2653538266599286,-0.350234691093,35.714285714285715,20.0,-23.714953573239,2026-09-25,2026-10-08,-18.303344673435,0.0,-19.987521244664,0.0,-21.493457101035,0.0
ETH,GATE,MEXC,14,2.1099999999999994,0.15071428571428566,0.12999999999999995,57.142857142857146,26.0,-23.89,2026-09-25,2026-10-08,-24.48,0.0,-23.48,0.0,-22.96,0.0
ETH,OKX,MEXC,14,1.9568068015609992,0.13977191439721423,0.20696371688350002,64.28571428571429,26.0,-24.043193198439,2026-09-25,2026-10-08,-23.177967341993,0.0,-22.862957272971002,0.0,-22.567323794351,0.0
SOL,HTX,BITGET,14,-2.669598513794611,-0.1906856081281865,-0.8265841872957701,21.428571428571427,21.999999999999996,-24.669598513794607,2026-09-25,2026-10-08,-14.224018098604766,0.0,-16.120076929992457,0.0,-17.844425114639186,0.0
SOL,MEXC,OKX,14,0.6949535732390002,0.04963954094564287,-0.0036738697059998104,50.0,26.0,-25.305046426761,2026-09-25,2026-10-08,-24.272998778593,0.0,-23.893811456116,0.0,-24.427961492121,0.0
ARB,OKX,MEXC,14,0.07189320112300074,0.00513522865164291,-0.004818284675000006,35.714285714285715,26.0,-25.928106798877,2026-09-25,2026-10-08,-25.909179272198998,0.0,-25.924362592538998,0.0,-25.903954999232,0.0
ARB,MEXC,OKX,14,-0.07189320112300074,-0.00513522865164291,0.004818284675000006,64.28571428571429,26.0,-26.071893201123,2026-09-25,2026-10-08,-25.940726359062,0.0,-25.922688774782,0.0,-26.013664750684,0.0
ADA,MEXC,BITGET,14,1.8099999999999996,0.12928571428571425,0.0,42.857142857142854,28.0,-26.19,2026-09-25,2026-10-08,-24.73,0.0,-22.88,0.0,-23.09,0.0
SOL,OKX,MEXC,14,-0.6949535732390002,-0.04963954094564287,0.0036738697059998104,50.0,26.0,-26.694953573239,2026-09-25,2026-10-08,-24.67986129454,0.0,-24.145711258535,0.0,-25.278623568799,0.0
OP,OKX,GATE,14,-6.787380132605,-0.48481286661464285,-0.3666889357325001,35.714285714285715,20.0,-26.787380132605,2026-09-25,2026-10-08,-15.407773334296,0.0,-15.594181268695,0.0,-17.76648262842,0.0
BTC,OKX,HTX,14,-7.37823904225157,-0.5270170744465407,-0.6257054927266901,35.714285714285715,20.0,-27.378239042251572,2026-09-25,2026-10-08,-19.02750239886408,0.0,-21.02048765591576,0.0,-21.76549292910068,0.0
SOL,BITGET,OKX,14,-5.9350464267610015,-0.4239318876257858,-0.541617775193,35.714285714285715,21.999999999999996,-27.935046426760998,2026-09-25,2026-10-08,-16.042998778592995,0.0,-16.142270026781,0.0,-19.255591469542995,0.0
ETH,MEXC,OKX,14,-1.9568068015609992,-0.13977191439721423,-0.20696371688350002,35.714285714285715,26.0,-27.956806801561,2026-09-25,2026-10-08,-23.869389381502,0.0,-24.078566476927,0.0,-24.524130595912,0.0
ETH,MEXC,GATE,14,-2.1099999999999994,-0.15071428571428566,-0.12999999999999995,42.857142857142854,26.0,-28.11,2026-09-25,2026-10-08,-25.24,0.0,-25.63,0.0,-26.73,0.0
BTC,OKX,GATE,14,-8.483425095465,-0.6059589353903572,-0.6748080867905,7.142857142857143,20.0,-28.483425095465,2026-09-25,2026-10-08,-21.395271561241,0.0,-22.585002136809,0.0,-23.821073322113,0.0
ETH,MEXC,HTX,14,-2.5228423357822995,-0.18020302398444996,-0.4623223354188448,35.714285714285715,26.0,-28.5228423357823,2026-09-25,2026-10-08,-22.288827268886088,0.0,-23.98246479552492,0.0,-26.83579544340929,0.0
SOL,HTX,OKX,14,-8.604644940555612,-0.6146174957539723,-1.5134528065619999,21.428571428571427,20.0,-28.604644940555612,2026-09-25,2026-10-08,-12.95512167874277,0.0,-18.73649608960246,0.0,-23.57416571701119,0.0
DOGE,MEXC,GATE,14,-2.6199999999999997,-0.1871428571428571,-0.5349999999999999,28.571428571428573,26.0,-28.62,2026-09-25,2026-10-08,-22.11,0.0,-22.689999999999998,0.0,-23.75,0.0
SOL,MEXC,GATE,14,-3.02,-0.21571428571428572,-0.054999999999999966,50.0,26.0,-29.02,2026-09-25,2026-10-08,-24.43,0.0,-25.69,0.0,-26.64,0.0
BTC,OKX,MEXC,14,-3.153425095465,-0.2252446496760714,-0.2960406327809999,42.857142857142854,26.0,-29.153425095465,2026-09-25,2026-10-08,-24.937380860097,0.0,-25.065002136809,0.0,-24.596422508499,0.0
ADA,OKX,MEXC,14,-3.335039432625001,-0.2382171023303572,0.0,28.571428571428573,26.0,-29.335039432625003,2026-09-25,2026-10-08,-24.13500082938,0.0,-24.361216385767,0.0,-24.442250541216,0.0
XRP,OKX,MEXC,14,-3.652642889669,-0.2609030635477857,-0.3238594159485,21.428571428571427,26.0,-29.652642889669,2026-09-25,2026-10-08,-25.299785763564,0.0,-25.147221997443,0.0,-25.741599179858,0.0
DOGE,BITGET,OKX,14,-7.656483640334,-0.5468916885952857,-0.11272114065650007,0.0,21.999999999999996,-29.656483640333995,2026-09-25,2026-10-08,-21.999999999999996,0.0,-22.579971109647996,0.0,-23.530590727255998,0.0
ADA,BITGET,MEXC,14,-1.8099999999999996,-0.12928571428571425,0.0,35.714285714285715,28.0,-29.81,2026-09-25,2026-10-08,-24.39,0.0,-24.79,0.0,-24.97,0.0
BTC,MEXC,HTX,14,-4.22481394678657,-0.3017724247704693,-0.704147470722735,35.714285714285715,26.0,-30.22481394678657,2026-09-25,2026-10-08,-21.70110935571408,0.0,-22.997219659312762,0.0,-24.21080456080768,0.0
ADA,OKX,GATE,14,-10.245039432625001,-0.7317885309017857,-0.8450000000000002,14.285714285714286,20.0,-30.245039432625,2026-09-25,2026-10-08,-17.61500082938,0.0,-18.014790951121,0.0,-19.905252025874,0.0
ADA,BITGET,GATE,14,-8.719999999999999,-0.6228571428571428,-0.4,14.285714285714286,21.999999999999996,-30.719999999999995,2026-09-25,2026-10-08,-22.629999999999995,0.0,-23.709999999999997,0.0,-24.509999999999998,0.0
DOGE,OKX,GATE,14,-11.123516359666,-0.7945368828332857,-1.078745540877,21.428571428571427,20.0,-31.123516359666,2026-09-25,2026-10-08,-19.857199320764,0.0,-19.971173723855,0.0,-21.904107086922,0.0
BTC,MEXC,GATE,14,-5.33,-0.3807142857142857,-0.475,14.285714285714286,26.0,-31.33,2026-09-25,2026-10-08,-24.59,0.0,-24.96,0.0,-26.71,0.0
XRP,GATE,MEXC,14,-5.5,-0.39285714285714285,-0.17999999999999994,28.571428571428573,26.0,-31.5,2026-09-25,2026-10-08,-25.7,0.0,-26.0,0.0,-26.38,0.0
SOL,BITGET,GATE,14,-9.650000000000002,-0.6892857142857144,-0.4900000000000001,42.857142857142854,21.999999999999996,-31.65,2026-09-25,2026-10-08,-18.929999999999996,0.0,-19.089999999999996,0.0,-21.939999999999998,0.0
SOL,HTX,GATE,14,-12.319598513794611,-0.8799713224139009,-1.569950611872585,21.428571428571427,20.0,-32.31959851379461,2026-09-25,2026-10-08,-14.98401809860477,0.0,-21.53007692999246,0.0,-25.42442511463919,0.0
ADA,MEXC,GATE,14,-6.91,-0.4935714285714286,-0.38,21.428571428571427,26.0,-32.91,2026-09-25,2026-10-08,-24.78,0.0,-24.259999999999998,0.0,-24.64,0.0
DOGE,OKX,MEXC,14,-8.503516359666,-0.6073940256904286,-0.5222788593434999,14.285714285714286,26.0,-34.503516359666,2026-09-25,2026-10-08,-26.179380382392,0.0,-26.276288148549998,0.0,-27.070845867237,0.0
ADA,HTX,OKX,14,-14.524960567375,-1.0374971833839286,-0.18510493912949988,0.0,20.0,-34.524960567375004,2026-09-25,2026-10-08,-20.0,0.0,-21.798965844551,0.0,-22.832540409905,0.0
SOL,BITGET,MEXC,14,-6.630000000000001,-0.47357142857142864,-0.6150000000000001,42.857142857142854,28.0,-34.63,2026-09-25,2026-10-08,-23.77,0.0,-22.88,0.0,-25.57,0.0
OP,MEXC,OKX,14,-8.742619867395,-0.6244728476710714,0.10392153782050007,57.142857142857146,26.0,-34.742619867395,2026-09-25,2026-10-08,-22.894055644565,0.0,-24.914588572009002,0.0,-25.819102495815,0.0
SOL,HTX,MEXC,14,-9.299598513794612,-0.6642570366996151,-1.552963782025665,21.428571428571427,26.0,-35.29959851379461,2026-09-25,2026-10-08,-19.98401809860477,0.0,-25.00007692999246,0.0,-29.41442511463919,0.0
BTC,BITGET,OKX,14,-13.476574904535001,-0.9626124931810714,-1.067922385059,14.285714285714286,21.999999999999996,-35.476574904535,2026-09-25,2026-10-08,-22.495142591976997,0.0,-23.833722220286997,0.0,-26.763041946942998,0.0
XRP,HTX,GATE,14,-17.66121286203422,-1.2615152044310156,-0.9849999999999999,0.0,20.0,-37.66121286203422,2026-09-25,2026-10-08,-20.47121286203422,0.0,-22.44121286203422,0.0,-24.43,0.0
ADA,HTX,BITGET,14,-16.05,-1.1464285714285716,-0.4650000000000003,0.0,21.999999999999996,-38.05,2026-09-25,2026-10-08,-21.999999999999996,0.0,-25.949999999999996,0.0,-25.979999999999997,0.0
ARB,GATE,OKX,14,-18.881893201123,-1.3487066572230713,-1.5866282695640002,21.428571428571427,20.0,-38.881893201123,2026-09-25,2026-10-08,-18.702361268839,0.0,-21.865637407461,0.0,-22.969522573847,0.0
XRP,HTX,OKX,14,-19.50856997236522,-1.3934692837403728,-1.2889685074839998,7.142857142857143,20.0,-39.50856997236522,2026-09-25,2026-10-08,-20.50167773614922,0.0,-22.87626568171422,0.0,-27.50228414913522,0.0
XRP,BITGET,GATE,14,-17.57,-1.2550000000000001,-1.295,0.0,21.999999999999996,-39.56999999999999,2026-09-25,2026-10-08,-23.609999999999996,0.0,-25.009999999999998,0.0,-26.429999999999996,0.0
DOGE,BITGET,GATE,14,-18.78,-1.3414285714285714,-1.23,0.0,21.999999999999996,-40.78,2026-09-25,2026-10-08,-24.449999999999996,0.0,-26.799999999999997,0.0,-30.029999999999994,0.0
ETH,BITGET,OKX,14,-19.046806801561,-1.3604862001115001,-1.400070959088,0.0,21.999999999999996,-41.046806801561,2026-09-25,2026-10-08,-22.735073237981997,0.0,-25.345887018624996,0.0,-28.227574002440996,0.0
ETH,BITGET,GATE,14,-19.2,-1.3714285714285714,-1.145,7.142857142857143,21.999999999999996,-41.199999999999996,2026-09-25,2026-10-08,-23.709999999999997,0.0,-26.97,0.0,-30.819999999999997,0.0
XRP,BITGET,OKX,14,-19.417357110331,-1.386954079309357,-1.3638276956945,0.0,21.999999999999996,-41.417357110331,2026-09-25,2026-10-08,-23.548784841036998,0.0,-26.875052819679997,0.0,-30.175979661832997,0.0
OP,MEXC,GATE,14,-15.53,-1.1092857142857142,-0.7749999999999999,35.714285714285715,26.0,-41.53,2026-09-25,2026-10-08,-24.14,0.0,-27.79,0.0,-32.55,0.0
ETH,BITGET,HTX,14,-19.6128423357823,-1.4009173096987357,-1.400290790415545,14.285714285714286,21.999999999999996,-41.6128423357823,2026-09-25,2026-10-08,-21.831586366692466,0.0,-26.272464795524918,0.0,-31.495795443409285,0.0
BTC,BITGET,HTX,14,-20.85481394678657,-1.4896295676276121,-1.3924078962724449,14.285714285714286,21.999999999999996,-42.854813946786564,2026-09-25,2026-10-08,-23.827445076466546,0.0,-27.067219659312755,0.0,-29.15080456080768,0.0
ADA,HTX,MEXC,14,-17.86,-1.2757142857142856,-0.815,0.0,26.0,-43.86,2026-09-25,2026-10-08,-27.18,0.0,-29.41,0.0,-30.71,0.0
BTC,BITGET,GATE,14,-21.96,-1.5685714285714287,-1.9500000000000002,7.142857142857143,21.999999999999996,-43.959999999999994,2026-09-25,2026-10-08,-24.619999999999997,0.0,-27.239999999999995,0.0,-31.22,0.0
DOGE,BITGET,MEXC,14,-16.16,-1.1542857142857144,-0.8899999999999999,0.0,28.0,-44.16,2026-09-25,2026-10-08,-29.13,0.0,-31.85,0.0,-33.35,0.0
BTC,BITGET,MEXC,14,-16.63,-1.1878571428571427,-1.1600000000000001,14.285714285714286,28.0,-44.629999999999995,2026-09-25,2026-10-08,-29.82,0.0,-30.93,0.0,-33.55,0.0
ADA,HTX,GATE,14,-24.77,-1.7692857142857144,-2.075,0.0,20.0,-44.769999999999996,2026-09-25,2026-10-08,-22.06,0.0,-25.66,0.0,-28.73,0.0
ARB,GATE,MEXC,14,-18.81,-1.3435714285714284,-1.6,21.428571428571427,26.0,-44.81,2026-09-25,2026-10-08,-24.73,0.0,-27.79,0.0,-28.92,0.0
ETH,BITGET,MEXC,14,-17.09,-1.2207142857142856,-1.0100000000000002,14.285714285714286,28.0,-45.09,2026-09-25,2026-10-08,-28.92,0.0,-31.29,0.0,-33.95,0.0
OP,BITGET,MEXC,14,-18.259999999999998,-1.304285714285714,-0.7750000000000001,0.0,28.0,-46.26,2026-09-25,2026-10-08,-29.17,0.0,-30.88,0.0,-32.1,0.0
OP,BITGET,OKX,14,-27.002619867395,-1.9287585619567857,-1.942256961903,0.0,21.999999999999996,-49.002619867395,2026-09-25,2026-10-08,-23.074055644564996,0.0,-25.484588572008995,0.0,-29.369102495814996,0.0
XRP,HTX,MEXC,14,-23.16121286203422,-1.6543723472881584,-1.655,7.142857142857143,26.0,-49.16121286203422,2026-09-25,2026-10-08,-28.201212862034218,0.0,-31.30121286203422,0.0,-35.671212862034224,0.0
XRP,BITGET,MEXC,14,-23.07,-1.647857142857143,-1.88,0.0,28.0,-51.07,2026-09-25,2026-10-08,-30.38,0.0,-33.84,0.0,-37.94,0.0
ARB,BITGET,GATE,14,-31.94,-2.2814285714285716,-2.055,0.0,21.999999999999996,-53.94,2026-09-25,2026-10-08,-24.189999999999998,0.0,-31.429999999999996,0.0,-35.66,0.0
OP,BITGET,GATE,14,-33.79,-2.4135714285714287,-2.065,0.0,21.999999999999996,-55.78999999999999,2026-09-25,2026-10-08,-22.259999999999998,0.0,-30.08,0.0,-35.449999999999996,0.0
DOGE,HTX,BITGET,14,-35.76666914581298,-2.5547620818437844,0.0,0.0,21.999999999999996,-57.76666914581298,2026-09-25,2026-10-08,-21.999999999999996,0.0,-27.323601518559286,0.0,-27.323601518559286,0.0
ARB,HTX,BITGET,14,-39.79386045663465,-2.842418604045332,-0.2450000000000001,0.0,21.999999999999996,-61.79386045663465,2026-09-25,2026-10-08,-21.999999999999996,0.0,-22.919999999999995,0.0,-26.281634351222436,0.0
DOGE,HTX,OKX,14,-43.42315278614698,-3.10165377043907,-0.17726441416749994,0.0,20.0,-63.42315278614698,2026-09-25,2026-10-08,-20.0,0.0,-28.42669375240129,0.0,-29.37731337000929,0.0
ARB,BITGET,OKX,14,-50.821893201123004,-3.630135228651643,-3.6256039894515,0.0,21.999999999999996,-72.821893201123,2026-09-25,2026-10-08,-30.430820727801,0.0,-35.984576013174,0.0,-43.249522573846995,0.0
DOGE,HTX,GATE,14,-54.546669145812984,-3.896190653272356,-1.9100000000000001,0.0,20.0,-74.54666914581298,2026-09-25,2026-10-08,-22.45,0.0,-32.17360151855929,0.0,-37.21360151855929,0.0
DOGE,HTX,MEXC,14,-51.92666914581298,-3.7090477961294988,-1.15,0.0,26.0,-77.92666914581298,2026-09-25,2026-10-08,-27.13,0.0,-35.65360151855929,0.0,-36.92360151855929,0.0
ARB,BITGET,MEXC,14,-50.75,-3.625,-3.635,0.0,28.0,-78.75,2026-09-25,2026-10-08,-36.34,0.0,-41.95,0.0,-49.2,0.0
ARB,HTX,GATE,14,-71.73386045663464,-5.1238471754739034,-2.83531624303698,0.0,20.0,-91.73386045663464,2026-09-25,2026-10-08,-26.09,0.0,-31.13063248607396,0.0,-37.94163435122244,0.0
OP,HTX,BITGET,14,-69.90361845541644,-4.993115603958317,0.0,0.0,21.999999999999996,-91.90361845541644,2026-09-25,2026-10-08,-21.999999999999996,0.0,-21.999999999999996,0.0,-55.936013585334294,0.0
ARB,HTX,OKX,14,-90.61575365775765,-6.472553832696975,-4.5743113467585,0.0,20.0,-110.61575365775765,2026-09-25,2026-10-08,-30.332477981888,0.0,-38.875637407461,0.0,-53.85400497849844,0.0
OP,HTX,MEXC,14,-88.16361845541644,-6.297401318244032,-2.5549999999999997,0.0,26.0,-114.16361845541644,2026-09-25,2026-10-08,-27.22,0.0,-32.33,0.0,-67.48601358533429,0.0
ARB,HTX,MEXC,14,-90.54386045663465,-6.467418604045332,-4.565,0.0,26.0,-116.54386045663465,2026-09-25,2026-10-08,-36.31,0.0,-44.8,0.0,-59.83163435122244,0.0
OP,HTX,OKX,14,-96.90623832281143,-6.921874165915102,-2.7393805886413047,0.0,20.0,-116.90623832281143,2026-09-25,2026-10-08,-23.484588572009,0.0,-27.369102495815,0.0,-61.3051160811493,0.0
OP,HTX,GATE,14,-103.69361845541644,-7.406687032529746,-4.2393457179688045,0.0,20.0,-123.69361845541644,2026-09-25,2026-10-08,-27.788691435937608,0.0,-36.39,0.0,-70.3260135853343,0.0
