base,capital,long_provider,short_provider,long_symbol,short_symbol,long_funding_bps,short_funding_bps,funding_capture_bps_per_event,gross_basis_bps,roundtrip_fee_bps,net_after_1_funding_bps,funding_events_to_breakeven,net_after_3_funding_bps,net_after_6_funding_bps
ICP,1000.0,GATE,HTX,ICP/USDT:USDT,ICP/USDT:USDT,1.0,9.197539660602459,8.197539660602459,40.02760544025597,20.0,28.225145100858427,0.0,44.620224422063345,69.21284340387072
ICP,10000.0,GATE,HTX,ICP/USDT:USDT,ICP/USDT:USDT,1.0,9.197539660602459,8.197539660602459,38.19325515943328,20.0,26.390794820035737,0.0,42.785874141240654,67.37849312304803
ICP,1000.0,OKX,HTX,ICP/USDT:USDT,ICP/USDT:USDT,1.0,9.197539660602459,8.197539660602459,37.094497755350005,20.0,25.292037415952464,0.0,41.68711673715738,66.27973571896476
ICP,10000.0,OKX,HTX,ICP/USDT:USDT,ICP/USDT:USDT,1.0,9.197539660602459,8.197539660602459,35.26068336417776,20.0,23.458223024780217,0.0,39.853302345985135,64.44592132779252
ARB,1000.0,OKX,HTX,ARB/USDT:USDT,ARB/USDT:USDT,-0.072409382137,2.56771611095542,2.6401254930924196,38.4325581388989,20.0,21.072683631991318,0.0,26.352934618176157,34.273311097453416
HBAR,1000.0,GATE,HTX,HBAR/USDT:USDT,HBAR/USDT:USDT,1.0,12.29878011933168,11.29878011933168,25.27697091533332,20.0,16.575751034664997,0.0,39.17331127332835,73.0696516313234
ICP,1000.0,MEXC,HTX,ICP/USDT:USDT,ICP/USDT:USDT,1.0,9.197539660602459,8.197539660602459,34.16310333427486,26.0,16.360642994877317,0.0,32.755722316082235,57.34834129788962
HBAR,1000.0,OKX,HTX,HBAR/USDT:USDT,HBAR/USDT:USDT,-0.770435087354,12.29878011933168,13.069215206685682,22.627295233246247,20.0,15.696510439931927,0.0,41.834940853303294,81.04258647336033
ARB,1000.0,GATE,HTX,ARB/USDT:USDT,ARB/USDT:USDT,0.91,2.56771611095542,1.65771611095542,33.02083611206763,20.0,14.678552223023047,0.0,17.993984444933886,22.967132777800146
ICP,10000.0,MEXC,HTX,ICP/USDT:USDT,ICP/USDT:USDT,1.0,9.197539660602459,8.197539660602459,32.32982451973676,26.0,14.52736418033922,0.0,30.922443501544137,55.515062483351514
ICP,1000.0,BITGET,HTX,ICP/USDT:USDT,ICP/USDT:USDT,1.0,9.197539660602459,8.197539660602459,28.305448282708312,21.999999999999996,14.502987943310774,0.0,30.898067264515692,55.490686246323065
ARB,1000.0,MEXC,HTX,ARB/USDT:USDT,ARB/USDT:USDT,-0.06999999999999999,2.56771611095542,2.63771611095542,37.80254308017206,26.0,14.440259191127481,0.0,19.715691413038314,27.62883974590458
HBAR,1000.0,MEXC,HTX,HBAR/USDT:USDT,HBAR/USDT:USDT,0.74,12.29878011933168,11.55878011933168,27.12198508854069,26.0,12.68076520787237,0.0,35.79832544653573,70.47466580453076
OP,1000.0,OKX,HTX,OP/USDT:USDT,OP/USDT:USDT,0.525618998508,1.0,0.474381001492,29.81719327131538,20.0,10.291574272807377,0.0,11.240336275791378,12.663479280267381
ARB,1000.0,BITGET,HTX,ARB/USDT:USDT,ARB/USDT:USDT,1.0,2.56771611095542,1.56771611095542,30.163006930008507,21.999999999999996,9.73072304096393,0.0,12.866155262874774,17.56930359574103
OP,1000.0,MEXC,HTX,OP/USDT:USDT,OP/USDT:USDT,-0.33,1.0,1.33,33.265125935113545,26.0,8.595125935113543,0.0,11.255125935113547,15.245125935113549
HBAR,1000.0,BITGET,HTX,HBAR/USDT:USDT,HBAR/USDT:USDT,1.0,12.29878011933168,11.29878011933168,18.855495087819474,21.999999999999996,8.154275207151155,0.27830481511897226,30.75183544581451,64.64817580380955
ICP,10000.0,BITGET,HTX,ICP/USDT:USDT,ICP/USDT:USDT,1.0,9.197539660602459,8.197539660602459,21.26865513562448,21.999999999999996,7.466194796226944,0.08921516633708688,23.861274117431865,48.45389309923924
ARB,10000.0,MEXC,HTX,ARB/USDT:USDT,ARB/USDT:USDT,-0.06999999999999999,2.56771611095542,2.63771611095542,24.238930106179613,26.0,0.8766462171350327,0.6676495194103742,6.152078439045873,14.065226771912137
OP,10000.0,MEXC,HTX,OP/USDT:USDT,OP/USDT:USDT,-0.33,1.0,1.33,22.605684808965076,26.0,-2.064315191034922,2.5521166849886643,0.5956848089650748,4.585684808965077
BCH,1000.0,GATE,MEXC,BCH/USDT:USDT,BCH/USDT:USDT,-0.62,0.11,0.73,22.841333161756072,26.0,-2.4286668382439274,4.32694087430675,-0.9686668382439265,1.2213331617560712
BCH,10000.0,GATE,MEXC,BCH/USDT:USDT,BCH/USDT:USDT,-0.62,0.11,0.73,22.689282612191608,26.0,-2.5807173878083915,4.5352292983676605,-1.1207173878083907,1.069282612191607
OP,10000.0,OKX,HTX,OP/USDT:USDT,OP/USDT:USDT,0.525618998508,1.0,0.474381001492,15.70590981665232,20.0,-3.819709181855682,9.051985998263246,-2.870947178871681,-1.4478041743956815
FIL,1000.0,OKX,HTX,FIL/USDT:USDT,FIL/USDT:USDT,0.7971538681129999,1.0,0.2028461318870001,15.94597129725095,20.0,-3.8511825708620506,19.98573334889835,-3.4454903070880505,-2.8369519114270503
FIL,10000.0,OKX,HTX,FIL/USDT:USDT,FIL/USDT:USDT,0.7971538681129999,1.0,0.2028461318870001,15.94597129725095,20.0,-3.8511825708620506,19.98573334889835,-3.4454903070880505,-2.8369519114270503
ARB,10000.0,GATE,HTX,ARB/USDT:USDT,ARB/USDT:USDT,0.91,2.56771611095542,1.65771611095542,13.48031696693397,20.0,-4.861966922110611,3.9329309704955633,-1.5465347001997714,3.4266136326664878
ARB,10000.0,BITGET,HTX,ARB/USDT:USDT,ARB/USDT:USDT,1.0,2.56771611095542,1.56771611095542,15.054141394812426,21.999999999999996,-5.378142494232151,4.430558923678169,-2.242710272321311,2.4604380605449485
SUI,1000.0,OKX,BITGET,SUI/USDT:USDT,SUI/USDT:USDT,-0.22512134961400002,1.0,1.225121349614,12.532815405965625,21.999999999999996,-8.242063244420372,7.72754845633635,-5.7918205451923725,-2.11645649635037
AAVE,1000.0,GATE,HTX,AAVE/USDT:USDT,AAVE/USDT:USDT,-0.26999999999999996,1.0,1.27,9.404535236678946,20.0,-9.325464763321055,8.342885640410278,-6.785464763321054,-2.975464763321053
SUI,1000.0,OKX,HTX,SUI/USDT:USDT,SUI/USDT:USDT,-0.22512134961400002,1.0,1.225121349614,8.889281245569869,20.0,-9.885597404816131,9.069076102486331,-7.43535470558813,-3.7599906567461296
AAVE,10000.0,GATE,HTX,AAVE/USDT:USDT,AAVE/USDT:USDT,-0.26999999999999996,1.0,1.27,8.216642285441278,20.0,-10.513357714558722,9.27823442091238,-7.9733577145587216,-4.163357714558721
SUI,10000.0,OKX,BITGET,SUI/USDT:USDT,SUI/USDT:USDT,-0.22512134961400002,1.0,1.225121349614,9.845788003384204,21.999999999999996,-10.929090647001793,9.92082294578021,-8.478847947773792,-4.803483898931791
AAVE,1000.0,BITGET,HTX,AAVE/USDT:USDT,AAVE/USDT:USDT,0.8,1.0,0.19999999999999998,10.618726954927382,21.999999999999996,-11.181273045072615,56.906365225363075,-10.781273045072615,-10.181273045072615
AAVE,1000.0,OKX,HTX,AAVE/USDT:USDT,AAVE/USDT:USDT,-0.394907796324,1.0,1.3949077963240002,6.2877000447891795,20.0,-12.31739215888682,9.830255441504333,-9.527576566238821,-5.34285317726682
AAVE,10000.0,OKX,HTX,AAVE/USDT:USDT,AAVE/USDT:USDT,-0.394907796324,1.0,1.3949077963240002,5.729345729330593,20.0,-12.875746474345407,10.230535887946756,-10.085930881697408,-5.901207492725407
AAVE,10000.0,BITGET,HTX,AAVE/USDT:USDT,AAVE/USDT:USDT,0.8,1.0,0.19999999999999998,8.060533463318809,21.999999999999996,-13.739466536681189,69.69733268340595,-13.339466536681188,-12.739466536681189
SUI,10000.0,OKX,HTX,SUI/USDT:USDT,SUI/USDT:USDT,-0.22512134961400002,1.0,1.225121349614,4.99590028901542,20.0,-13.77897836137058,12.247031459954504,-11.328735662142579,-7.653371613300578
SUI,1000.0,GATE,BITGET,SUI/USDT:USDT,SUI/USDT:USDT,-0.19,1.0,1.1900000000000002,6.941016384913734,21.999999999999996,-13.868983615086263,12.65460807990442,-11.488983615086262,-7.918983615086262
LINK,1000.0,GATE,OKX,LINK/USDT:USDT,LINK/USDT:USDT,-0.5599999999999999,1.0,1.56,3.1298054204320636,20.0,-15.310194579567936,10.814227294594831,-12.190194579567937,-7.510194579567937
SUI,1000.0,GATE,HTX,SUI/USDT:USDT,SUI/USDT:USDT,-0.19,1.0,1.1900000000000002,3.2995170653649097,20.0,-15.510482934635089,14.034019272802595,-13.13048293463509,-9.56048293463509
APT,1000.0,GATE,HTX,APT/USDT:USDT,APT/USDT:USDT,0.4,1.0,0.6,2.823502668118927,20.0,-16.57649733188107,28.627495553135123,-15.376497331881072,-13.576497331881074
BTC,1000.0,HTX,BITGET,BTC/USDT:USDT,BTC/USDT:USDT,-0.59930937722926,1.0,1.59930937722926,3.4014620319267053,21.999999999999996,-16.99922859084403,11.629105808342423,-13.800609836385512,-9.002681704697732
BTC,10000.0,HTX,BITGET,BTC/USDT:USDT,BTC/USDT:USDT,-0.59930937722926,1.0,1.59930937722926,3.4014620319267053,21.999999999999996,-16.99922859084403,11.629105808342423,-13.800609836385512,-9.002681704697732
SUI,1000.0,MEXC,BITGET,SUI/USDT:USDT,SUI/USDT:USDT,-0.32,1.0,1.32,9.53950221142863,28.0,-17.14049778857137,13.985225597402552,-14.50049778857137,-10.540497788571372
SUI,10000.0,GATE,BITGET,SUI/USDT:USDT,SUI/USDT:USDT,-0.19,1.0,1.1900000000000002,3.4682257392959492,21.999999999999996,-17.341774260704046,15.572919546810121,-14.961774260704047,-11.391774260704047
AAVE,1000.0,MEXC,HTX,AAVE/USDT:USDT,AAVE/USDT:USDT,-0.09,1.0,1.09,7.534201159711262,26.0,-17.375798840288738,16.941099853475905,-15.195798840288738,-11.925798840288737
ETH,1000.0,HTX,GATE,ETH/USDT:USDT,ETH/USDT:USDT,-0.22271050369356,0.21,0.43271050369355996,2.0800059428749407,20.0,-17.4872835534315,41.41335582141489,-16.62186254604438,-15.3237310349637
ETH,10000.0,HTX,GATE,ETH/USDT:USDT,ETH/USDT:USDT,-0.22271050369356,0.21,0.43271050369355996,2.0800059428749407,20.0,-17.4872835534315,41.41335582141489,-16.62186254604438,-15.3237310349637
ARB,1000.0,OKX,BITGET,ARB/USDT:USDT,ARB/USDT:USDT,-0.072409382137,1.0,1.072409382137,3.294351593465805,21.999999999999996,-17.63323902439719,17.442637781906825,-15.488420260123192,-12.27119211371219
XRP,1000.0,OKX,HTX,XRP/USDT:USDT,XRP/USDT:USDT,0.877839300772,1.0,0.12216069922800006,2.065901276515625,20.0,-17.811938024256374,146.807433461168,-17.567616625800376,-17.201134528116373
AAVE,10000.0,MEXC,HTX,AAVE/USDT:USDT,AAVE/USDT:USDT,-0.09,1.0,1.09,6.9757772890577385,26.0,-17.93422271094226,17.453415331139688,-15.754222710942262,-12.48422271094226
BTC,1000.0,HTX,OKX,BTC/USDT:USDT,BTC/USDT:USDT,-0.59930937722926,0.360172626402,0.9594820036312599,1.0383410413239424,20.0,-18.0021769550448,19.762391464262674,-16.08321294778228,-13.204766936888499
BTC,10000.0,HTX,OKX,BTC/USDT:USDT,BTC/USDT:USDT,-0.59930937722926,0.360172626402,0.9594820036312599,1.0383410413239424,20.0,-18.0021769550448,19.762391464262674,-16.08321294778228,-13.204766936888499
SUI,1000.0,OKX,GATE,SUI/USDT:USDT,SUI/USDT:USDT,-0.22512134961400002,-0.19,0.03512134961399999,1.871277510454572,20.0,-18.09360113993143,516.1738568929879,-18.02335844070343,-17.917994391861427
SUI,10000.0,MEXC,BITGET,SUI/USDT:USDT,SUI/USDT:USDT,-0.32,1.0,1.32,8.516221451264627,28.0,-18.163778548735372,14.760438294496494,-15.523778548735372,-11.563778548735371
BTC,1000.0,HTX,GATE,BTC/USDT:USDT,BTC/USDT:USDT,-0.59930937722926,0.02,0.61930937722926,0.9906012233340533,20.0,-18.390089399436686,30.694511460027385,-17.15147064497817,-15.293542513290387
BTC,10000.0,HTX,GATE,BTC/USDT:USDT,BTC/USDT:USDT,-0.59930937722926,0.02,0.61930937722926,0.9906012233340533,20.0,-18.390089399436686,30.694511460027385,-17.15147064497817,-15.293542513290387
BTC,1000.0,GATE,BITGET,BTC/USDT:USDT,BTC/USDT:USDT,0.02,1.0,0.9800000000000001,2.398685377209553,21.999999999999996,-18.621314622790443,20.00134145182698,-16.661314622790442,-13.721314622790443
BTC,10000.0,GATE,BITGET,BTC/USDT:USDT,BTC/USDT:USDT,0.02,1.0,0.9800000000000001,2.398685377209553,21.999999999999996,-18.621314622790443,20.00134145182698,-16.661314622790442,-13.721314622790443
BCH,1000.0,GATE,BITGET,BCH/USDT:USDT,BCH/USDT:USDT,-0.62,1.0,1.62,1.6548965712814834,21.999999999999996,-18.725103428718512,12.558705820196613,-15.485103428718514,-10.625103428718512
SUI,1000.0,MEXC,HTX,SUI/USDT:USDT,SUI/USDT:USDT,-0.32,1.0,1.32,5.897057309771636,26.0,-18.782942690228364,15.22950203805179,-16.142942690228363,-12.182942690228364
ETH,1000.0,HTX,BITGET,ETH/USDT:USDT,ETH/USDT:USDT,-0.22271050369356,1.0,1.2227105036935602,1.9685770530752933,21.999999999999996,-18.808712443231144,16.382801068947916,-16.363291435844022,-12.695159924763342
ETH,10000.0,HTX,BITGET,ETH/USDT:USDT,ETH/USDT:USDT,-0.22271050369356,1.0,1.2227105036935602,1.9685770530752933,21.999999999999996,-18.808712443231144,16.382801068947916,-16.363291435844022,-12.695159924763342
ETH,1000.0,HTX,OKX,ETH/USDT:USDT,ETH/USDT:USDT,-0.22271050369356,0.5265918476929999,0.74930235138656,0.408572595920198,20.0,-18.84212505269324,26.14622437501563,-17.343520349920123,-15.095613295760442
ETH,10000.0,HTX,OKX,ETH/USDT:USDT,ETH/USDT:USDT,-0.22271050369356,0.5265918476929999,0.74930235138656,0.408572595920198,20.0,-18.84212505269324,26.14622437501563,-17.343520349920123,-15.095613295760442
BTC,1000.0,OKX,BITGET,BTC/USDT:USDT,BTC/USDT:USDT,0.360172626402,1.0,0.639827373598,2.35093912261064,21.999999999999996,-19.009233503791357,30.7099409750086,-17.729578756595355,-15.810096635801356
BTC,10000.0,OKX,BITGET,BTC/USDT:USDT,BTC/USDT:USDT,0.360172626402,1.0,0.639827373598,2.35093912261064,21.999999999999996,-19.009233503791357,30.7099409750086,-17.729578756595355,-15.810096635801356
AVAX,1000.0,OKX,GATE,AVAX/USDT:USDT,AVAX/USDT:USDT,0.25456497808899997,0.8200000000000001,0.565435021911,0.0074047567166779515,20.0,-19.427160221372322,35.357900498830745,-18.296290177550322,-16.599985111817322
HBAR,1000.0,OKX,BITGET,HBAR/USDT:USDT,HBAR/USDT:USDT,-0.770435087354,1.0,1.7704350873539998,0.6399008728452671,21.999999999999996,-19.58966403980073,12.064886919451208,-16.04879386509273,-10.73748860303073
BTC,1000.0,GATE,OKX,BTC/USDT:USDT,BTC/USDT:USDT,0.02,0.360172626402,0.34017262640199997,0.035801274287372564,20.0,-19.624026099310626,58.68843397798822,-18.943680846506627,-17.923162967300627
BTC,10000.0,GATE,OKX,BTC/USDT:USDT,BTC/USDT:USDT,0.02,0.360172626402,0.34017262640199997,0.035801274287372564,20.0,-19.624026099310626,58.68843397798822,-18.943680846506627,-17.923162967300627
XRP,1000.0,OKX,BITGET,XRP/USDT:USDT,XRP/USDT:USDT,0.877839300772,1.0,0.12216069922800006,2.01223251190763,21.999999999999996,-19.865606788864365,163.6186401551886,-19.621285390408367,-19.254803292724365
ETH,1000.0,OKX,BITGET,ETH/USDT:USDT,ETH/USDT:USDT,0.5265918476929999,1.0,0.47340815230700006,1.5227936206074766,21.999999999999996,-20.003798227085518,43.25486639721674,-19.05698192247152,-17.63675746555052
ETH,10000.0,OKX,BITGET,ETH/USDT:USDT,ETH/USDT:USDT,0.5265918476929999,1.0,0.47340815230700006,1.5227936206074766,21.999999999999996,-20.003798227085518,43.25486639721674,-19.05698192247152,-17.63675746555052
SUI,10000.0,GATE,HTX,SUI/USDT:USDT,SUI/USDT:USDT,-0.19,1.0,1.1900000000000002,-1.3785719713366174,20.0,-20.188571971336618,17.96518653053497,-17.80857197133662,-14.238571971336617
TRX,1000.0,HTX,BITGET,TRX/USDT:USDT,TRX/USDT:USDT,-2.78102743964409,1.0,3.7810274396440895,-2.020269397383645,21.999999999999996,-20.23924195773955,6.352841861323462,-12.677187078451373,-1.3341047595191036
XRP,1000.0,OKX,GATE,XRP/USDT:USDT,XRP/USDT:USDT,0.877839300772,1.0,0.12216069922800006,-0.8553892021589959,20.0,-20.733228502930995,170.7209383537877,-20.488907104474997,-20.122425006790994
FIL,1000.0,OKX,GATE,FIL/USDT:USDT,FIL/USDT:USDT,0.7971538681129999,1.0,0.2028461318870001,-0.9379983116031276,20.0,-20.735152179716128,103.22108741648128,-20.329459915942127,-19.720921520281127
FIL,10000.0,OKX,GATE,FIL/USDT:USDT,FIL/USDT:USDT,0.7971538681129999,1.0,0.2028461318870001,-0.9379983116031276,20.0,-20.735152179716128,103.22108741648128,-20.329459915942127,-19.720921520281127
LINK,1000.0,GATE,BITGET,LINK/USDT:USDT,LINK/USDT:USDT,-0.5599999999999999,1.0,1.56,-0.3449513551079253,21.999999999999996,-20.78495135510792,14.323686766094822,-17.664951355107924,-12.984951355107922
SUI,10000.0,MEXC,HTX,SUI/USDT:USDT,SUI/USDT:USDT,-0.32,1.0,1.32,3.6669779274878245,26.0,-21.013022072512175,16.918956115539526,-18.373022072512175,-14.413022072512176
AVAX,1000.0,BITGET,GATE,AVAX/USDT:USDT,AVAX/USDT:USDT,0.19,0.8200000000000001,0.63,0.16640487445540586,21.999999999999996,-21.20359512554459,34.656500199277126,-19.94359512554459,-18.05359512554459
APT,1000.0,MEXC,HTX,APT/USDT:USDT,APT/USDT:USDT,0.43,1.0,0.5700000000000001,4.0740119196081,26.0,-21.3559880803919,38.4666457550735,-20.2159880803919,-18.5059880803919
ETH,1000.0,GATE,BITGET,ETH/USDT:USDT,ETH/USDT:USDT,0.21,1.0,0.7900000000000001,-0.14854040484624242,21.999999999999996,-21.358540404846238,28.036127094742067,-19.77854040484624,-17.40854040484624
ETH,10000.0,GATE,BITGET,ETH/USDT:USDT,ETH/USDT:USDT,0.21,1.0,0.7900000000000001,-0.14854040484624242,21.999999999999996,-21.358540404846238,28.036127094742067,-19.77854040484624,-17.40854040484624
ETH,1000.0,GATE,OKX,ETH/USDT:USDT,ETH/USDT:USDT,0.21,0.5265918476929999,0.31659184769300003,-1.7082146557390043,20.0,-21.391622808046005,68.5684575074388,-20.758439112660003,-19.808663569581004
ETH,10000.0,GATE,OKX,ETH/USDT:USDT,ETH/USDT:USDT,0.21,0.5265918476929999,0.31659184769300003,-1.7082146557390043,20.0,-21.391622808046005,68.5684575074388,-20.758439112660003,-19.808663569581004
SOL,1000.0,OKX,BITGET,SOL/USDT:USDT,SOL/USDT:USDT,0.831771823601,1.0,0.1682281763990001,0.3347560465294386,21.999999999999996,-21.497015777071557,128.78487074653523,-21.160559424273558,-20.655874895076558
SOL,10000.0,OKX,BITGET,SOL/USDT:USDT,SOL/USDT:USDT,0.831771823601,1.0,0.1682281763990001,0.3101775413716368,21.999999999999996,-21.52159428222936,128.9309729375232,-21.18513792943136,-20.68045340023436
SOL,1000.0,OKX,HTX,SOL/USDT:USDT,SOL/USDT:USDT,0.831771823601,1.0,0.1682281763990001,-1.758061876404593,20.0,-21.58983370000559,129.33660901607394,-21.253377347207593,-20.748692818010593
BCH,10000.0,GATE,BITGET,BCH/USDT:USDT,BCH/USDT:USDT,-0.62,1.0,1.62,-1.2166494590426513,21.999999999999996,-21.59664945904265,14.331265098174475,-18.356649459042647,-13.496649459042647
LINK,1000.0,MEXC,OKX,LINK/USDT:USDT,LINK/USDT:USDT,-0.23,1.0,1.23,2.779708130646874,26.0,-21.990291869353126,18.87828607264482,-19.530291869353128,-15.840291869353127
SOL,10000.0,OKX,HTX,SOL/USDT:USDT,SOL/USDT:USDT,0.831771823601,1.0,0.1682281763990001,-2.2233236687807523,20.0,-22.055095492381753,132.102268148422,-21.71863913958375,-21.21395461038675
APT,1000.0,GATE,OKX,APT/USDT:USDT,APT/USDT:USDT,0.4,1.0,0.6,-3.0325968150546334,20.0,-22.432596815054634,38.38766135842439,-21.232596815054634,-19.432596815054634
ETH,1000.0,HTX,MEXC,ETH/USDT:USDT,ETH/USDT:USDT,-0.22271050369356,0.69,0.91271050369356,2.5628644653252763,26.0,-22.524425030981163,25.678608320852277,-20.699004023594043,-17.96087251251336
ETH,10000.0,HTX,MEXC,ETH/USDT:USDT,ETH/USDT:USDT,-0.22271050369356,0.69,0.91271050369356,2.5628644653252763,26.0,-22.524425030981163,25.678608320852277,-20.699004023594043,-17.96087251251336
HBAR,1000.0,MEXC,BITGET,HBAR/USDT:USDT,HBAR/USDT:USDT,0.74,1.0,0.26000000000000006,5.124730387584542,28.0,-22.61526961241546,87.98180620159789,-22.095269612415457,-21.315269612415456
BTC,1000.0,HTX,MEXC,BTC/USDT:USDT,BTC/USDT:USDT,-0.59930937722926,0.39,0.98930937722926,2.339251081606708,26.0,-22.671439541164034,23.91643045440396,-20.69282078670551,-17.724892655017733
BTC,10000.0,HTX,MEXC,BTC/USDT:USDT,BTC/USDT:USDT,-0.59930937722926,0.39,0.98930937722926,2.339251081606708,26.0,-22.671439541164034,23.91643045440396,-20.69282078670551,-17.724892655017733
BCH,1000.0,GATE,OKX,BCH/USDT:USDT,BCH/USDT:USDT,-0.62,1.0,1.62,-4.503924848796581,20.0,-22.883924848796582,15.125879536294184,-19.64392484879658,-14.78392484879658
LTC,1000.0,MEXC,GATE,LTC/USDT:USDT,LTC/USDT:USDT,0.87,1.0,0.13000000000000003,2.9620853080580822,26.0,-22.90791469194192,177.21472839955317,-22.647914691941917,-22.257914691941917
SOL,1000.0,GATE,OKX,SOL/USDT:USDT,SOL/USDT:USDT,0.74,0.831771823601,0.09177182360099999,-3.0468206157951983,20.0,-22.955048792194198,251.1317712939516,-22.771505144992197,-22.4961896741892
BCH,10000.0,GATE,OKX,BCH/USDT:USDT,BCH/USDT:USDT,-0.62,1.0,1.62,-4.655560559756466,20.0,-23.035560559756465,15.219481827010163,-19.795560559756467,-14.935560559756466
ARB,1000.0,OKX,GATE,ARB/USDT:USDT,ARB/USDT:USDT,-0.072409382137,0.91,0.982409382137,-4.0875664485806595,20.0,-23.10515706644366,24.51886849470415,-21.14033830216966,-18.19311015575866
LINK,10000.0,MEXC,OKX,LINK/USDT:USDT,LINK/USDT:USDT,-0.23,1.0,1.23,1.1786937838320632,26.0,-23.591306216167936,20.179923752982063,-21.131306216167935,-17.441306216167938
SOL,1000.0,GATE,BITGET,SOL/USDT:USDT,SOL/USDT:USDT,0.74,1.0,0.26000000000000006,-1.8754334002668571,21.999999999999996,-23.615433400266852,91.82859000102634,-23.095433400266852,-22.315433400266855
SOL,10000.0,GATE,OKX,SOL/USDT:USDT,SOL/USDT:USDT,0.74,0.831771823601,0.09177182360099999,-3.7232427005795543,20.0,-23.631470876978554,258.50246589543696,-23.447927229776553,-23.172611758973556
LINK,10000.0,GATE,OKX,LINK/USDT:USDT,LINK/USDT:USDT,-0.5599999999999999,1.0,1.56,-5.2612585355305,20.0,-23.7012585355305,16.193114445852885,-20.5812585355305,-15.9012585355305
SOL,1000.0,GATE,HTX,SOL/USDT:USDT,SOL/USDT:USDT,0.74,1.0,0.26000000000000006,-3.9677887862765715,20.0,-23.70778878627657,92.18380302414063,-23.18778878627657,-22.40778878627657
ETH,1000.0,OKX,MEXC,ETH/USDT:USDT,ETH/USDT:USDT,0.5265918476929999,0.69,0.163408152307,2.117054545722752,26.0,-23.71953730197025,146.15516494799851,-23.39272099735625,-22.902496540435248
ETH,10000.0,OKX,MEXC,ETH/USDT:USDT,ETH/USDT:USDT,0.5265918476929999,0.69,0.163408152307,2.117054545722752,26.0,-23.71953730197025,146.15516494799851,-23.39272099735625,-22.902496540435248
TRX,1000.0,HTX,MEXC,TRX/USDT:USDT,TRX/USDT:USDT,-2.78102743964409,0.88,3.6610274396440894,-1.4318067881657903,26.0,-23.7707793485217,7.492925753878699,-16.44872446923352,-5.465642150301253
LTC,10000.0,MEXC,GATE,LTC/USDT:USDT,LTC/USDT:USDT,0.87,1.0,0.13000000000000003,1.9311295548596341,26.0,-23.938870445140367,185.14515727031045,-23.678870445140365,-23.288870445140365
ARB,1000.0,GATE,BITGET,ARB/USDT:USDT,ARB/USDT:USDT,0.91,1.0,0.09000000000000002,-2.0984274155955163,21.999999999999996,-24.008427415595513,267.76030461772785,-23.828427415595513,-23.558427415595514
AVAX,1000.0,BITGET,MEXC,AVAX/USDT:USDT,AVAX/USDT:USDT,0.19,0.24000000000000002,0.049999999999999996,3.74425015685409,28.0,-24.20574984314591,485.11499686291825,-24.10574984314591,-23.95574984314591
ARB,1000.0,MEXC,BITGET,ARB/USDT:USDT,ARB/USDT:USDT,-0.06999999999999999,1.0,1.07,2.6665418191917922,28.0,-24.263458180808207,23.676129140942248,-22.123458180808207,-18.913458180808206
BTC,1000.0,GATE,MEXC,BTC/USDT:USDT,BTC/USDT:USDT,0.02,0.39,0.37,1.3365809067034107,26.0,-24.29341909329659,66.65788944134214,-23.55341909329659,-22.44341909329659
BTC,10000.0,GATE,MEXC,BTC/USDT:USDT,BTC/USDT:USDT,0.02,0.39,0.37,1.3365809067034107,26.0,-24.29341909329659,66.65788944134214,-23.55341909329659,-22.44341909329659
XRP,1000.0,MEXC,HTX,XRP/USDT:USDT,XRP/USDT:USDT,0.68,1.0,0.32000000000000006,1.3764163877461044,26.0,-24.303583612253895,76.94869878829341,-23.663583612253895,-22.703583612253894
SOL,10000.0,GATE,BITGET,SOL/USDT:USDT,SOL/USDT:USDT,0.74,1.0,0.26000000000000006,-2.5765061547600165,21.999999999999996,-24.316506154760013,94.52502367215386,-23.796506154760014,-23.016506154760012
AVAX,1000.0,BITGET,OKX,AVAX/USDT:USDT,AVAX/USDT:USDT,0.19,0.25456497808899997,0.06456497808899998,-2.401968362832907,21.999999999999996,-24.337403384743904,377.9443451401139,-24.208273428565903,-24.014578494298902
LTC,1000.0,MEXC,HTX,LTC/USDT:USDT,LTC/USDT:USDT,0.87,1.0,0.13000000000000003,1.4810426540301513,26.0,-24.38895734596985,188.60736419976803,-24.128957345969848,-23.738957345969848
LTC,10000.0,MEXC,HTX,LTC/USDT:USDT,LTC/USDT:USDT,0.87,1.0,0.13000000000000003,1.4810426540301513,26.0,-24.38895734596985,188.60736419976803,-24.128957345969848,-23.738957345969848
AAVE,1000.0,GATE,MEXC,AAVE/USDT:USDT,AAVE/USDT:USDT,-0.26999999999999996,-0.09,0.17999999999999997,1.2459506603534898,26.0,-24.57404933964651,137.52249633136952,-24.21404933964651,-23.67404933964651
BTC,1000.0,OKX,MEXC,BTC/USDT:USDT,BTC/USDT:USDT,0.360172626402,0.39,0.029827373598000015,1.2888397220400805,26.0,-24.68133290436192,828.4725504499951,-24.62167815716592,-24.532196036371918
BTC,10000.0,OKX,MEXC,BTC/USDT:USDT,BTC/USDT:USDT,0.360172626402,0.39,0.029827373598000015,1.2888397220400805,26.0,-24.68133290436192,828.4725504499951,-24.62167815716592,-24.532196036371918
AVAX,10000.0,OKX,GATE,AVAX/USDT:USDT,AVAX/USDT:USDT,0.25456497808899997,0.8200000000000001,0.565435021911,-5.299476627019795,20.0,-24.734041605108793,44.74338455639904,-23.603171561286793,-21.906866495553793
BCH,1000.0,GATE,HTX,BCH/USDT:USDT,BCH/USDT:USDT,-0.62,1.0,1.62,-6.43417835542337,20.0,-24.81417835542337,16.317394046557634,-21.57417835542337,-16.71417835542337
SOL,10000.0,GATE,HTX,SOL/USDT:USDT,SOL/USDT:USDT,0.74,1.0,0.26000000000000006,-5.109276045933697,20.0,-24.8492760459337,96.5741386382065,-24.329276045933696,-23.549276045933695
LTC,1000.0,MEXC,BITGET,LTC/USDT:USDT,LTC/USDT:USDT,0.87,1.0,0.13000000000000003,2.9620853080580822,28.0,-24.90791469194192,192.59934378416855,-24.647914691941917,-24.257914691941917
ETH,1000.0,GATE,MEXC,ETH/USDT:USDT,ETH/USDT:USDT,0.21,0.69,0.48000000000000004,0.4456212145398375,26.0,-25.074378785460162,53.238289136375336,-24.11437878546016,-22.674378785460163
ETH,10000.0,GATE,MEXC,ETH/USDT:USDT,ETH/USDT:USDT,0.21,0.69,0.48000000000000004,0.4456212145398375,26.0,-25.074378785460162,53.238289136375336,-24.11437878546016,-22.674378785460163
APT,10000.0,GATE,HTX,APT/USDT:USDT,APT/USDT:USDT,0.4,1.0,0.6,-5.684749662926425,20.0,-25.084749662926427,42.80791610487738,-23.884749662926424,-22.084749662926427
AAVE,10000.0,GATE,MEXC,AAVE/USDT:USDT,AAVE/USDT:USDT,-0.26999999999999996,-0.09,0.17999999999999997,0.6170638430380571,26.0,-25.202936156961943,141.01631198312194,-24.842936156961944,-24.302936156961945
AAVE,1000.0,OKX,GATE,AAVE/USDT:USDT,AAVE/USDT:USDT,-0.394907796324,-0.26999999999999996,0.12490779632400004,-5.605032073239258,20.0,-25.48012427691526,204.99146431838423,-25.230308684267257,-24.855585295295256
HBAR,10000.0,MEXC,BITGET,HBAR/USDT:USDT,HBAR/USDT:USDT,0.74,1.0,0.26000000000000006,2.167966041322078,28.0,-25.57203395867792,99.35397676414583,-25.05203395867792,-24.272033958677923
AAVE,1000.0,GATE,BITGET,AAVE/USDT:USDT,AAVE/USDT:USDT,-0.26999999999999996,0.8,1.07,-4.687209194839115,21.999999999999996,-25.617209194839113,24.941317004522535,-23.477209194839112,-20.26720919483911
SUI,10000.0,OKX,GATE,SUI/USDT:USDT,SUI/USDT:USDT,-0.22512134961400002,-0.19,0.03512134961399999,-5.887516620004529,20.0,-25.85239527039053,737.0877515961205,-25.78215257116253,-25.67678852232053
ARB,1000.0,OKX,MEXC,ARB/USDT:USDT,ARB/USDT:USDT,-0.072409382137,-0.06999999999999999,0.002409382137,0.13666947926704864,26.0,-25.860921138595952,10734.42444996966,-25.856102374321953,-25.84887422791095
AVAX,1000.0,OKX,HTX,AVAX/USDT:USDT,AVAX/USDT:USDT,0.25456497808899997,1.0,0.7454350219110001,-6.674717370542815,20.0,-25.929282348631816,35.78409463799998,-24.438412304809816,-22.202107239076817
LINK,1000.0,GATE,MEXC,LINK/USDT:USDT,LINK/USDT:USDT,-0.5599999999999999,-0.23,0.33,-0.3449513551079253,26.0,-26.014951355107925,79.83318592456946,-25.354951355107925,-24.364951355107927
AVAX,10000.0,BITGET,MEXC,AVAX/USDT:USDT,AVAX/USDT:USDT,0.19,0.24000000000000002,0.049999999999999996,1.80759999999891,28.0,-26.14240000000109,523.8480000000219,-26.04240000000109,-25.89240000000109
APT,10000.0,MEXC,HTX,APT/USDT:USDT,APT/USDT:USDT,0.43,1.0,0.5700000000000001,-0.717994481200801,26.0,-26.1479944812008,46.873674528422455,-25.0079944812008,-23.2979944812008
AAVE,10000.0,OKX,GATE,AAVE/USDT:USDT,AAVE/USDT:USDT,-0.394907796324,-0.26999999999999996,0.12490779632400004,-6.370900559407033,20.0,-26.245992763083034,211.12293496078655,-25.996177170435033,-25.621453781463032
XRP,10000.0,OKX,BITGET,XRP/USDT:USDT,XRP/USDT:USDT,0.877839300772,1.0,0.12216069922800006,-4.3781007444698705,21.999999999999996,-26.255940045241868,215.92951670355066,-26.011618646785866,-25.645136549101867
BTC,1000.0,MEXC,BITGET,BTC/USDT:USDT,BTC/USDT:USDT,0.39,1.0,0.6100000000000001,1.0500291144444063,28.0,-26.339970885555594,44.180280140255064,-25.119970885555595,-23.289970885555594
BTC,10000.0,MEXC,BITGET,BTC/USDT:USDT,BTC/USDT:USDT,0.39,1.0,0.6100000000000001,1.0500291144444063,28.0,-26.339970885555594,44.180280140255064,-25.119970885555595,-23.289970885555594
XRP,1000.0,MEXC,BITGET,XRP/USDT:USDT,XRP/USDT:USDT,0.68,1.0,0.32000000000000006,1.3227513227520582,28.0,-26.35724867724794,83.3664021163998,-25.71724867724794,-24.75724867724794
XRP,10000.0,MEXC,BITGET,XRP/USDT:USDT,XRP/USDT:USDT,0.68,1.0,0.32000000000000006,1.3227513227520582,28.0,-26.35724867724794,83.3664021163998,-25.71724867724794,-24.75724867724794
SOL,1000.0,GATE,MEXC,SOL/USDT:USDT,SOL/USDT:USDT,0.74,0.83,0.09000000000000002,-0.5367051539484358,26.0,-26.446705153948436,294.8522794883159,-26.266705153948436,-25.996705153948437
AVAX,10000.0,BITGET,GATE,AVAX/USDT:USDT,AVAX/USDT:USDT,0.19,0.8200000000000001,0.63,-5.23762022905272,21.999999999999996,-26.607620229052717,43.2343178238932,-25.347620229052716,-23.457620229052715
OP,1000.0,MEXC,OKX,OP/USDT:USDT,OP/USDT:USDT,-0.33,0.525618998508,0.8556189985079999,-1.5436959365144887,26.0,-26.68807693800649,32.19154318048603,-24.97683894099049,-22.40998194546649
XRP,10000.0,OKX,HTX,XRP/USDT:USDT,XRP/USDT:USDT,0.877839300772,1.0,0.12216069922800006,-6.880848572606846,20.0,-26.758687873378847,220.04497962504763,-26.514366474922845,-26.147884377238846
XRP,10000.0,MEXC,HTX,XRP/USDT:USDT,XRP/USDT:USDT,0.68,1.0,0.32000000000000006,-1.18142390983067,26.0,-26.86142390983067,84.94194971822083,-26.22142390983067,-25.26142390983067
SUI,1000.0,MEXC,GATE,SUI/USDT:USDT,SUI/USDT:USDT,-0.32,-0.19,0.12999999999999998,-1.1188483465085497,26.0,-26.98884834650855,208.6065257423735,-26.72884834650855,-26.33884834650855
SOL,10000.0,GATE,MEXC,SOL/USDT:USDT,SOL/USDT:USDT,0.74,0.83,0.09000000000000002,-1.213297080232545,26.0,-27.123297080232543,302.3699675581393,-26.943297080232544,-26.673297080232544
BCH,10000.0,GATE,HTX,BCH/USDT:USDT,BCH/USDT:USDT,-0.62,1.0,1.62,-8.815441907965571,20.0,-27.19544190796557,17.78730981973183,-23.95544190796557,-19.095441907965572
APT,1000.0,MEXC,OKX,APT/USDT:USDT,APT/USDT:USDT,0.43,1.0,0.5700000000000001,-1.7828196675129249,26.0,-27.212819667512925,48.74178889037355,-26.072819667512924,-24.362819667512923
XRP,1000.0,MEXC,GATE,XRP/USDT:USDT,XRP/USDT:USDT,0.68,1.0,0.32000000000000006,-1.544672713967854,26.0,-27.224672713967855,86.07710223114954,-26.584672713967855,-25.624672713967854
LTC,1000.0,MEXC,OKX,LTC/USDT:USDT,LTC/USDT:USDT,0.87,1.0,0.13000000000000003,-1.4810426540268207,26.0,-27.35104265402682,211.39263580020628,-27.091042654026822,-26.70104265402682
LINK,1000.0,MEXC,BITGET,LINK/USDT:USDT,LINK/USDT:USDT,-0.23,1.0,1.23,-0.694927032663939,28.0,-27.46492703266394,23.32920896964548,-25.00492703266394,-21.314927032663938
AAVE,1000.0,OKX,MEXC,AAVE/USDT:USDT,AAVE/USDT:USDT,-0.394907796324,-0.09,0.304907796324,-1.8683440244127159,26.0,-27.563436228088715,91.39925039764925,-26.953620635440714,-26.038897246468714
AAVE,10000.0,OKX,MEXC,AAVE/USDT:USDT,AAVE/USDT:USDT,-0.394907796324,-0.09,0.304907796324,-1.8683440244127159,26.0,-27.563436228088715,91.39925039764925,-26.953620635440714,-26.038897246468714
ARB,10000.0,MEXC,BITGET,ARB/USDT:USDT,ARB/USDT:USDT,-0.06999999999999999,1.0,1.07,-0.6736851978927927,28.0,-27.603685197892794,26.797836633544666,-25.463685197892794,-22.253685197892793
AVAX,1000.0,BITGET,HTX,AVAX/USDT:USDT,AVAX/USDT:USDT,0.19,1.0,0.81,-6.515823498547402,21.999999999999996,-27.705823498547396,35.204720368577036,-26.0858234985474,-23.6558234985474
LTC,10000.0,MEXC,BITGET,LTC/USDT:USDT,LTC/USDT:USDT,0.87,1.0,0.13000000000000003,-0.0600511873027898,28.0,-27.93005118730279,215.8465475946368,-27.67005118730279,-27.28005118730279
FIL,1000.0,OKX,BITGET,FIL/USDT:USDT,FIL/USDT:USDT,0.7971538681129999,1.0,0.2028461318870001,-6.27535798533585,21.999999999999996,-28.072511853448844,139.3931337132288,-27.666819589674844,-27.058281194013844
LTC,10000.0,MEXC,OKX,LTC/USDT:USDT,LTC/USDT:USDT,0.87,1.0,0.13000000000000003,-2.245246292212899,26.0,-28.1152462922129,217.27112532471455,-27.8552462922129,-27.4652462922129
ETH,1000.0,MEXC,BITGET,ETH/USDT:USDT,ETH/USDT:USDT,0.69,1.0,0.3100000000000001,-0.6312662458229923,28.0,-28.321266245822994,92.35892337362252,-27.701266245822993,-26.771266245822993
ETH,10000.0,MEXC,BITGET,ETH/USDT:USDT,ETH/USDT:USDT,0.69,1.0,0.3100000000000001,-0.6312662458229923,28.0,-28.321266245822994,92.35892337362252,-27.701266245822993,-26.771266245822993
APT,1000.0,GATE,MEXC,APT/USDT:USDT,APT/USDT:USDT,0.4,0.43,0.029999999999999985,-2.500000000000835,26.0,-28.470000000000834,950.0000000000283,-28.410000000000835,-28.320000000000835
AAVE,1000.0,OKX,BITGET,AAVE/USDT:USDT,AAVE/USDT:USDT,-0.394907796324,0.8,1.1949077963240002,-7.799656348977946,21.999999999999996,-28.60474855265394,24.938875150579182,-26.214932960005942,-22.63020957103394
AVAX,10000.0,BITGET,OKX,AVAX/USDT:USDT,AVAX/USDT:USDT,0.19,0.25456497808899997,0.06456497808899998,-6.726562207078901,21.999999999999996,-28.661997228989897,444.9248347529925,-28.5328672728119,-28.3391723385449
TRX,1000.0,MEXC,BITGET,TRX/USDT:USDT,TRX/USDT:USDT,0.88,1.0,0.12000000000000006,-0.8827943383460379,28.0,-28.762794338346037,240.68995281955017,-28.52279433834604,-28.16279433834604
TRX,10000.0,MEXC,BITGET,TRX/USDT:USDT,TRX/USDT:USDT,0.88,1.0,0.12000000000000006,-1.2302855292389836,28.0,-29.110285529238983,243.58571274365806,-28.870285529238984,-28.510285529238985
OP,1000.0,OKX,BITGET,OP/USDT:USDT,OP/USDT:USDT,0.525618998508,1.0,0.474381001492,-7.594698774577857,21.999999999999996,-29.12031777308585,62.3859275171182,-28.171555770101854,-26.748412765625854
SOL,1000.0,MEXC,OKX,SOL/USDT:USDT,SOL/USDT:USDT,0.83,0.831771823601,0.0017718236009999747,-3.346720214187915,26.0,-29.344948390586914,16563.003336012305,-29.341404743384913,-29.336089272581916
SOL,10000.0,MEXC,OKX,SOL/USDT:USDT,SOL/USDT:USDT,0.83,0.831771823601,0.0017718236009999747,-3.3467202141901353,26.0,-29.344948390589135,16563.003336013557,-29.341404743387134,-29.336089272584136
XRP,1000.0,MEXC,OKX,XRP/USDT:USDT,XRP/USDT:USDT,0.68,0.877839300772,0.197839300772,-3.608608209262343,26.0,-29.410768908490343,149.6598911021466,-29.01509030694634,-28.421572404630343
LINK,10000.0,MEXC,BITGET,LINK/USDT:USDT,LINK/USDT:USDT,-0.23,1.0,1.23,-2.6408554106482907,28.0,-29.410855410648292,24.911264561502676,-26.95085541064829,-23.26085541064829
LINK,10000.0,GATE,BITGET,LINK/USDT:USDT,LINK/USDT:USDT,-0.5599999999999999,1.0,1.56,-9.078348248439116,21.999999999999996,-29.51834824843911,19.92201810797379,-26.398348248439113,-21.718348248439113
APT,1000.0,GATE,BITGET,APT/USDT:USDT,APT/USDT:USDT,0.4,1.0,0.6,-8.215307627400525,21.999999999999996,-29.615307627400522,50.35884604566753,-28.415307627400523,-26.615307627400522
AAVE,10000.0,GATE,BITGET,AAVE/USDT:USDT,AAVE/USDT:USDT,-0.26999999999999996,0.8,1.07,-8.729378497575047,21.999999999999996,-29.65937849757504,28.719045324836486,-27.519378497575044,-24.309378497575043
ARB,1000.0,MEXC,GATE,ARB/USDT:USDT,ARB/USDT:USDT,-0.06999999999999999,0.91,0.98,-4.714912931449433,26.0,-29.734912931449433,31.341747889234117,-27.774912931449432,-24.834912931449434
AVAX,1000.0,MEXC,GATE,AVAX/USDT:USDT,AVAX/USDT:USDT,0.24000000000000002,0.8200000000000001,0.58,-4.472082523679921,26.0,-29.89208252367992,52.53807331668953,-28.73208252367992,-26.992082523679922
SOL,1000.0,MEXC,BITGET,SOL/USDT:USDT,SOL/USDT:USDT,0.83,1.0,0.17000000000000007,-2.1753681392222557,28.0,-30.005368139222256,177.50216552483673,-29.665368139222256,-29.155368139222254
SOL,10000.0,MEXC,BITGET,SOL/USDT:USDT,SOL/USDT:USDT,0.83,1.0,0.17000000000000007,-2.1999404750794316,28.0,-30.02994047507943,177.64670867693775,-29.689940475079432,-29.17994047507943
SOL,1000.0,MEXC,HTX,SOL/USDT:USDT,SOL/USDT:USDT,0.83,1.0,0.17000000000000007,-4.267660756454017,26.0,-30.09766075645402,178.04506327325885,-29.757660756454015,-29.247660756454017
SUI,1000.0,MEXC,OKX,SUI/USDT:USDT,SUI/USDT:USDT,-0.32,-0.22512134961400002,0.09487865038599998,-4.3361373688310945,26.0,-30.241258718445096,319.73618137919266,-30.051501417673094,-29.766865466515096
SOL,10000.0,MEXC,HTX,SOL/USDT:USDT,SOL/USDT:USDT,0.83,1.0,0.17000000000000007,-4.732805766255455,26.0,-30.562805766255455,180.78121038973788,-30.222805766255455,-29.712805766255453
SUI,10000.0,MEXC,OKX,SUI/USDT:USDT,SUI/USDT:USDT,-0.32,-0.22512134961400002,0.09487865038599998,-4.660821599686837,26.0,-30.565942949300837,323.15828139363015,-30.37618564852884,-30.091549697370837
AVAX,10000.0,OKX,HTX,AVAX/USDT:USDT,AVAX/USDT:USDT,0.25456497808899997,1.0,0.7454350219110001,-11.46258246869647,20.0,-30.717147446785468,42.207008718263424,-29.22627740296347,-26.98997233723047
XRP,10000.0,OKX,GATE,XRP/USDT:USDT,XRP/USDT:USDT,0.877839300772,1.0,0.12216069922800006,-10.90623789280376,20.0,-30.78407719357576,252.99656999441797,-30.53975579511976,-30.17327369743576
OP,1000.0,MEXC,BITGET,OP/USDT:USDT,OP/USDT:USDT,-0.33,1.0,1.33,-4.159627131287147,28.0,-30.829627131287147,24.180170775403866,-28.169627131287147,-24.17962713128715
XRP,10000.0,MEXC,GATE,XRP/USDT:USDT,XRP/USDT:USDT,0.68,1.0,0.32000000000000006,-5.209109050063887,26.0,-30.889109050063887,97.52846578144963,-30.249109050063886,-29.289109050063885
LINK,1000.0,GATE,HTX,LINK/USDT:USDT,LINK/USDT:USDT,-0.5599999999999999,1.0,1.56,-12.645590340513158,20.0,-31.085590340513157,20.92666047468792,-27.96559034051316,-23.28559034051316
HBAR,1000.0,OKX,MEXC,HBAR/USDT:USDT,HBAR/USDT:USDT,-0.770435087354,0.74,1.510435087354,-7.256753117027559,26.0,-31.74631802967356,22.017995606343582,-28.72544785496556,-24.19414259290356
AAVE,10000.0,OKX,BITGET,AAVE/USDT:USDT,AAVE/USDT:USDT,-0.394907796324,0.8,1.1949077963240002,-11.212463536226513,21.999999999999996,-32.017555739902505,27.79500111925031,-29.62774014725451,-26.04301675828251
AVAX,1000.0,GATE,HTX,AVAX/USDT:USDT,AVAX/USDT:USDT,0.8200000000000001,1.0,0.18000000000000005,-12.581152151265318,20.0,-32.40115215126532,181.0064008403628,-32.041152151265315,-31.501152151265316
AVAX,10000.0,BITGET,HTX,AVAX/USDT:USDT,AVAX/USDT:USDT,0.19,1.0,0.81,-11.400764213694847,21.999999999999996,-32.59076421369484,41.2355113749319,-30.970764213694842,-28.540764213694843
LINK,10000.0,GATE,MEXC,LINK/USDT:USDT,LINK/USDT:USDT,-0.5599999999999999,-0.23,0.33,-7.133672891357357,26.0,-32.80367289135736,100.40506936774956,-32.143672891357355,-31.153672891357356
APT,10000.0,GATE,OKX,APT/USDT:USDT,APT/USDT:USDT,0.4,1.0,0.6,-13.457281102075003,20.0,-32.85728110207501,55.762135170125006,-31.657281102075004,-29.857281102075003
AVAX,1000.0,MEXC,OKX,AVAX/USDT:USDT,AVAX/USDT:USDT,0.24000000000000002,0.25456497808899997,0.014564978088999987,-7.039264444101967,26.0,-33.02469946601297,2268.404678827114,-32.995569509834965,-32.95187457556797
SUI,10000.0,MEXC,GATE,SUI/USDT:USDT,SUI/USDT:USDT,-0.32,-0.19,0.12999999999999998,-7.21499338212972,26.0,-33.08499338212972,255.4999490933056,-32.82499338212972,-32.43499338212972
OP,10000.0,MEXC,OKX,OP/USDT:USDT,OP/USDT:USDT,-0.33,0.525618998508,0.8556189985079999,-8.16365023570631,26.0,-33.30803123719831,39.92857836873627,-31.59679324018231,-29.02993624465831
FIL,10000.0,OKX,BITGET,FIL/USDT:USDT,FIL/USDT:USDT,0.7971538681129999,1.0,0.2028461318870001,-11.512053375747344,21.999999999999996,-33.30920724386034,165.2092305827945,-32.90351498008634,-32.29497658442534
ARB,10000.0,GATE,BITGET,ARB/USDT:USDT,ARB/USDT:USDT,0.91,1.0,0.09000000000000002,-11.405560627451017,21.999999999999996,-33.31556062745101,371.17289586056665,-33.135560627451014,-32.86556062745101
AVAX,10000.0,MEXC,GATE,AVAX/USDT:USDT,AVAX/USDT:USDT,0.24000000000000002,0.8200000000000001,0.58,-7.9392126929400675,26.0,-33.35921269294007,58.51588395334495,-32.199212692940065,-30.459212692940067
AAVE,1000.0,MEXC,BITGET,AAVE/USDT:USDT,AAVE/USDT:USDT,-0.09,0.8,0.8900000000000001,-6.554910121181479,28.0,-33.66491012118148,38.82574170919267,-31.884910121181477,-29.21491012118148
OP,10000.0,MEXC,BITGET,OP/USDT:USDT,OP/USDT:USDT,-0.33,1.0,1.33,-7.108333021468294,28.0,-33.77833302146829,26.397242873284434,-31.118333021468295,-27.128333021468293
APT,10000.0,GATE,MEXC,APT/USDT:USDT,APT/USDT:USDT,0.4,0.43,0.029999999999999985,-7.9411333230761105,26.0,-33.91113332307611,1131.3711107692043,-33.85113332307611,-33.76113332307611
APT,10000.0,MEXC,OKX,APT/USDT:USDT,APT/USDT:USDT,0.43,1.0,0.5700000000000001,-8.494388542233944,26.0,-33.92438854223394,60.51647112672621,-32.78438854223394,-31.074388542233944
INJ,1000.0,GATE,MEXC,INJ/USDT:USDT,INJ/USDT:USDT,1.0,2.14,1.14,-9.175514484204284,26.0,-34.035514484204285,30.855714459828324,-31.755514484204284,-28.335514484204282
TRX,1000.0,HTX,GATE,TRX/USDT:USDT,TRX/USDT:USDT,-2.78102743964409,1.0,3.7810274396440895,-17.872577462532124,20.0,-34.091550022888036,10.016477813791559,-26.529495143599856,-15.186412824667588
INJ,1000.0,OKX,MEXC,INJ/USDT:USDT,INJ/USDT:USDT,1.0,2.14,1.14,-9.376091743119597,26.0,-34.236091743119594,31.031659423789122,-31.956091743119597,-28.5360917431196
OP,1000.0,OKX,GATE,OP/USDT:USDT,OP/USDT:USDT,0.525618998508,1.0,0.474381001492,-14.82320884147681,20.0,-34.34882783998481,73.40768018102023,-33.40006583700081,-31.97692283252481
APT,1000.0,MEXC,BITGET,APT/USDT:USDT,APT/USDT:USDT,0.43,1.0,0.5700000000000001,-6.966178399699929,28.0,-34.39617839969993,61.3441726310525,-33.25617839969993,-31.54617839969993
ARB,10000.0,MEXC,GATE,ARB/USDT:USDT,ARB/USDT:USDT,-0.06999999999999999,0.91,0.98,-9.390244586106045,26.0,-34.410244586106046,36.11249447561841,-32.450244586106045,-29.510244586106044
APT,10000.0,GATE,BITGET,APT/USDT:USDT,APT/USDT:USDT,0.4,1.0,0.6,-13.43350785460995,21.999999999999996,-34.83350785460995,59.05584642434991,-33.633507854609945,-31.833507854609948
AVAX,10000.0,MEXC,OKX,AVAX/USDT:USDT,AVAX/USDT:USDT,0.24000000000000002,0.25456497808899997,0.014564978088999987,-9.427752208729379,26.0,-35.413187230640375,2432.393100233068,-35.38405727446238,-35.34036234019538
XRP,10000.0,MEXC,OKX,XRP/USDT:USDT,XRP/USDT:USDT,0.68,0.877839300772,0.197839300772,-9.6449570946322,26.0,-35.4471177938602,180.17126503955478,-35.0514391923162,-34.4579212900002
OP,10000.0,OKX,BITGET,OP/USDT:USDT,OP/USDT:USDT,0.525618998508,1.0,0.474381001492,-13.987652251716831,21.999999999999996,-35.513271250224825,75.8623387920895,-34.56450924724083,-33.14136624276483
HBAR,1000.0,OKX,GATE,HBAR/USDT:USDT,HBAR/USDT:USDT,-0.770435087354,1.0,1.7704350873539998,-17.49909553259488,20.0,-35.72866044524088,21.180723202136193,-32.18779027053288,-26.87648500847088
APT,10000.0,MEXC,BITGET,APT/USDT:USDT,APT/USDT:USDT,0.43,1.0,0.5700000000000001,-8.47060348046269,28.0,-35.90060348046269,63.98351487800472,-34.76060348046269,-33.05060348046269
OP,1000.0,MEXC,GATE,OP/USDT:USDT,OP/USDT:USDT,-0.33,1.0,1.33,-11.390622130411643,26.0,-36.060622130411645,28.113249722114016,-33.40062213041164,-29.410622130411642
AVAX,1000.0,MEXC,HTX,AVAX/USDT:USDT,AVAX/USDT:USDT,0.24000000000000002,1.0,0.76,-11.151211405048267,26.0,-36.39121140504827,48.8831729013793,-34.87121140504827,-32.59121140504827
INJ,10000.0,GATE,MEXC,INJ/USDT:USDT,INJ/USDT:USDT,1.0,2.14,1.14,-12.126448637997944,26.0,-36.986448637997945,33.444253191226274,-34.706448637997944,-31.286448637997943
AAVE,10000.0,MEXC,BITGET,AAVE/USDT:USDT,AAVE/USDT:USDT,-0.09,0.8,0.8900000000000001,-9.968142447910333,28.0,-37.07814244791033,42.660834211135196,-35.29814244791034,-32.628142447910335
LINK,1000.0,MEXC,HTX,LINK/USDT:USDT,LINK/USDT:USDT,-0.23,1.0,1.23,-12.995135510771583,26.0,-37.765135510771586,31.703362203879337,-35.305135510771585,-31.615135510771584
AVAX,10000.0,GATE,HTX,AVAX/USDT:USDT,AVAX/USDT:USDT,0.8200000000000001,1.0,0.18000000000000005,-18.6012798082269,20.0,-38.4212798082269,214.4515544901494,-38.0612798082269,-37.52127980822689
LINK,10000.0,MEXC,HTX,LINK/USDT:USDT,LINK/USDT:USDT,-0.23,1.0,1.23,-13.719598316763726,26.0,-38.489598316763725,32.29235635509246,-36.029598316763725,-32.33959831676373
INJ,10000.0,OKX,MEXC,INJ/USDT:USDT,INJ/USDT:USDT,1.0,2.14,1.14,-13.668746858152003,26.0,-38.528746858152005,34.79714636680001,-36.248746858152,-32.828746858152
LINK,10000.0,GATE,HTX,LINK/USDT:USDT,LINK/USDT:USDT,-0.5599999999999999,1.0,1.56,-20.149957337806114,20.0,-38.58995733780611,25.737152139619305,-35.469957337806115,-30.789957337806115
HBAR,1000.0,MEXC,GATE,HBAR/USDT:USDT,HBAR/USDT:USDT,0.74,1.0,0.26000000000000006,-13.022400527972211,26.0,-38.76240052797221,150.08615587681615,-38.24240052797221,-37.46240052797221
AVAX,10000.0,MEXC,HTX,AVAX/USDT:USDT,AVAX/USDT:USDT,0.24000000000000002,1.0,0.76,-14.100690774712099,26.0,-39.3406907747121,52.76406680883171,-37.8206907747121,-35.5406907747121
INJ,1000.0,BITGET,MEXC,INJ/USDT:USDT,INJ/USDT:USDT,1.0,2.14,1.14,-12.924958595387226,28.0,-39.784958595387224,35.899086487181776,-37.50495859538722,-34.08495859538723
TRX,1000.0,MEXC,GATE,TRX/USDT:USDT,TRX/USDT:USDT,0.88,1.0,0.12000000000000006,-16.736905928360635,26.0,-42.61690592836064,356.1408827363384,-42.376905928360635,-42.016905928360636
INJ,10000.0,BITGET,MEXC,INJ/USDT:USDT,INJ/USDT:USDT,1.0,2.14,1.14,-19.46635770977201,28.0,-46.32635770977201,41.637155885764926,-44.04635770977201,-40.62635770977201
HBAR,10000.0,MEXC,GATE,HBAR/USDT:USDT,HBAR/USDT:USDT,0.74,1.0,0.26000000000000006,-22.316349539095448,26.0,-48.05634953909545,185.83211361190553,-47.53634953909545,-46.756349539095446
BCH,1000.0,MEXC,BITGET,BCH/USDT:USDT,BCH/USDT:USDT,0.11,1.0,0.8900000000000001,-23.379731563389903,28.0,-50.4897315633899,57.73003546448303,-48.7097315633899,-46.03973156338991
OP,10000.0,MEXC,GATE,OP/USDT:USDT,OP/USDT:USDT,-0.33,1.0,1.33,-26.34141029852377,26.0,-51.01141029852377,39.354443833476516,-48.35141029852377,-44.361410298523765
TRX,10000.0,MEXC,GATE,TRX/USDT:USDT,TRX/USDT:USDT,0.88,1.0,0.12000000000000006,-26.1526660684408,26.0,-52.032666068440804,434.6055505703398,-51.7926660684408,-51.4326660684408
OP,10000.0,OKX,GATE,OP/USDT:USDT,OP/USDT:USDT,0.525618998508,1.0,0.474381001492,-33.20748906917692,20.0,-52.733108067684924,112.16193081474873,-51.78434606470093,-50.36120306022492
BCH,10000.0,MEXC,BITGET,BCH/USDT:USDT,BCH/USDT:USDT,0.11,1.0,0.8900000000000001,-26.092781775203242,28.0,-53.20278177520324,60.778406488992395,-51.42278177520324,-48.752781775203246
BCH,1000.0,MEXC,OKX,BCH/USDT:USDT,BCH/USDT:USDT,0.11,1.0,0.8900000000000001,-29.52313715422705,26.0,-54.63313715422705,62.385547364300045,-52.85313715422705,-50.183137154227055
BCH,10000.0,MEXC,OKX,BCH/USDT:USDT,BCH/USDT:USDT,0.11,1.0,0.8900000000000001,-29.523137154228163,26.0,-54.633137154228166,62.3855473643013,-52.853137154228165,-50.18313715422816
BCH,1000.0,MEXC,HTX,BCH/USDT:USDT,BCH/USDT:USDT,0.11,1.0,0.8900000000000001,-31.448559142546184,26.0,-56.55855914254619,64.54894285679346,-54.778559142546186,-52.108559142546184
BCH,10000.0,MEXC,HTX,BCH/USDT:USDT,BCH/USDT:USDT,0.11,1.0,0.8900000000000001,-33.67266906739053,26.0,-58.78266906739053,67.0479427723489,-57.00266906739053,-54.332669067390526
