utc,base,quote,capital,long_provider,short_provider,long_perp_ask_vwap,short_perp_bid_vwap,gross_cross_basis_bps,long_funding_rate,short_funding_rate,funding_capture_bps,roundtrip_fee_bps,screen_net_bps,funding_intervals_to_breakeven
2026-10-06T08:27:57.984507+00:00,BTC,USDT,100.0,BITGET,GATE,85843.0000000000,85827.5000000000,-1.805622,0.000060000000,-0.000023000000,-0.830000,22.000000,-24.635622,
2026-10-06T08:27:57.984544+00:00,BTC,USDT,1000.0,BITGET,GATE,85843.0000000000,85827.5000000000,-1.805622,0.000060000000,-0.000023000000,-0.830000,22.000000,-24.635622,
2026-10-06T08:27:57.984561+00:00,BTC,USDT,10000.0,BITGET,GATE,85843.0000000000,85827.5000000000,-1.805622,0.000060000000,-0.000023000000,-0.830000,22.000000,-24.635622,
2026-10-06T08:27:57.984577+00:00,BTC,USDT,100.0,BITGET,MEXC,85843.0000000000,85831.9000000000,-1.293058,0.000060000000,-0.000028000000,-0.880000,28.000000,-30.173058,
2026-10-06T08:27:57.984590+00:00,BTC,USDT,1000.0,BITGET,MEXC,85843.0000000000,85831.9000000000,-1.293058,0.000060000000,-0.000028000000,-0.880000,28.000000,-30.173058,
2026-10-06T08:27:57.984602+00:00,BTC,USDT,10000.0,BITGET,MEXC,85843.0000000000,85831.9000000000,-1.293058,0.000060000000,-0.000028000000,-0.880000,28.000000,-30.173058,
2026-10-06T08:27:57.984619+00:00,BTC,USDT,100.0,BITGET,HTX,85843.0000000000,85832.4000000000,-1.234812,0.000060000000,-0.000021962397,-0.819624,22.000000,-24.054436,
2026-10-06T08:27:57.984632+00:00,BTC,USDT,1000.0,BITGET,HTX,85843.0000000000,85832.4000000000,-1.234812,0.000060000000,-0.000021962397,-0.819624,22.000000,-24.054436,
2026-10-06T08:27:57.984644+00:00,BTC,USDT,10000.0,BITGET,HTX,85843.0000000000,85832.4000000000,-1.234812,0.000060000000,-0.000021962397,-0.819624,22.000000,-24.054436,
2026-10-06T08:27:57.984659+00:00,BTC,USDT,100.0,GATE,BITGET,85827.6000000000,85842.9000000000,1.782643,-0.000023000000,0.000060000000,0.830000,22.000000,-19.387357,24.3583
2026-10-06T08:27:57.984674+00:00,BTC,USDT,1000.0,GATE,BITGET,85827.6000000000,85842.9000000000,1.782643,-0.000023000000,0.000060000000,0.830000,22.000000,-19.387357,24.3583
2026-10-06T08:27:57.984686+00:00,BTC,USDT,10000.0,GATE,BITGET,85827.6000000000,85842.9000000000,1.782643,-0.000023000000,0.000060000000,0.830000,22.000000,-19.387357,24.3583
2026-10-06T08:27:57.984698+00:00,BTC,USDT,100.0,GATE,MEXC,85827.6000000000,85831.9000000000,0.501004,-0.000023000000,-0.000028000000,-0.050000,26.000000,-25.548996,
2026-10-06T08:27:57.984711+00:00,BTC,USDT,1000.0,GATE,MEXC,85827.6000000000,85831.9000000000,0.501004,-0.000023000000,-0.000028000000,-0.050000,26.000000,-25.548996,
2026-10-06T08:27:57.984723+00:00,BTC,USDT,10000.0,GATE,MEXC,85827.6000000000,85831.9000000000,0.501004,-0.000023000000,-0.000028000000,-0.050000,26.000000,-25.548996,
2026-10-06T08:27:57.984735+00:00,BTC,USDT,100.0,GATE,HTX,85827.6000000000,85832.4000000000,0.559261,-0.000023000000,-0.000021962397,0.010376,20.000000,-19.430363,1873.6204
2026-10-06T08:27:57.984748+00:00,BTC,USDT,1000.0,GATE,HTX,85827.6000000000,85832.4000000000,0.559261,-0.000023000000,-0.000021962397,0.010376,20.000000,-19.430363,1873.6204
2026-10-06T08:27:57.984760+00:00,BTC,USDT,10000.0,GATE,HTX,85827.6000000000,85832.4000000000,0.559261,-0.000023000000,-0.000021962397,0.010376,20.000000,-19.430363,1873.6204
2026-10-06T08:27:57.984773+00:00,BTC,USDT,100.0,MEXC,BITGET,85832.0000000000,85842.9000000000,1.269923,-0.000028000000,0.000060000000,0.880000,28.000000,-25.850077,30.3751
2026-10-06T08:27:57.984785+00:00,BTC,USDT,1000.0,MEXC,BITGET,85832.0000000000,85842.9000000000,1.269923,-0.000028000000,0.000060000000,0.880000,28.000000,-25.850077,30.3751
2026-10-06T08:27:57.984797+00:00,BTC,USDT,10000.0,MEXC,BITGET,85832.0000000000,85842.9000000000,1.269923,-0.000028000000,0.000060000000,0.880000,28.000000,-25.850077,30.3751
2026-10-06T08:27:57.984809+00:00,BTC,USDT,100.0,MEXC,GATE,85832.0000000000,85827.5000000000,-0.524280,-0.000028000000,-0.000023000000,0.050000,26.000000,-26.474280,530.4856
2026-10-06T08:27:57.984821+00:00,BTC,USDT,1000.0,MEXC,GATE,85832.0000000000,85827.5000000000,-0.524280,-0.000028000000,-0.000023000000,0.050000,26.000000,-26.474280,530.4856
2026-10-06T08:27:57.984833+00:00,BTC,USDT,10000.0,MEXC,GATE,85832.0000000000,85827.5000000000,-0.524280,-0.000028000000,-0.000023000000,0.050000,26.000000,-26.474280,530.4856
2026-10-06T08:27:57.984845+00:00,BTC,USDT,100.0,MEXC,HTX,85832.0000000000,85832.4000000000,0.046603,-0.000028000000,-0.000021962397,0.060376,26.000000,-25.893021,429.8626
2026-10-06T08:27:57.984857+00:00,BTC,USDT,1000.0,MEXC,HTX,85832.0000000000,85832.4000000000,0.046603,-0.000028000000,-0.000021962397,0.060376,26.000000,-25.893021,429.8626
2026-10-06T08:27:57.984870+00:00,BTC,USDT,10000.0,MEXC,HTX,85832.0000000000,85832.4000000000,0.046603,-0.000028000000,-0.000021962397,0.060376,26.000000,-25.893021,429.8626
2026-10-06T08:27:57.984885+00:00,BTC,USDT,100.0,HTX,BITGET,85832.5000000000,85842.9000000000,1.211662,-0.000021962397,0.000060000000,0.819624,22.000000,-19.968714,25.3633
2026-10-06T08:27:57.984898+00:00,BTC,USDT,1000.0,HTX,BITGET,85832.5000000000,85842.9000000000,1.211662,-0.000021962397,0.000060000000,0.819624,22.000000,-19.968714,25.3633
2026-10-06T08:27:57.984910+00:00,BTC,USDT,10000.0,HTX,BITGET,85832.5000000000,85842.9000000000,1.211662,-0.000021962397,0.000060000000,0.819624,22.000000,-19.968714,25.3633
2026-10-06T08:27:57.984922+00:00,BTC,USDT,100.0,HTX,GATE,85832.5000000000,85827.5000000000,-0.582530,-0.000021962397,-0.000023000000,-0.010376,20.000000,-20.592906,
2026-10-06T08:27:57.984933+00:00,BTC,USDT,1000.0,HTX,GATE,85832.5000000000,85827.5000000000,-0.582530,-0.000021962397,-0.000023000000,-0.010376,20.000000,-20.592906,
2026-10-06T08:27:57.984944+00:00,BTC,USDT,10000.0,HTX,GATE,85832.5000000000,85827.5000000000,-0.582530,-0.000021962397,-0.000023000000,-0.010376,20.000000,-20.592906,
2026-10-06T08:27:57.984956+00:00,BTC,USDT,100.0,HTX,MEXC,85832.5000000000,85831.9000000000,-0.069904,-0.000021962397,-0.000028000000,-0.060376,26.000000,-26.130280,
2026-10-06T08:27:57.984967+00:00,BTC,USDT,1000.0,HTX,MEXC,85832.5000000000,85831.9000000000,-0.069904,-0.000021962397,-0.000028000000,-0.060376,26.000000,-26.130280,
2026-10-06T08:27:57.984978+00:00,BTC,USDT,10000.0,HTX,MEXC,85832.5000000000,85831.9000000000,-0.069904,-0.000021962397,-0.000028000000,-0.060376,26.000000,-26.130280,
2026-10-06T08:27:57.984994+00:00,ETH,USDT,100.0,BITGET,GATE,2714.4000000000,2714.0300000000,-1.363101,0.000086000000,-0.000080000000,-1.660000,22.000000,-25.023101,
2026-10-06T08:27:57.985006+00:00,ETH,USDT,1000.0,BITGET,GATE,2714.4000000000,2714.0300000000,-1.363101,0.000086000000,-0.000080000000,-1.660000,22.000000,-25.023101,
2026-10-06T08:27:57.985018+00:00,ETH,USDT,10000.0,BITGET,GATE,2714.4000000000,2714.0300000000,-1.363101,0.000086000000,-0.000080000000,-1.660000,22.000000,-25.023101,
2026-10-06T08:27:57.985030+00:00,ETH,USDT,100.0,BITGET,MEXC,2714.4000000000,2714.2500000000,-0.552608,0.000086000000,-0.000021000000,-1.070000,28.000000,-29.622608,
2026-10-06T08:27:57.985041+00:00,ETH,USDT,1000.0,BITGET,MEXC,2714.4000000000,2714.2500000000,-0.552608,0.000086000000,-0.000021000000,-1.070000,28.000000,-29.622608,
2026-10-06T08:27:57.985052+00:00,ETH,USDT,10000.0,BITGET,MEXC,2714.4000000000,2714.2500000000,-0.552608,0.000086000000,-0.000021000000,-1.070000,28.000000,-29.622608,
2026-10-06T08:27:57.985063+00:00,ETH,USDT,100.0,BITGET,HTX,2714.4000000000,2713.9500000000,-1.657825,0.000086000000,-0.000147060132,-2.330601,22.000000,-25.988426,
2026-10-06T08:27:57.985075+00:00,ETH,USDT,1000.0,BITGET,HTX,2714.4000000000,2713.9500000000,-1.657825,0.000086000000,-0.000147060132,-2.330601,22.000000,-25.988426,
2026-10-06T08:27:57.985086+00:00,ETH,USDT,10000.0,BITGET,HTX,2714.4000000000,2713.9500000000,-1.657825,0.000086000000,-0.000147060132,-2.330601,22.000000,-25.988426,
2026-10-06T08:27:57.985099+00:00,ETH,USDT,100.0,GATE,BITGET,2714.0400000000,2714.3900000000,1.289590,-0.000080000000,0.000086000000,1.660000,22.000000,-19.050410,12.4762
2026-10-06T08:27:57.985111+00:00,ETH,USDT,1000.0,GATE,BITGET,2714.0400000000,2714.3900000000,1.289590,-0.000080000000,0.000086000000,1.660000,22.000000,-19.050410,12.4762
2026-10-06T08:27:57.985158+00:00,ETH,USDT,10000.0,GATE,BITGET,2714.0400000000,2714.3900000000,1.289590,-0.000080000000,0.000086000000,1.660000,22.000000,-19.050410,12.4762
2026-10-06T08:27:57.985173+00:00,ETH,USDT,100.0,GATE,MEXC,2714.0400000000,2714.2500000000,0.773754,-0.000080000000,-0.000021000000,0.590000,26.000000,-24.636246,42.7563
2026-10-06T08:27:57.985186+00:00,ETH,USDT,1000.0,GATE,MEXC,2714.0400000000,2714.2500000000,0.773754,-0.000080000000,-0.000021000000,0.590000,26.000000,-24.636246,42.7563
2026-10-06T08:27:57.985197+00:00,ETH,USDT,10000.0,GATE,MEXC,2714.0400000000,2714.2500000000,0.773754,-0.000080000000,-0.000021000000,0.590000,26.000000,-24.636246,42.7563
2026-10-06T08:27:57.985209+00:00,ETH,USDT,100.0,GATE,HTX,2714.0400000000,2713.9500000000,-0.331609,-0.000080000000,-0.000147060132,-0.670601,20.000000,-21.002210,
2026-10-06T08:27:57.985220+00:00,ETH,USDT,1000.0,GATE,HTX,2714.0400000000,2713.9500000000,-0.331609,-0.000080000000,-0.000147060132,-0.670601,20.000000,-21.002210,
2026-10-06T08:27:57.985231+00:00,ETH,USDT,10000.0,GATE,HTX,2714.0400000000,2713.9500000000,-0.331609,-0.000080000000,-0.000147060132,-0.670601,20.000000,-21.002210,
2026-10-06T08:27:57.985244+00:00,ETH,USDT,100.0,MEXC,BITGET,2714.2600000000,2714.3900000000,0.478952,-0.000021000000,0.000086000000,1.070000,28.000000,-26.451048,25.7206
2026-10-06T08:27:57.985256+00:00,ETH,USDT,1000.0,MEXC,BITGET,2714.2600000000,2714.3900000000,0.478952,-0.000021000000,0.000086000000,1.070000,28.000000,-26.451048,25.7206
2026-10-06T08:27:57.985268+00:00,ETH,USDT,10000.0,MEXC,BITGET,2714.2600000000,2714.3900000000,0.478952,-0.000021000000,0.000086000000,1.070000,28.000000,-26.451048,25.7206
2026-10-06T08:27:57.985280+00:00,ETH,USDT,100.0,MEXC,GATE,2714.2600000000,2714.0300000000,-0.847376,-0.000021000000,-0.000080000000,-0.590000,26.000000,-27.437376,
2026-10-06T08:27:57.985291+00:00,ETH,USDT,1000.0,MEXC,GATE,2714.2600000000,2714.0300000000,-0.847376,-0.000021000000,-0.000080000000,-0.590000,26.000000,-27.437376,
2026-10-06T08:27:57.985302+00:00,ETH,USDT,10000.0,MEXC,GATE,2714.2600000000,2714.0300000000,-0.847376,-0.000021000000,-0.000080000000,-0.590000,26.000000,-27.437376,
2026-10-06T08:27:57.985335+00:00,ETH,USDT,100.0,MEXC,HTX,2714.2600000000,2713.9500000000,-1.142116,-0.000021000000,-0.000147060132,-1.260601,26.000000,-28.402717,
2026-10-06T08:27:57.985348+00:00,ETH,USDT,1000.0,MEXC,HTX,2714.2600000000,2713.9500000000,-1.142116,-0.000021000000,-0.000147060132,-1.260601,26.000000,-28.402717,
2026-10-06T08:27:57.985359+00:00,ETH,USDT,10000.0,MEXC,HTX,2714.2600000000,2713.9500000000,-1.142116,-0.000021000000,-0.000147060132,-1.260601,26.000000,-28.402717,
2026-10-06T08:27:57.985372+00:00,ETH,USDT,100.0,HTX,BITGET,2713.9600000000,2714.3900000000,1.584401,-0.000147060132,0.000086000000,2.330601,22.000000,-18.084998,8.7598
2026-10-06T08:27:57.985385+00:00,ETH,USDT,1000.0,HTX,BITGET,2713.9600000000,2714.3900000000,1.584401,-0.000147060132,0.000086000000,2.330601,22.000000,-18.084998,8.7598
2026-10-06T08:27:57.985396+00:00,ETH,USDT,10000.0,HTX,BITGET,2713.9600000000,2714.3900000000,1.584401,-0.000147060132,0.000086000000,2.330601,22.000000,-18.084998,8.7598
2026-10-06T08:27:57.985408+00:00,ETH,USDT,100.0,HTX,GATE,2713.9600000000,2714.0300000000,0.257926,-0.000147060132,-0.000080000000,0.670601,20.000000,-19.071473,29.4394
2026-10-06T08:27:57.985419+00:00,ETH,USDT,1000.0,HTX,GATE,2713.9600000000,2714.0300000000,0.257926,-0.000147060132,-0.000080000000,0.670601,20.000000,-19.071473,29.4394
2026-10-06T08:27:57.985431+00:00,ETH,USDT,10000.0,HTX,GATE,2713.9600000000,2714.0300000000,0.257926,-0.000147060132,-0.000080000000,0.670601,20.000000,-19.071473,29.4394
2026-10-06T08:27:57.985442+00:00,ETH,USDT,100.0,HTX,MEXC,2713.9600000000,2714.2500000000,1.068549,-0.000147060132,-0.000021000000,1.260601,26.000000,-23.670849,19.7774
2026-10-06T08:27:57.985454+00:00,ETH,USDT,1000.0,HTX,MEXC,2713.9600000000,2714.2500000000,1.068549,-0.000147060132,-0.000021000000,1.260601,26.000000,-23.670849,19.7774
2026-10-06T08:27:57.985465+00:00,ETH,USDT,10000.0,HTX,MEXC,2713.9600000000,2714.2500000000,1.068549,-0.000147060132,-0.000021000000,1.260601,26.000000,-23.670849,19.7774
2026-10-06T08:28:10.023578+00:00,BTC,USDT,100.0,BITGET,GATE,85890.5000000000,85879.9000000000,-1.234130,0.000060000000,-0.000009000000,-0.690000,22.000000,-23.924130,
2026-10-06T08:28:10.023612+00:00,BTC,USDT,1000.0,BITGET,GATE,85890.5000000000,85879.9000000000,-1.234130,0.000060000000,-0.000009000000,-0.690000,22.000000,-23.924130,
2026-10-06T08:28:10.023629+00:00,BTC,USDT,10000.0,BITGET,GATE,85890.5000000000,85879.9000000000,-1.234130,0.000060000000,-0.000009000000,-0.690000,22.000000,-23.924130,
2026-10-06T08:28:10.023645+00:00,BTC,USDT,100.0,BITGET,MEXC,85890.5000000000,85880.4000000000,-1.175916,0.000060000000,-0.000028000000,-0.880000,28.000000,-30.055916,
2026-10-06T08:28:10.023660+00:00,BTC,USDT,1000.0,BITGET,MEXC,85890.5000000000,85880.4000000000,-1.175916,0.000060000000,-0.000028000000,-0.880000,28.000000,-30.055916,
2026-10-06T08:28:10.023674+00:00,BTC,USDT,10000.0,BITGET,MEXC,85890.5000000000,85880.4000000000,-1.175916,0.000060000000,-0.000028000000,-0.880000,28.000000,-30.055916,
2026-10-06T08:28:10.023688+00:00,BTC,USDT,100.0,BITGET,HTX,85890.5000000000,85875.0000000000,-1.804623,0.000060000000,-0.000018869208,-0.788692,22.000000,-24.593315,
2026-10-06T08:28:10.023701+00:00,BTC,USDT,1000.0,BITGET,HTX,85890.5000000000,85875.0000000000,-1.804623,0.000060000000,-0.000018869208,-0.788692,22.000000,-24.593315,
2026-10-06T08:28:10.023715+00:00,BTC,USDT,10000.0,BITGET,HTX,85890.5000000000,85875.0000000000,-1.804623,0.000060000000,-0.000018869208,-0.788692,22.000000,-24.593315,
2026-10-06T08:28:10.023730+00:00,BTC,USDT,100.0,GATE,BITGET,85880.0000000000,85890.4000000000,1.210992,-0.000009000000,0.000060000000,0.690000,22.000000,-20.099008,30.1290
2026-10-06T08:28:10.023745+00:00,BTC,USDT,1000.0,GATE,BITGET,85880.0000000000,85890.4000000000,1.210992,-0.000009000000,0.000060000000,0.690000,22.000000,-20.099008,30.1290
2026-10-06T08:28:10.023759+00:00,BTC,USDT,10000.0,GATE,BITGET,85880.0000000000,85890.4000000000,1.210992,-0.000009000000,0.000060000000,0.690000,22.000000,-20.099008,30.1290
2026-10-06T08:28:10.023772+00:00,BTC,USDT,100.0,GATE,MEXC,85880.0000000000,85880.4000000000,0.046577,-0.000009000000,-0.000028000000,-0.190000,26.000000,-26.143423,
2026-10-06T08:28:10.023786+00:00,BTC,USDT,1000.0,GATE,MEXC,85880.0000000000,85880.4000000000,0.046577,-0.000009000000,-0.000028000000,-0.190000,26.000000,-26.143423,
2026-10-06T08:28:10.023799+00:00,BTC,USDT,10000.0,GATE,MEXC,85880.0000000000,85880.4000000000,0.046577,-0.000009000000,-0.000028000000,-0.190000,26.000000,-26.143423,
2026-10-06T08:28:10.023812+00:00,BTC,USDT,100.0,GATE,HTX,85880.0000000000,85875.0000000000,-0.582208,-0.000009000000,-0.000018869208,-0.098692,20.000000,-20.680900,
2026-10-06T08:28:10.023824+00:00,BTC,USDT,1000.0,GATE,HTX,85880.0000000000,85875.0000000000,-0.582208,-0.000009000000,-0.000018869208,-0.098692,20.000000,-20.680900,
2026-10-06T08:28:10.023837+00:00,BTC,USDT,10000.0,GATE,HTX,85880.0000000000,85875.0000000000,-0.582208,-0.000009000000,-0.000018869208,-0.098692,20.000000,-20.680900,
2026-10-06T08:28:10.023851+00:00,BTC,USDT,100.0,MEXC,BITGET,85880.5000000000,85890.4000000000,1.152765,-0.000028000000,0.000060000000,0.880000,28.000000,-25.967235,30.5082
2026-10-06T08:28:10.023865+00:00,BTC,USDT,1000.0,MEXC,BITGET,85880.5000000000,85890.4000000000,1.152765,-0.000028000000,0.000060000000,0.880000,28.000000,-25.967235,30.5082
2026-10-06T08:28:10.023879+00:00,BTC,USDT,10000.0,MEXC,BITGET,85880.5000000000,85890.4000000000,1.152765,-0.000028000000,0.000060000000,0.880000,28.000000,-25.967235,30.5082
2026-10-06T08:28:10.023893+00:00,BTC,USDT,100.0,MEXC,GATE,85880.5000000000,85879.9000000000,-0.069865,-0.000028000000,-0.000009000000,0.190000,26.000000,-25.879865,137.2098
2026-10-06T08:28:10.023905+00:00,BTC,USDT,1000.0,MEXC,GATE,85880.5000000000,85879.9000000000,-0.069865,-0.000028000000,-0.000009000000,0.190000,26.000000,-25.879865,137.2098
2026-10-06T08:28:10.023917+00:00,BTC,USDT,10000.0,MEXC,GATE,85880.5000000000,85879.9000000000,-0.069865,-0.000028000000,-0.000009000000,0.190000,26.000000,-25.879865,137.2098
2026-10-06T08:28:10.023929+00:00,BTC,USDT,100.0,MEXC,HTX,85880.5000000000,85875.0000000000,-0.640425,-0.000028000000,-0.000018869208,0.091308,26.000000,-26.549117,291.7647
2026-10-06T08:28:10.023941+00:00,BTC,USDT,1000.0,MEXC,HTX,85880.5000000000,85875.0000000000,-0.640425,-0.000028000000,-0.000018869208,0.091308,26.000000,-26.549117,291.7647
2026-10-06T08:28:10.023952+00:00,BTC,USDT,10000.0,MEXC,HTX,85880.5000000000,85875.0000000000,-0.640425,-0.000028000000,-0.000018869208,0.091308,26.000000,-26.549117,291.7647
2026-10-06T08:28:10.023964+00:00,BTC,USDT,100.0,HTX,BITGET,85875.1000000000,85890.4000000000,1.781657,-0.000018869208,0.000060000000,0.788692,22.000000,-19.429651,25.6353
2026-10-06T08:28:10.023977+00:00,BTC,USDT,1000.0,HTX,BITGET,85875.1000000000,85890.4000000000,1.781657,-0.000018869208,0.000060000000,0.788692,22.000000,-19.429651,25.6353
2026-10-06T08:28:10.023989+00:00,BTC,USDT,10000.0,HTX,BITGET,85875.1000000000,85890.4000000000,1.781657,-0.000018869208,0.000060000000,0.788692,22.000000,-19.429651,25.6353
2026-10-06T08:28:10.024002+00:00,BTC,USDT,100.0,HTX,GATE,85875.1000000000,85879.9000000000,0.558951,-0.000018869208,-0.000009000000,0.098692,20.000000,-19.342357,196.9869
2026-10-06T08:28:10.024014+00:00,BTC,USDT,1000.0,HTX,GATE,85875.1000000000,85879.9000000000,0.558951,-0.000018869208,-0.000009000000,0.098692,20.000000,-19.342357,196.9869
2026-10-06T08:28:10.024026+00:00,BTC,USDT,10000.0,HTX,GATE,85875.1000000000,85879.9000000000,0.558951,-0.000018869208,-0.000009000000,0.098692,20.000000,-19.342357,196.9869
2026-10-06T08:28:10.024039+00:00,BTC,USDT,100.0,HTX,MEXC,85875.1000000000,85880.4000000000,0.617175,-0.000018869208,-0.000028000000,-0.091308,26.000000,-25.474133,
2026-10-06T08:28:10.024051+00:00,BTC,USDT,1000.0,HTX,MEXC,85875.1000000000,85880.4000000000,0.617175,-0.000018869208,-0.000028000000,-0.091308,26.000000,-25.474133,
2026-10-06T08:28:10.024063+00:00,BTC,USDT,10000.0,HTX,MEXC,85875.1000000000,85880.4000000000,0.617175,-0.000018869208,-0.000028000000,-0.091308,26.000000,-25.474133,
2026-10-06T08:28:10.024077+00:00,ETH,USDT,100.0,BITGET,GATE,2715.0000000000,2714.7200000000,-1.031308,0.000086000000,-0.000077000000,-1.630000,22.000000,-24.661308,
2026-10-06T08:28:10.024089+00:00,ETH,USDT,1000.0,BITGET,GATE,2715.0000000000,2714.7200000000,-1.031308,0.000086000000,-0.000077000000,-1.630000,22.000000,-24.661308,
2026-10-06T08:28:10.024101+00:00,ETH,USDT,10000.0,BITGET,GATE,2715.0000000000,2714.7200000000,-1.031308,0.000086000000,-0.000077000000,-1.630000,22.000000,-24.661308,
2026-10-06T08:28:10.024112+00:00,ETH,USDT,100.0,BITGET,MEXC,2715.0000000000,2714.9900000000,-0.036832,0.000086000000,-0.000021000000,-1.070000,28.000000,-29.106832,
2026-10-06T08:28:10.024124+00:00,ETH,USDT,1000.0,BITGET,MEXC,2715.0000000000,2714.9900000000,-0.036832,0.000086000000,-0.000021000000,-1.070000,28.000000,-29.106832,
2026-10-06T08:28:10.024135+00:00,ETH,USDT,10000.0,BITGET,MEXC,2715.0000000000,2714.9900000000,-0.036832,0.000086000000,-0.000021000000,-1.070000,28.000000,-29.106832,
2026-10-06T08:28:10.024147+00:00,ETH,USDT,100.0,BITGET,HTX,2715.0000000000,2714.4700000000,-1.952118,0.000086000000,-0.000146042361,-2.320424,22.000000,-26.272541,
2026-10-06T08:28:10.024158+00:00,ETH,USDT,1000.0,BITGET,HTX,2715.0000000000,2714.4700000000,-1.952118,0.000086000000,-0.000146042361,-2.320424,22.000000,-26.272541,
2026-10-06T08:28:10.024169+00:00,ETH,USDT,10000.0,BITGET,HTX,2715.0000000000,2714.4700000000,-1.952118,0.000086000000,-0.000146042361,-2.320424,22.000000,-26.272541,
2026-10-06T08:28:10.024182+00:00,ETH,USDT,100.0,GATE,BITGET,2714.7300000000,2714.9900000000,0.957738,-0.000077000000,0.000086000000,1.630000,22.000000,-19.412262,12.9094
2026-10-06T08:28:10.024194+00:00,ETH,USDT,1000.0,GATE,BITGET,2714.7300000000,2714.9900000000,0.957738,-0.000077000000,0.000086000000,1.630000,22.000000,-19.412262,12.9094
2026-10-06T08:28:10.024205+00:00,ETH,USDT,10000.0,GATE,BITGET,2714.7300000000,2714.9900000000,0.957738,-0.000077000000,0.000086000000,1.630000,22.000000,-19.412262,12.9094
2026-10-06T08:28:10.024218+00:00,ETH,USDT,100.0,GATE,MEXC,2714.7300000000,2714.9900000000,0.957738,-0.000077000000,-0.000021000000,0.560000,26.000000,-24.482262,44.7183
2026-10-06T08:28:10.024253+00:00,ETH,USDT,1000.0,GATE,MEXC,2714.7300000000,2714.9900000000,0.957738,-0.000077000000,-0.000021000000,0.560000,26.000000,-24.482262,44.7183
2026-10-06T08:28:10.024267+00:00,ETH,USDT,10000.0,GATE,MEXC,2714.7300000000,2714.9900000000,0.957738,-0.000077000000,-0.000021000000,0.560000,26.000000,-24.482262,44.7183
2026-10-06T08:28:10.024279+00:00,ETH,USDT,100.0,GATE,HTX,2714.7300000000,2714.4700000000,-0.957738,-0.000077000000,-0.000146042361,-0.690424,20.000000,-21.648162,
2026-10-06T08:28:10.024291+00:00,ETH,USDT,1000.0,GATE,HTX,2714.7300000000,2714.4700000000,-0.957738,-0.000077000000,-0.000146042361,-0.690424,20.000000,-21.648162,
2026-10-06T08:28:10.024302+00:00,ETH,USDT,10000.0,GATE,HTX,2714.7300000000,2714.4700000000,-0.957738,-0.000077000000,-0.000146042361,-0.690424,20.000000,-21.648162,
2026-10-06T08:28:10.024334+00:00,ETH,USDT,100.0,MEXC,BITGET,2715.0100000000,2714.9900000000,-0.073665,-0.000021000000,0.000086000000,1.070000,28.000000,-27.003665,26.2371
2026-10-06T08:28:10.024347+00:00,ETH,USDT,1000.0,MEXC,BITGET,2715.0100000000,2714.9900000000,-0.073665,-0.000021000000,0.000086000000,1.070000,28.000000,-27.003665,26.2371
2026-10-06T08:28:10.024359+00:00,ETH,USDT,10000.0,MEXC,BITGET,2715.0100000000,2714.9900000000,-0.073665,-0.000021000000,0.000086000000,1.070000,28.000000,-27.003665,26.2371
2026-10-06T08:28:10.024370+00:00,ETH,USDT,100.0,MEXC,GATE,2715.0100000000,2714.7200000000,-1.068136,-0.000021000000,-0.000077000000,-0.560000,26.000000,-27.628136,
2026-10-06T08:28:10.024382+00:00,ETH,USDT,1000.0,MEXC,GATE,2715.0100000000,2714.7200000000,-1.068136,-0.000021000000,-0.000077000000,-0.560000,26.000000,-27.628136,
2026-10-06T08:28:10.024393+00:00,ETH,USDT,10000.0,MEXC,GATE,2715.0100000000,2714.7200000000,-1.068136,-0.000021000000,-0.000077000000,-0.560000,26.000000,-27.628136,
2026-10-06T08:28:10.024404+00:00,ETH,USDT,100.0,MEXC,HTX,2715.0100000000,2714.4700000000,-1.988943,-0.000021000000,-0.000146042361,-1.250424,26.000000,-29.239367,
2026-10-06T08:28:10.024415+00:00,ETH,USDT,1000.0,MEXC,HTX,2715.0100000000,2714.4700000000,-1.988943,-0.000021000000,-0.000146042361,-1.250424,26.000000,-29.239367,
2026-10-06T08:28:10.024426+00:00,ETH,USDT,10000.0,MEXC,HTX,2715.0100000000,2714.4700000000,-1.988943,-0.000021000000,-0.000146042361,-1.250424,26.000000,-29.239367,
2026-10-06T08:28:10.024438+00:00,ETH,USDT,100.0,HTX,BITGET,2714.4800000000,2714.9900000000,1.878813,-0.000146042361,0.000086000000,2.320424,22.000000,-17.800764,8.6713
2026-10-06T08:28:10.024449+00:00,ETH,USDT,1000.0,HTX,BITGET,2714.4800000000,2714.9900000000,1.878813,-0.000146042361,0.000086000000,2.320424,22.000000,-17.800764,8.6713
2026-10-06T08:28:10.024461+00:00,ETH,USDT,10000.0,HTX,BITGET,2714.4800000000,2714.9900000000,1.878813,-0.000146042361,0.000086000000,2.320424,22.000000,-17.800764,8.6713
2026-10-06T08:28:10.024473+00:00,ETH,USDT,100.0,HTX,GATE,2714.4800000000,2714.7200000000,0.884147,-0.000146042361,-0.000077000000,0.690424,20.000000,-18.425429,27.6871
2026-10-06T08:28:10.024484+00:00,ETH,USDT,1000.0,HTX,GATE,2714.4800000000,2714.7200000000,0.884147,-0.000146042361,-0.000077000000,0.690424,20.000000,-18.425429,27.6871
2026-10-06T08:28:10.024496+00:00,ETH,USDT,10000.0,HTX,GATE,2714.4800000000,2714.7200000000,0.884147,-0.000146042361,-0.000077000000,0.690424,20.000000,-18.425429,27.6871
2026-10-06T08:28:10.024507+00:00,ETH,USDT,100.0,HTX,MEXC,2714.4800000000,2714.9900000000,1.878813,-0.000146042361,-0.000021000000,1.250424,26.000000,-22.870764,19.2904
2026-10-06T08:28:10.024519+00:00,ETH,USDT,1000.0,HTX,MEXC,2714.4800000000,2714.9900000000,1.878813,-0.000146042361,-0.000021000000,1.250424,26.000000,-22.870764,19.2904
2026-10-06T08:28:10.024530+00:00,ETH,USDT,10000.0,HTX,MEXC,2714.4800000000,2714.9900000000,1.878813,-0.000146042361,-0.000021000000,1.250424,26.000000,-22.870764,19.2904
2026-10-06T08:28:22.146256+00:00,BTC,USDT,100.0,BITGET,GATE,85873.4000000000,85888.6000000000,1.770048,0.000060000000,-0.000009000000,-0.690000,22.000000,-20.919952,
2026-10-06T08:28:22.146289+00:00,BTC,USDT,1000.0,BITGET,GATE,85873.4000000000,85888.6000000000,1.770048,0.000060000000,-0.000009000000,-0.690000,22.000000,-20.919952,
2026-10-06T08:28:22.146307+00:00,BTC,USDT,10000.0,BITGET,GATE,85873.4000000000,85888.6000000000,1.770048,0.000060000000,-0.000009000000,-0.690000,22.000000,-20.919952,
2026-10-06T08:28:22.146346+00:00,BTC,USDT,100.0,BITGET,MEXC,85873.4000000000,85881.3000000000,0.919959,0.000060000000,-0.000028000000,-0.880000,28.000000,-27.960041,
2026-10-06T08:28:22.146362+00:00,BTC,USDT,1000.0,BITGET,MEXC,85873.4000000000,85881.3000000000,0.919959,0.000060000000,-0.000028000000,-0.880000,28.000000,-27.960041,
2026-10-06T08:28:22.146376+00:00,BTC,USDT,10000.0,BITGET,MEXC,85873.4000000000,85881.3000000000,0.919959,0.000060000000,-0.000028000000,-0.880000,28.000000,-27.960041,
2026-10-06T08:28:22.146390+00:00,BTC,USDT,100.0,BITGET,HTX,85873.4000000000,85891.7000000000,2.131044,0.000060000000,-0.000016791339,-0.767913,22.000000,-20.636869,
2026-10-06T08:28:22.146403+00:00,BTC,USDT,1000.0,BITGET,HTX,85873.4000000000,85891.7000000000,2.131044,0.000060000000,-0.000016791339,-0.767913,22.000000,-20.636869,
2026-10-06T08:28:22.146417+00:00,BTC,USDT,10000.0,BITGET,HTX,85873.4000000000,85891.7000000000,2.131044,0.000060000000,-0.000016791339,-0.767913,22.000000,-20.636869,
2026-10-06T08:28:22.146432+00:00,BTC,USDT,100.0,GATE,BITGET,85888.7000000000,85873.3000000000,-1.793018,-0.000009000000,0.000060000000,0.690000,22.000000,-23.103018,34.4826
2026-10-06T08:28:22.146447+00:00,BTC,USDT,1000.0,GATE,BITGET,85888.7000000000,85873.3000000000,-1.793018,-0.000009000000,0.000060000000,0.690000,22.000000,-23.103018,34.4826
2026-10-06T08:28:22.146461+00:00,BTC,USDT,10000.0,GATE,BITGET,85888.7000000000,85873.3000000000,-1.793018,-0.000009000000,0.000060000000,0.690000,22.000000,-23.103018,34.4826
2026-10-06T08:28:22.146474+00:00,BTC,USDT,100.0,GATE,MEXC,85888.7000000000,85881.3000000000,-0.861580,-0.000009000000,-0.000028000000,-0.190000,26.000000,-27.051580,
2026-10-06T08:28:22.146488+00:00,BTC,USDT,1000.0,GATE,MEXC,85888.7000000000,85881.3000000000,-0.861580,-0.000009000000,-0.000028000000,-0.190000,26.000000,-27.051580,
2026-10-06T08:28:22.146501+00:00,BTC,USDT,10000.0,GATE,MEXC,85888.7000000000,85881.3000000000,-0.861580,-0.000009000000,-0.000028000000,-0.190000,26.000000,-27.051580,
2026-10-06T08:28:22.146514+00:00,BTC,USDT,100.0,GATE,HTX,85888.7000000000,85891.7000000000,0.349289,-0.000009000000,-0.000016791339,-0.077913,20.000000,-19.728624,
2026-10-06T08:28:22.146528+00:00,BTC,USDT,1000.0,GATE,HTX,85888.7000000000,85891.7000000000,0.349289,-0.000009000000,-0.000016791339,-0.077913,20.000000,-19.728624,
2026-10-06T08:28:22.146541+00:00,BTC,USDT,10000.0,GATE,HTX,85888.7000000000,85891.7000000000,0.349289,-0.000009000000,-0.000016791339,-0.077913,20.000000,-19.728624,
2026-10-06T08:28:22.146555+00:00,BTC,USDT,100.0,MEXC,BITGET,85881.4000000000,85873.3000000000,-0.943161,-0.000028000000,0.000060000000,0.880000,28.000000,-28.063161,32.8900
2026-10-06T08:28:22.146569+00:00,BTC,USDT,1000.0,MEXC,BITGET,85881.4000000000,85873.3000000000,-0.943161,-0.000028000000,0.000060000000,0.880000,28.000000,-28.063161,32.8900
2026-10-06T08:28:22.146581+00:00,BTC,USDT,10000.0,MEXC,BITGET,85881.4000000000,85873.3000000000,-0.943161,-0.000028000000,0.000060000000,0.880000,28.000000,-28.063161,32.8900
2026-10-06T08:28:22.146594+00:00,BTC,USDT,100.0,MEXC,GATE,85881.4000000000,85888.6000000000,0.838365,-0.000028000000,-0.000009000000,0.190000,26.000000,-24.971635,132.4297
2026-10-06T08:28:22.146607+00:00,BTC,USDT,1000.0,MEXC,GATE,85881.4000000000,85888.6000000000,0.838365,-0.000028000000,-0.000009000000,0.190000,26.000000,-24.971635,132.4297
2026-10-06T08:28:22.146619+00:00,BTC,USDT,10000.0,MEXC,GATE,85881.4000000000,85888.6000000000,0.838365,-0.000028000000,-0.000009000000,0.190000,26.000000,-24.971635,132.4297
2026-10-06T08:28:22.146632+00:00,BTC,USDT,100.0,MEXC,HTX,85881.4000000000,85891.7000000000,1.199328,-0.000028000000,-0.000016791339,0.112087,26.000000,-24.688585,221.2635
2026-10-06T08:28:22.146644+00:00,BTC,USDT,1000.0,MEXC,HTX,85881.4000000000,85891.7000000000,1.199328,-0.000028000000,-0.000016791339,0.112087,26.000000,-24.688585,221.2635
2026-10-06T08:28:22.146657+00:00,BTC,USDT,10000.0,MEXC,HTX,85881.4000000000,85891.7000000000,1.199328,-0.000028000000,-0.000016791339,0.112087,26.000000,-24.688585,221.2635
2026-10-06T08:28:22.146670+00:00,BTC,USDT,100.0,HTX,BITGET,85891.8000000000,85873.3000000000,-2.153873,-0.000016791339,0.000060000000,0.767913,22.000000,-23.385959,31.4539
2026-10-06T08:28:22.146683+00:00,BTC,USDT,1000.0,HTX,BITGET,85891.8000000000,85873.3000000000,-2.153873,-0.000016791339,0.000060000000,0.767913,22.000000,-23.385959,31.4539
2026-10-06T08:28:22.146695+00:00,BTC,USDT,10000.0,HTX,BITGET,85891.8000000000,85873.3000000000,-2.153873,-0.000016791339,0.000060000000,0.767913,22.000000,-23.385959,31.4539
2026-10-06T08:28:22.146708+00:00,BTC,USDT,100.0,HTX,GATE,85891.8000000000,85888.6000000000,-0.372562,-0.000016791339,-0.000009000000,0.077913,20.000000,-20.294648,261.4770
2026-10-06T08:28:22.146720+00:00,BTC,USDT,1000.0,HTX,GATE,85891.8000000000,85888.6000000000,-0.372562,-0.000016791339,-0.000009000000,0.077913,20.000000,-20.294648,261.4770
2026-10-06T08:28:22.146732+00:00,BTC,USDT,10000.0,HTX,GATE,85891.8000000000,85888.6000000000,-0.372562,-0.000016791339,-0.000009000000,0.077913,20.000000,-20.294648,261.4770
2026-10-06T08:28:22.146744+00:00,BTC,USDT,100.0,HTX,MEXC,85891.8000000000,85881.3000000000,-1.222468,-0.000016791339,-0.000028000000,-0.112087,26.000000,-27.334555,
2026-10-06T08:28:22.146757+00:00,BTC,USDT,1000.0,HTX,MEXC,85891.8000000000,85881.3000000000,-1.222468,-0.000016791339,-0.000028000000,-0.112087,26.000000,-27.334555,
2026-10-06T08:28:22.146769+00:00,BTC,USDT,10000.0,HTX,MEXC,85891.8000000000,85881.3000000000,-1.222468,-0.000016791339,-0.000028000000,-0.112087,26.000000,-27.334555,
2026-10-06T08:28:22.146784+00:00,ETH,USDT,100.0,BITGET,GATE,2714.2700000000,2714.4500000000,0.663162,0.000086000000,-0.000077000000,-1.630000,22.000000,-22.966838,
2026-10-06T08:28:22.146796+00:00,ETH,USDT,1000.0,BITGET,GATE,2714.2700000000,2714.4500000000,0.663162,0.000086000000,-0.000077000000,-1.630000,22.000000,-22.966838,
2026-10-06T08:28:22.146807+00:00,ETH,USDT,10000.0,BITGET,GATE,2714.2700000000,2714.4500000000,0.663162,0.000086000000,-0.000077000000,-1.630000,22.000000,-22.966838,
2026-10-06T08:28:22.146819+00:00,ETH,USDT,100.0,BITGET,MEXC,2714.2700000000,2714.6000000000,1.215797,0.000086000000,-0.000021000000,-1.070000,28.000000,-27.854203,
2026-10-06T08:28:22.146830+00:00,ETH,USDT,1000.0,BITGET,MEXC,2714.2700000000,2714.6000000000,1.215797,0.000086000000,-0.000021000000,-1.070000,28.000000,-27.854203,
2026-10-06T08:28:22.146841+00:00,ETH,USDT,10000.0,BITGET,MEXC,2714.2700000000,2714.6000000000,1.215797,0.000086000000,-0.000021000000,-1.070000,28.000000,-27.854203,
2026-10-06T08:28:22.146853+00:00,ETH,USDT,100.0,BITGET,HTX,2714.2700000000,2714.4700000000,0.736846,0.000086000000,-0.000145255132,-2.312551,22.000000,-23.575705,
2026-10-06T08:28:22.146864+00:00,ETH,USDT,1000.0,BITGET,HTX,2714.2700000000,2714.4700000000,0.736846,0.000086000000,-0.000145255132,-2.312551,22.000000,-23.575705,
2026-10-06T08:28:22.146876+00:00,ETH,USDT,10000.0,BITGET,HTX,2714.2700000000,2714.4700000000,0.736846,0.000086000000,-0.000145255132,-2.312551,22.000000,-23.575705,
2026-10-06T08:28:22.146888+00:00,ETH,USDT,100.0,GATE,BITGET,2714.4600000000,2714.2600000000,-0.736795,-0.000077000000,0.000086000000,1.630000,22.000000,-21.106795,13.9490
2026-10-06T08:28:22.146901+00:00,ETH,USDT,1000.0,GATE,BITGET,2714.4600000000,2714.2600000000,-0.736795,-0.000077000000,0.000086000000,1.630000,22.000000,-21.106795,13.9490
2026-10-06T08:28:22.146913+00:00,ETH,USDT,10000.0,GATE,BITGET,2714.4600000000,2714.2600000000,-0.736795,-0.000077000000,0.000086000000,1.630000,22.000000,-21.106795,13.9490
2026-10-06T08:28:22.146925+00:00,ETH,USDT,100.0,GATE,MEXC,2714.4600000000,2714.6000000000,0.515756,-0.000077000000,-0.000021000000,0.560000,26.000000,-24.924244,45.5076
2026-10-06T08:28:22.146963+00:00,ETH,USDT,1000.0,GATE,MEXC,2714.4600000000,2714.6000000000,0.515756,-0.000077000000,-0.000021000000,0.560000,26.000000,-24.924244,45.5076
2026-10-06T08:28:22.146977+00:00,ETH,USDT,10000.0,GATE,MEXC,2714.4600000000,2714.6000000000,0.515756,-0.000077000000,-0.000021000000,0.560000,26.000000,-24.924244,45.5076
2026-10-06T08:28:22.146989+00:00,ETH,USDT,100.0,GATE,HTX,2714.4600000000,2714.4700000000,0.036840,-0.000077000000,-0.000145255132,-0.682551,20.000000,-20.645712,
2026-10-06T08:28:22.147000+00:00,ETH,USDT,1000.0,GATE,HTX,2714.4600000000,2714.4700000000,0.036840,-0.000077000000,-0.000145255132,-0.682551,20.000000,-20.645712,
2026-10-06T08:28:22.147012+00:00,ETH,USDT,10000.0,GATE,HTX,2714.4600000000,2714.4700000000,0.036840,-0.000077000000,-0.000145255132,-0.682551,20.000000,-20.645712,
2026-10-06T08:28:22.147024+00:00,ETH,USDT,100.0,MEXC,BITGET,2714.6100000000,2714.2600000000,-1.289320,-0.000021000000,0.000086000000,1.070000,28.000000,-28.219320,27.3732
2026-10-06T08:28:22.147036+00:00,ETH,USDT,1000.0,MEXC,BITGET,2714.6100000000,2714.2600000000,-1.289320,-0.000021000000,0.000086000000,1.070000,28.000000,-28.219320,27.3732
2026-10-06T08:28:22.147048+00:00,ETH,USDT,10000.0,MEXC,BITGET,2714.6100000000,2714.2600000000,-1.289320,-0.000021000000,0.000086000000,1.070000,28.000000,-28.219320,27.3732
2026-10-06T08:28:22.147059+00:00,ETH,USDT,100.0,MEXC,GATE,2714.6100000000,2714.4500000000,-0.589403,-0.000021000000,-0.000077000000,-0.560000,26.000000,-27.149403,
2026-10-06T08:28:22.147071+00:00,ETH,USDT,1000.0,MEXC,GATE,2714.6100000000,2714.4500000000,-0.589403,-0.000021000000,-0.000077000000,-0.560000,26.000000,-27.149403,
2026-10-06T08:28:22.147082+00:00,ETH,USDT,10000.0,MEXC,GATE,2714.6100000000,2714.4500000000,-0.589403,-0.000021000000,-0.000077000000,-0.560000,26.000000,-27.149403,
2026-10-06T08:28:22.147093+00:00,ETH,USDT,100.0,MEXC,HTX,2714.6100000000,2714.4700000000,-0.515728,-0.000021000000,-0.000145255132,-1.242551,26.000000,-27.758279,
2026-10-06T08:28:22.147104+00:00,ETH,USDT,1000.0,MEXC,HTX,2714.6100000000,2714.4700000000,-0.515728,-0.000021000000,-0.000145255132,-1.242551,26.000000,-27.758279,
2026-10-06T08:28:22.147116+00:00,ETH,USDT,10000.0,MEXC,HTX,2714.6100000000,2714.4700000000,-0.515728,-0.000021000000,-0.000145255132,-1.242551,26.000000,-27.758279,
2026-10-06T08:28:22.147128+00:00,ETH,USDT,100.0,HTX,BITGET,2714.4800000000,2714.2600000000,-0.810468,-0.000145255132,0.000086000000,2.312551,22.000000,-20.497917,9.8638
2026-10-06T08:28:22.147141+00:00,ETH,USDT,1000.0,HTX,BITGET,2714.4800000000,2714.2600000000,-0.810468,-0.000145255132,0.000086000000,2.312551,22.000000,-20.497917,9.8638
2026-10-06T08:28:22.147153+00:00,ETH,USDT,10000.0,HTX,BITGET,2714.4800000000,2714.2600000000,-0.810468,-0.000145255132,0.000086000000,2.312551,22.000000,-20.497917,9.8638
2026-10-06T08:28:22.147165+00:00,ETH,USDT,100.0,HTX,GATE,2714.4800000000,2714.4500000000,-0.110518,-0.000145255132,-0.000077000000,0.682551,20.000000,-19.427967,29.4637
2026-10-06T08:28:22.147176+00:00,ETH,USDT,1000.0,HTX,GATE,2714.4800000000,2714.4500000000,-0.110518,-0.000145255132,-0.000077000000,0.682551,20.000000,-19.427967,29.4637
2026-10-06T08:28:22.147188+00:00,ETH,USDT,10000.0,HTX,GATE,2714.4800000000,2714.4500000000,-0.110518,-0.000145255132,-0.000077000000,0.682551,20.000000,-19.427967,29.4637
2026-10-06T08:28:22.147200+00:00,ETH,USDT,100.0,HTX,MEXC,2714.4800000000,2714.6000000000,0.442074,-0.000145255132,-0.000021000000,1.242551,26.000000,-24.315375,20.5689
2026-10-06T08:28:22.147211+00:00,ETH,USDT,1000.0,HTX,MEXC,2714.4800000000,2714.6000000000,0.442074,-0.000145255132,-0.000021000000,1.242551,26.000000,-24.315375,20.5689
2026-10-06T08:28:22.147223+00:00,ETH,USDT,10000.0,HTX,MEXC,2714.4800000000,2714.6000000000,0.442074,-0.000145255132,-0.000021000000,1.242551,26.000000,-24.315375,20.5689
2026-10-06T08:28:34.460440+00:00,BTC,USDT,100.0,BITGET,GATE,85868.6000000000,85857.3000000000,-1.315964,0.000060000000,-0.000009000000,-0.690000,22.000000,-24.005964,
2026-10-06T08:28:34.460474+00:00,BTC,USDT,1000.0,BITGET,GATE,85868.6000000000,85857.3000000000,-1.315964,0.000060000000,-0.000009000000,-0.690000,22.000000,-24.005964,
2026-10-06T08:28:34.460491+00:00,BTC,USDT,10000.0,BITGET,GATE,85868.6000000000,85857.3000000000,-1.315964,0.000060000000,-0.000009000000,-0.690000,22.000000,-24.005964,
2026-10-06T08:28:34.460508+00:00,BTC,USDT,100.0,BITGET,MEXC,85868.6000000000,85857.0979711682,-1.339492,0.000060000000,-0.000028000000,-0.880000,28.000000,-30.219492,
2026-10-06T08:28:34.460523+00:00,BTC,USDT,1000.0,BITGET,MEXC,85868.6000000000,85856.6497968569,-1.391685,0.000060000000,-0.000028000000,-0.880000,28.000000,-30.271685,
2026-10-06T08:28:34.460541+00:00,BTC,USDT,10000.0,BITGET,MEXC,85868.6000000000,85856.0232956745,-1.464645,0.000060000000,-0.000028000000,-0.880000,28.000000,-30.344645,
2026-10-06T08:28:34.460555+00:00,BTC,USDT,100.0,BITGET,HTX,85868.6000000000,85856.8000000000,-1.374193,0.000060000000,-0.000014726130,-0.747261,22.000000,-24.121454,
2026-10-06T08:28:34.460568+00:00,BTC,USDT,1000.0,BITGET,HTX,85868.6000000000,85856.8000000000,-1.374193,0.000060000000,-0.000014726130,-0.747261,22.000000,-24.121454,
2026-10-06T08:28:34.460581+00:00,BTC,USDT,10000.0,BITGET,HTX,85868.6000000000,85856.8000000000,-1.374193,0.000060000000,-0.000014726130,-0.747261,22.000000,-24.121454,
2026-10-06T08:28:34.460597+00:00,BTC,USDT,100.0,GATE,BITGET,85857.4000000000,85868.5000000000,1.292841,-0.000009000000,0.000060000000,0.690000,22.000000,-20.017159,30.0104
2026-10-06T08:28:34.460612+00:00,BTC,USDT,1000.0,GATE,BITGET,85857.4000000000,85868.5000000000,1.292841,-0.000009000000,0.000060000000,0.690000,22.000000,-20.017159,30.0104
2026-10-06T08:28:34.460626+00:00,BTC,USDT,10000.0,GATE,BITGET,85857.4000000000,85868.5000000000,1.292841,-0.000009000000,0.000060000000,0.690000,22.000000,-20.017159,30.0104
2026-10-06T08:28:34.460640+00:00,BTC,USDT,100.0,GATE,MEXC,85857.4000000000,85857.0979711682,-0.035178,-0.000009000000,-0.000028000000,-0.190000,26.000000,-26.225178,
2026-10-06T08:28:34.460655+00:00,BTC,USDT,1000.0,GATE,MEXC,85857.4000000000,85856.6497968569,-0.087378,-0.000009000000,-0.000028000000,-0.190000,26.000000,-26.277378,
2026-10-06T08:28:34.460671+00:00,BTC,USDT,10000.0,GATE,MEXC,85857.4000000000,85856.0232956745,-0.160348,-0.000009000000,-0.000028000000,-0.190000,26.000000,-26.350348,
2026-10-06T08:28:34.460684+00:00,BTC,USDT,100.0,GATE,HTX,85857.4000000000,85856.8000000000,-0.069883,-0.000009000000,-0.000014726130,-0.057261,20.000000,-20.127145,
2026-10-06T08:28:34.460698+00:00,BTC,USDT,1000.0,GATE,HTX,85857.4000000000,85856.8000000000,-0.069883,-0.000009000000,-0.000014726130,-0.057261,20.000000,-20.127145,
2026-10-06T08:28:34.460711+00:00,BTC,USDT,10000.0,GATE,HTX,85857.4000000000,85856.8000000000,-0.069883,-0.000009000000,-0.000014726130,-0.057261,20.000000,-20.127145,
2026-10-06T08:28:34.460725+00:00,BTC,USDT,100.0,MEXC,BITGET,85862.5000000000,85868.5000000000,0.698792,-0.000028000000,0.000060000000,0.880000,28.000000,-26.421208,31.0241
2026-10-06T08:28:34.460742+00:00,BTC,USDT,1000.0,MEXC,BITGET,85862.5000000000,85868.5000000000,0.698792,-0.000028000000,0.000060000000,0.880000,28.000000,-26.421208,31.0241
2026-10-06T08:28:34.460757+00:00,BTC,USDT,10000.0,MEXC,BITGET,85862.5000000000,85868.5000000000,0.698792,-0.000028000000,0.000060000000,0.880000,28.000000,-26.421208,31.0241
2026-10-06T08:28:34.460771+00:00,BTC,USDT,100.0,MEXC,GATE,85862.5000000000,85857.3000000000,-0.605619,-0.000028000000,-0.000009000000,0.190000,26.000000,-26.415619,140.0296
2026-10-06T08:28:34.460785+00:00,BTC,USDT,1000.0,MEXC,GATE,85862.5000000000,85857.3000000000,-0.605619,-0.000028000000,-0.000009000000,0.190000,26.000000,-26.415619,140.0296
2026-10-06T08:28:34.460799+00:00,BTC,USDT,10000.0,MEXC,GATE,85862.5000000000,85857.3000000000,-0.605619,-0.000028000000,-0.000009000000,0.190000,26.000000,-26.415619,140.0296
2026-10-06T08:28:34.460813+00:00,BTC,USDT,100.0,MEXC,HTX,85862.5000000000,85856.8000000000,-0.663852,-0.000028000000,-0.000014726130,0.132739,26.000000,-26.531113,200.8747
2026-10-06T08:28:34.460827+00:00,BTC,USDT,1000.0,MEXC,HTX,85862.5000000000,85856.8000000000,-0.663852,-0.000028000000,-0.000014726130,0.132739,26.000000,-26.531113,200.8747
2026-10-06T08:28:34.460841+00:00,BTC,USDT,10000.0,MEXC,HTX,85862.5000000000,85856.8000000000,-0.663852,-0.000028000000,-0.000014726130,0.132739,26.000000,-26.531113,200.8747
2026-10-06T08:28:34.460855+00:00,BTC,USDT,100.0,HTX,BITGET,85856.9000000000,85868.5000000000,1.351085,-0.000014726130,0.000060000000,0.747261,22.000000,-19.901653,27.6328
2026-10-06T08:28:34.460870+00:00,BTC,USDT,1000.0,HTX,BITGET,85856.9000000000,85868.5000000000,1.351085,-0.000014726130,0.000060000000,0.747261,22.000000,-19.901653,27.6328
2026-10-06T08:28:34.460884+00:00,BTC,USDT,10000.0,HTX,BITGET,85856.9000000000,85868.5000000000,1.351085,-0.000014726130,0.000060000000,0.747261,22.000000,-19.901653,27.6328
2026-10-06T08:28:34.460898+00:00,BTC,USDT,100.0,HTX,GATE,85856.9000000000,85857.3000000000,0.046589,-0.000014726130,-0.000009000000,0.057261,20.000000,-19.896150,348.4624
2026-10-06T08:28:34.460912+00:00,BTC,USDT,1000.0,HTX,GATE,85856.9000000000,85857.3000000000,0.046589,-0.000014726130,-0.000009000000,0.057261,20.000000,-19.896150,348.4624
2026-10-06T08:28:34.460926+00:00,BTC,USDT,10000.0,HTX,GATE,85856.9000000000,85857.3000000000,0.046589,-0.000014726130,-0.000009000000,0.057261,20.000000,-19.896150,348.4624
2026-10-06T08:28:34.460940+00:00,BTC,USDT,100.0,HTX,MEXC,85856.9000000000,85857.0979711682,0.023058,-0.000014726130,-0.000028000000,-0.132739,26.000000,-26.109680,
2026-10-06T08:28:34.460954+00:00,BTC,USDT,1000.0,HTX,MEXC,85856.9000000000,85856.6497968569,-0.029142,-0.000014726130,-0.000028000000,-0.132739,26.000000,-26.161881,
2026-10-06T08:28:34.460970+00:00,BTC,USDT,10000.0,HTX,MEXC,85856.9000000000,85856.0232956745,-0.102112,-0.000014726130,-0.000028000000,-0.132739,26.000000,-26.234851,
2026-10-06T08:28:34.460987+00:00,ETH,USDT,100.0,BITGET,GATE,2714.0100000000,2713.4800000000,-1.952830,0.000086000000,-0.000077000000,-1.630000,22.000000,-25.582830,
2026-10-06T08:28:34.461001+00:00,ETH,USDT,1000.0,BITGET,GATE,2714.0100000000,2713.4800000000,-1.952830,0.000086000000,-0.000077000000,-1.630000,22.000000,-25.582830,
2026-10-06T08:28:34.461014+00:00,ETH,USDT,10000.0,BITGET,GATE,2714.0100000000,2713.4800000000,-1.952830,0.000086000000,-0.000077000000,-1.630000,22.000000,-25.582830,
2026-10-06T08:28:34.461027+00:00,ETH,USDT,100.0,BITGET,MEXC,2714.0100000000,2713.5100000000,-1.842292,0.000086000000,-0.000021000000,-1.070000,28.000000,-30.912292,
2026-10-06T08:28:34.461040+00:00,ETH,USDT,1000.0,BITGET,MEXC,2714.0100000000,2713.5100000000,-1.842292,0.000086000000,-0.000021000000,-1.070000,28.000000,-30.912292,
2026-10-06T08:28:34.461053+00:00,ETH,USDT,10000.0,BITGET,MEXC,2714.0100000000,2713.5100000000,-1.842292,0.000086000000,-0.000021000000,-1.070000,28.000000,-30.912292,
2026-10-06T08:28:34.461066+00:00,ETH,USDT,100.0,BITGET,HTX,2714.0100000000,2713.8500000000,-0.589534,0.000086000000,-0.000143778574,-2.297786,22.000000,-24.887319,
2026-10-06T08:28:34.461079+00:00,ETH,USDT,1000.0,BITGET,HTX,2714.0100000000,2713.8500000000,-0.589534,0.000086000000,-0.000143778574,-2.297786,22.000000,-24.887319,
2026-10-06T08:28:34.461092+00:00,ETH,USDT,10000.0,BITGET,HTX,2714.0100000000,2713.8500000000,-0.589534,0.000086000000,-0.000143778574,-2.297786,22.000000,-24.887319,
2026-10-06T08:28:34.461106+00:00,ETH,USDT,100.0,GATE,BITGET,2713.4900000000,2714.0000000000,1.879498,-0.000077000000,0.000086000000,1.630000,22.000000,-18.490502,12.3439
2026-10-06T08:28:34.461120+00:00,ETH,USDT,1000.0,GATE,BITGET,2713.4900000000,2714.0000000000,1.879498,-0.000077000000,0.000086000000,1.630000,22.000000,-18.490502,12.3439
2026-10-06T08:28:34.461133+00:00,ETH,USDT,10000.0,GATE,BITGET,2713.4900000000,2714.0000000000,1.879498,-0.000077000000,0.000086000000,1.630000,22.000000,-18.490502,12.3439
2026-10-06T08:28:34.461147+00:00,ETH,USDT,100.0,GATE,MEXC,2713.4900000000,2713.5100000000,0.073706,-0.000077000000,-0.000021000000,0.560000,26.000000,-25.366294,46.2970
2026-10-06T08:28:34.461189+00:00,ETH,USDT,1000.0,GATE,MEXC,2713.4900000000,2713.5100000000,0.073706,-0.000077000000,-0.000021000000,0.560000,26.000000,-25.366294,46.2970
2026-10-06T08:28:34.461205+00:00,ETH,USDT,10000.0,GATE,MEXC,2713.4900000000,2713.5100000000,0.073706,-0.000077000000,-0.000021000000,0.560000,26.000000,-25.366294,46.2970
2026-10-06T08:28:34.461218+00:00,ETH,USDT,100.0,GATE,HTX,2713.4900000000,2713.8500000000,1.326705,-0.000077000000,-0.000143778574,-0.667786,20.000000,-19.341081,
2026-10-06T08:28:34.461231+00:00,ETH,USDT,1000.0,GATE,HTX,2713.4900000000,2713.8500000000,1.326705,-0.000077000000,-0.000143778574,-0.667786,20.000000,-19.341081,
2026-10-06T08:28:34.461242+00:00,ETH,USDT,10000.0,GATE,HTX,2713.4900000000,2713.8500000000,1.326705,-0.000077000000,-0.000143778574,-0.667786,20.000000,-19.341081,
2026-10-06T08:28:34.461254+00:00,ETH,USDT,100.0,MEXC,BITGET,2713.5200000000,2714.0000000000,1.768920,-0.000021000000,0.000086000000,1.070000,28.000000,-25.161080,24.5150
2026-10-06T08:28:34.461266+00:00,ETH,USDT,1000.0,MEXC,BITGET,2713.5200000000,2714.0000000000,1.768920,-0.000021000000,0.000086000000,1.070000,28.000000,-25.161080,24.5150
2026-10-06T08:28:34.461278+00:00,ETH,USDT,10000.0,MEXC,BITGET,2713.5200000000,2714.0000000000,1.768920,-0.000021000000,0.000086000000,1.070000,28.000000,-25.161080,24.5150
2026-10-06T08:28:34.461289+00:00,ETH,USDT,100.0,MEXC,GATE,2713.5200000000,2713.4800000000,-0.147410,-0.000021000000,-0.000077000000,-0.560000,26.000000,-26.707410,
2026-10-06T08:28:34.461300+00:00,ETH,USDT,1000.0,MEXC,GATE,2713.5200000000,2713.4800000000,-0.147410,-0.000021000000,-0.000077000000,-0.560000,26.000000,-26.707410,
2026-10-06T08:28:34.461327+00:00,ETH,USDT,10000.0,MEXC,GATE,2713.5200000000,2713.4800000000,-0.147410,-0.000021000000,-0.000077000000,-0.560000,26.000000,-26.707410,
2026-10-06T08:28:34.461341+00:00,ETH,USDT,100.0,MEXC,HTX,2713.5200000000,2713.8500000000,1.216133,-0.000021000000,-0.000143778574,-1.227786,26.000000,-26.011653,
2026-10-06T08:28:34.461352+00:00,ETH,USDT,1000.0,MEXC,HTX,2713.5200000000,2713.8500000000,1.216133,-0.000021000000,-0.000143778574,-1.227786,26.000000,-26.011653,
2026-10-06T08:28:34.461363+00:00,ETH,USDT,10000.0,MEXC,HTX,2713.5200000000,2713.8500000000,1.216133,-0.000021000000,-0.000143778574,-1.227786,26.000000,-26.011653,
2026-10-06T08:28:34.461375+00:00,ETH,USDT,100.0,HTX,BITGET,2713.8600000000,2714.0000000000,0.515870,-0.000143778574,0.000086000000,2.297786,22.000000,-19.186344,9.3499
2026-10-06T08:28:34.461387+00:00,ETH,USDT,1000.0,HTX,BITGET,2713.8600000000,2714.0000000000,0.515870,-0.000143778574,0.000086000000,2.297786,22.000000,-19.186344,9.3499
2026-10-06T08:28:34.461399+00:00,ETH,USDT,10000.0,HTX,BITGET,2713.8600000000,2714.0000000000,0.515870,-0.000143778574,0.000086000000,2.297786,22.000000,-19.186344,9.3499
2026-10-06T08:28:34.461411+00:00,ETH,USDT,100.0,HTX,GATE,2713.8600000000,2713.4800000000,-1.400220,-0.000143778574,-0.000077000000,0.667786,20.000000,-20.732434,32.0465
2026-10-06T08:28:34.461423+00:00,ETH,USDT,1000.0,HTX,GATE,2713.8600000000,2713.4800000000,-1.400220,-0.000143778574,-0.000077000000,0.667786,20.000000,-20.732434,32.0465
2026-10-06T08:28:34.461435+00:00,ETH,USDT,10000.0,HTX,GATE,2713.8600000000,2713.4800000000,-1.400220,-0.000143778574,-0.000077000000,0.667786,20.000000,-20.732434,32.0465
2026-10-06T08:28:34.461447+00:00,ETH,USDT,100.0,HTX,MEXC,2713.8600000000,2713.5100000000,-1.289676,-0.000143778574,-0.000021000000,1.227786,26.000000,-26.061890,22.2267
2026-10-06T08:28:34.461458+00:00,ETH,USDT,1000.0,HTX,MEXC,2713.8600000000,2713.5100000000,-1.289676,-0.000143778574,-0.000021000000,1.227786,26.000000,-26.061890,22.2267
2026-10-06T08:28:34.461470+00:00,ETH,USDT,10000.0,HTX,MEXC,2713.8600000000,2713.5100000000,-1.289676,-0.000143778574,-0.000021000000,1.227786,26.000000,-26.061890,22.2267
2026-10-06T08:28:46.566135+00:00,BTC,USDT,100.0,BITGET,GATE,85856.7000000000,85851.3000000000,-0.628955,0.000060000000,-0.000009000000,-0.690000,22.000000,-23.318955,
2026-10-06T08:28:46.566167+00:00,BTC,USDT,1000.0,BITGET,GATE,85856.7000000000,85851.3000000000,-0.628955,0.000060000000,-0.000009000000,-0.690000,22.000000,-23.318955,
2026-10-06T08:28:46.566183+00:00,BTC,USDT,10000.0,BITGET,GATE,85856.7000000000,85851.3000000000,-0.628955,0.000060000000,-0.000009000000,-0.690000,22.000000,-23.318955,
2026-10-06T08:28:46.566198+00:00,BTC,USDT,100.0,BITGET,MEXC,85856.7000000000,85855.8000000000,-0.104826,0.000060000000,-0.000028000000,-0.880000,28.000000,-28.984826,
2026-10-06T08:28:46.566210+00:00,BTC,USDT,1000.0,BITGET,MEXC,85856.7000000000,85855.8000000000,-0.104826,0.000060000000,-0.000028000000,-0.880000,28.000000,-28.984826,
2026-10-06T08:28:46.566223+00:00,BTC,USDT,10000.0,BITGET,MEXC,85856.7000000000,85854.7833858173,-0.223234,0.000060000000,-0.000028000000,-0.880000,28.000000,-29.103234,
2026-10-06T08:28:46.566236+00:00,BTC,USDT,100.0,BITGET,HTX,85856.7000000000,85856.8000000000,0.011647,0.000060000000,-0.000013949381,-0.739494,22.000000,-22.727847,
2026-10-06T08:28:46.566248+00:00,BTC,USDT,1000.0,BITGET,HTX,85856.7000000000,85856.8000000000,0.011647,0.000060000000,-0.000013949381,-0.739494,22.000000,-22.727847,
2026-10-06T08:28:46.566259+00:00,BTC,USDT,10000.0,BITGET,HTX,85856.7000000000,85856.8000000000,0.011647,0.000060000000,-0.000013949381,-0.739494,22.000000,-22.727847,
2026-10-06T08:28:46.566273+00:00,BTC,USDT,100.0,GATE,BITGET,85851.4000000000,85856.6000000000,0.605698,-0.000009000000,0.000060000000,0.690000,22.000000,-20.704302,31.0062
2026-10-06T08:28:46.566287+00:00,BTC,USDT,1000.0,GATE,BITGET,85851.4000000000,85856.6000000000,0.605698,-0.000009000000,0.000060000000,0.690000,22.000000,-20.704302,31.0062
2026-10-06T08:28:46.566299+00:00,BTC,USDT,10000.0,GATE,BITGET,85851.4000000000,85856.6000000000,0.605698,-0.000009000000,0.000060000000,0.690000,22.000000,-20.704302,31.0062
2026-10-06T08:28:46.566331+00:00,BTC,USDT,100.0,GATE,MEXC,85851.4000000000,85855.8000000000,0.512513,-0.000009000000,-0.000028000000,-0.190000,26.000000,-25.677487,
2026-10-06T08:28:46.566346+00:00,BTC,USDT,1000.0,GATE,MEXC,85851.4000000000,85855.8000000000,0.512513,-0.000009000000,-0.000028000000,-0.190000,26.000000,-25.677487,
2026-10-06T08:28:46.566359+00:00,BTC,USDT,10000.0,GATE,MEXC,85851.4000000000,85854.7833858173,0.394098,-0.000009000000,-0.000028000000,-0.190000,26.000000,-25.795902,
2026-10-06T08:28:46.566371+00:00,BTC,USDT,100.0,GATE,HTX,85851.4000000000,85856.8000000000,0.628994,-0.000009000000,-0.000013949381,-0.049494,20.000000,-19.420500,
2026-10-06T08:28:46.566383+00:00,BTC,USDT,1000.0,GATE,HTX,85851.4000000000,85856.8000000000,0.628994,-0.000009000000,-0.000013949381,-0.049494,20.000000,-19.420500,
2026-10-06T08:28:46.566394+00:00,BTC,USDT,10000.0,GATE,HTX,85851.4000000000,85856.8000000000,0.628994,-0.000009000000,-0.000013949381,-0.049494,20.000000,-19.420500,
2026-10-06T08:28:46.566407+00:00,BTC,USDT,100.0,MEXC,BITGET,85855.9000000000,85856.6000000000,0.081532,-0.000028000000,0.000060000000,0.880000,28.000000,-27.038468,31.7255
2026-10-06T08:28:46.566420+00:00,BTC,USDT,1000.0,MEXC,BITGET,85855.9000000000,85856.6000000000,0.081532,-0.000028000000,0.000060000000,0.880000,28.000000,-27.038468,31.7255
2026-10-06T08:28:46.566432+00:00,BTC,USDT,10000.0,MEXC,BITGET,85855.9000000000,85856.6000000000,0.081532,-0.000028000000,0.000060000000,0.880000,28.000000,-27.038468,31.7255
2026-10-06T08:28:46.566444+00:00,BTC,USDT,100.0,MEXC,GATE,85855.9000000000,85851.3000000000,-0.535781,-0.000028000000,-0.000009000000,0.190000,26.000000,-26.345781,139.6620
2026-10-06T08:28:46.566457+00:00,BTC,USDT,1000.0,MEXC,GATE,85855.9000000000,85851.3000000000,-0.535781,-0.000028000000,-0.000009000000,0.190000,26.000000,-26.345781,139.6620
2026-10-06T08:28:46.566469+00:00,BTC,USDT,10000.0,MEXC,GATE,85855.9000000000,85851.3000000000,-0.535781,-0.000028000000,-0.000009000000,0.190000,26.000000,-26.345781,139.6620
2026-10-06T08:28:46.566481+00:00,BTC,USDT,100.0,MEXC,HTX,85855.9000000000,85856.8000000000,0.104827,-0.000028000000,-0.000013949381,0.140506,26.000000,-25.754667,184.2992
2026-10-06T08:28:46.566494+00:00,BTC,USDT,1000.0,MEXC,HTX,85855.9000000000,85856.8000000000,0.104827,-0.000028000000,-0.000013949381,0.140506,26.000000,-25.754667,184.2992
2026-10-06T08:28:46.566505+00:00,BTC,USDT,10000.0,MEXC,HTX,85855.9000000000,85856.8000000000,0.104827,-0.000028000000,-0.000013949381,0.140506,26.000000,-25.754667,184.2992
2026-10-06T08:28:46.566518+00:00,BTC,USDT,100.0,HTX,BITGET,85856.9000000000,85856.6000000000,-0.034942,-0.000013949381,0.000060000000,0.739494,22.000000,-21.295448,29.7973
2026-10-06T08:28:46.566531+00:00,BTC,USDT,1000.0,HTX,BITGET,85856.9000000000,85856.6000000000,-0.034942,-0.000013949381,0.000060000000,0.739494,22.000000,-21.295448,29.7973
2026-10-06T08:28:46.566543+00:00,BTC,USDT,10000.0,HTX,BITGET,85856.9000000000,85856.6000000000,-0.034942,-0.000013949381,0.000060000000,0.739494,22.000000,-21.295448,29.7973
2026-10-06T08:28:46.566555+00:00,BTC,USDT,100.0,HTX,GATE,85856.9000000000,85851.3000000000,-0.652248,-0.000013949381,-0.000009000000,0.049494,20.000000,-20.602754,417.2693
2026-10-06T08:28:46.566567+00:00,BTC,USDT,1000.0,HTX,GATE,85856.9000000000,85851.3000000000,-0.652248,-0.000013949381,-0.000009000000,0.049494,20.000000,-20.602754,417.2693
2026-10-06T08:28:46.566579+00:00,BTC,USDT,10000.0,HTX,GATE,85856.9000000000,85851.3000000000,-0.652248,-0.000013949381,-0.000009000000,0.049494,20.000000,-20.602754,417.2693
2026-10-06T08:28:46.566591+00:00,BTC,USDT,100.0,HTX,MEXC,85856.9000000000,85855.8000000000,-0.128120,-0.000013949381,-0.000028000000,-0.140506,26.000000,-26.268626,
2026-10-06T08:28:46.566602+00:00,BTC,USDT,1000.0,HTX,MEXC,85856.9000000000,85855.8000000000,-0.128120,-0.000013949381,-0.000028000000,-0.140506,26.000000,-26.268626,
2026-10-06T08:28:46.566614+00:00,BTC,USDT,10000.0,HTX,MEXC,85856.9000000000,85854.7833858173,-0.246528,-0.000013949381,-0.000028000000,-0.140506,26.000000,-26.387034,
2026-10-06T08:28:46.566629+00:00,ETH,USDT,100.0,BITGET,GATE,2713.7400000000,2713.6700000000,-0.257947,0.000086000000,-0.000077000000,-1.630000,22.000000,-23.887947,
2026-10-06T08:28:46.566641+00:00,ETH,USDT,1000.0,BITGET,GATE,2713.7400000000,2713.6700000000,-0.257947,0.000086000000,-0.000077000000,-1.630000,22.000000,-23.887947,
2026-10-06T08:28:46.566653+00:00,ETH,USDT,10000.0,BITGET,GATE,2713.7400000000,2713.6700000000,-0.257947,0.000086000000,-0.000077000000,-1.630000,22.000000,-23.887947,
2026-10-06T08:28:46.566664+00:00,ETH,USDT,100.0,BITGET,MEXC,2713.7400000000,2713.7500000000,0.036850,0.000086000000,-0.000021000000,-1.070000,28.000000,-29.033150,
2026-10-06T08:28:46.566676+00:00,ETH,USDT,1000.0,BITGET,MEXC,2713.7400000000,2713.7500000000,0.036850,0.000086000000,-0.000021000000,-1.070000,28.000000,-29.033150,
2026-10-06T08:28:46.566686+00:00,ETH,USDT,10000.0,BITGET,MEXC,2713.7400000000,2713.7500000000,0.036850,0.000086000000,-0.000021000000,-1.070000,28.000000,-29.033150,
2026-10-06T08:28:46.566699+00:00,ETH,USDT,100.0,BITGET,HTX,2713.7400000000,2713.8500000000,0.405345,0.000086000000,-0.000142038688,-2.280387,22.000000,-23.875042,
2026-10-06T08:28:46.566710+00:00,ETH,USDT,1000.0,BITGET,HTX,2713.7400000000,2713.8500000000,0.405345,0.000086000000,-0.000142038688,-2.280387,22.000000,-23.875042,
2026-10-06T08:28:46.566721+00:00,ETH,USDT,10000.0,BITGET,HTX,2713.7400000000,2713.8500000000,0.405345,0.000086000000,-0.000142038688,-2.280387,22.000000,-23.875042,
2026-10-06T08:28:46.566733+00:00,ETH,USDT,100.0,GATE,BITGET,2713.6800000000,2713.7300000000,0.184252,-0.000077000000,0.000086000000,1.630000,22.000000,-20.185748,13.3839
2026-10-06T08:28:46.566746+00:00,ETH,USDT,1000.0,GATE,BITGET,2713.6800000000,2713.7300000000,0.184252,-0.000077000000,0.000086000000,1.630000,22.000000,-20.185748,13.3839
2026-10-06T08:28:46.566757+00:00,ETH,USDT,10000.0,GATE,BITGET,2713.6800000000,2713.7300000000,0.184252,-0.000077000000,0.000086000000,1.630000,22.000000,-20.185748,13.3839
2026-10-06T08:28:46.566769+00:00,ETH,USDT,100.0,GATE,MEXC,2713.6800000000,2713.7500000000,0.257952,-0.000077000000,-0.000021000000,0.560000,26.000000,-25.182048,45.9679
2026-10-06T08:28:46.566815+00:00,ETH,USDT,1000.0,GATE,MEXC,2713.6800000000,2713.7500000000,0.257952,-0.000077000000,-0.000021000000,0.560000,26.000000,-25.182048,45.9679
2026-10-06T08:28:46.566829+00:00,ETH,USDT,10000.0,GATE,MEXC,2713.6800000000,2713.7500000000,0.257952,-0.000077000000,-0.000021000000,0.560000,26.000000,-25.182048,45.9679
2026-10-06T08:28:46.566841+00:00,ETH,USDT,100.0,GATE,HTX,2713.6800000000,2713.8500000000,0.626456,-0.000077000000,-0.000142038688,-0.650387,20.000000,-20.023931,
2026-10-06T08:28:46.566853+00:00,ETH,USDT,1000.0,GATE,HTX,2713.6800000000,2713.8500000000,0.626456,-0.000077000000,-0.000142038688,-0.650387,20.000000,-20.023931,
2026-10-06T08:28:46.566864+00:00,ETH,USDT,10000.0,GATE,HTX,2713.6800000000,2713.8500000000,0.626456,-0.000077000000,-0.000142038688,-0.650387,20.000000,-20.023931,
2026-10-06T08:28:46.566876+00:00,ETH,USDT,100.0,MEXC,BITGET,2713.7600000000,2713.7300000000,-0.110548,-0.000021000000,0.000086000000,1.070000,28.000000,-27.040548,26.2715
2026-10-06T08:28:46.566888+00:00,ETH,USDT,1000.0,MEXC,BITGET,2713.7600000000,2713.7300000000,-0.110548,-0.000021000000,0.000086000000,1.070000,28.000000,-27.040548,26.2715
2026-10-06T08:28:46.566899+00:00,ETH,USDT,10000.0,MEXC,BITGET,2713.7600000000,2713.7300000000,-0.110548,-0.000021000000,0.000086000000,1.070000,28.000000,-27.040548,26.2715
2026-10-06T08:28:46.566910+00:00,ETH,USDT,100.0,MEXC,GATE,2713.7600000000,2713.6700000000,-0.331643,-0.000021000000,-0.000077000000,-0.560000,26.000000,-26.891643,
2026-10-06T08:28:46.566922+00:00,ETH,USDT,1000.0,MEXC,GATE,2713.7600000000,2713.6700000000,-0.331643,-0.000021000000,-0.000077000000,-0.560000,26.000000,-26.891643,
2026-10-06T08:28:46.566932+00:00,ETH,USDT,10000.0,MEXC,GATE,2713.7600000000,2713.6700000000,-0.331643,-0.000021000000,-0.000077000000,-0.560000,26.000000,-26.891643,
2026-10-06T08:28:46.566943+00:00,ETH,USDT,100.0,MEXC,HTX,2713.7600000000,2713.8500000000,0.331643,-0.000021000000,-0.000142038688,-1.210387,26.000000,-26.878744,
2026-10-06T08:28:46.566954+00:00,ETH,USDT,1000.0,MEXC,HTX,2713.7600000000,2713.8500000000,0.331643,-0.000021000000,-0.000142038688,-1.210387,26.000000,-26.878744,
2026-10-06T08:28:46.566965+00:00,ETH,USDT,10000.0,MEXC,HTX,2713.7600000000,2713.8500000000,0.331643,-0.000021000000,-0.000142038688,-1.210387,26.000000,-26.878744,
2026-10-06T08:28:46.566977+00:00,ETH,USDT,100.0,HTX,BITGET,2713.8600000000,2713.7300000000,-0.479022,-0.000142038688,0.000086000000,2.280387,22.000000,-20.198636,9.8575
2026-10-06T08:28:46.566989+00:00,ETH,USDT,1000.0,HTX,BITGET,2713.8600000000,2713.7300000000,-0.479022,-0.000142038688,0.000086000000,2.280387,22.000000,-20.198636,9.8575
2026-10-06T08:28:46.567000+00:00,ETH,USDT,10000.0,HTX,BITGET,2713.8600000000,2713.7300000000,-0.479022,-0.000142038688,0.000086000000,2.280387,22.000000,-20.198636,9.8575
2026-10-06T08:28:46.567012+00:00,ETH,USDT,100.0,HTX,GATE,2713.8600000000,2713.6700000000,-0.700110,-0.000142038688,-0.000077000000,0.650387,20.000000,-20.049723,31.8274
2026-10-06T08:28:46.567024+00:00,ETH,USDT,1000.0,HTX,GATE,2713.8600000000,2713.6700000000,-0.700110,-0.000142038688,-0.000077000000,0.650387,20.000000,-20.049723,31.8274
2026-10-06T08:28:46.567035+00:00,ETH,USDT,10000.0,HTX,GATE,2713.8600000000,2713.6700000000,-0.700110,-0.000142038688,-0.000077000000,0.650387,20.000000,-20.049723,31.8274
2026-10-06T08:28:46.567047+00:00,ETH,USDT,100.0,HTX,MEXC,2713.8600000000,2713.7500000000,-0.405327,-0.000142038688,-0.000021000000,1.210387,26.000000,-25.194940,21.8156
2026-10-06T08:28:46.567058+00:00,ETH,USDT,1000.0,HTX,MEXC,2713.8600000000,2713.7500000000,-0.405327,-0.000142038688,-0.000021000000,1.210387,26.000000,-25.194940,21.8156
2026-10-06T08:28:46.567070+00:00,ETH,USDT,10000.0,HTX,MEXC,2713.8600000000,2713.7500000000,-0.405327,-0.000142038688,-0.000021000000,1.210387,26.000000,-25.194940,21.8156
