base,long_provider,short_provider,hold_hours,entry_ts,exit_ts,long_entry,long_exit,short_entry,short_exit,basis_pnl_bps,funding_capture_bps,fees_plus_execution_bps,net_bps
OP,OKX,HTX,8,1789574400000,1789603200000,0.0925,0.09525,0.09264,0.0954,-0.6301638425987299,0.0,24.0,-24.63016384259873
OP,OKX,HTX,24,1789574400000,1789660800000,0.0925,0.10065,0.09264,0.10066,15.364328058629084,1.0110979369920003,24.0,-7.624574004378914
OP,OKX,HTX,72,1789574400000,1789833600000,0.0925,0.12197,0.09264,0.12194,23.165289641970954,1.3919782644750003,24.0,0.5572679064459543
OP,OKX,HTX,168,1789574400000,1790179200000,0.0925,0.12491,0.09264,0.12512,-2.2611212248535573,7.308296913054002,24.0,-18.952824311799557
OP,OKX,HTX,8,1789603200000,1789632000000,0.09525,0.09795,0.0954,0.09815,-4.795391142147221,0.490077666866,24.0,-28.30531347528122
OP,OKX,HTX,24,1789603200000,1789689600000,0.09525,0.10247,0.0954,0.10261,2.240050182404918,1.0110979369920003,24.0,-20.74885188060308
OP,OKX,HTX,72,1789603200000,1789862400000,0.09525,0.12134,0.0954,0.12133,21.07826144373659,1.3919782644750003,24.0,-1.5297602917884099
OP,OKX,HTX,168,1789603200000,1790208000000,0.09525,0.12334,0.0954,0.12343,10.926228561052298,9.414643384293,24.0,-3.659128054654701
OP,OKX,HTX,8,1789632000000,1789660800000,0.09795,0.10065,0.09815,0.10066,19.91981832351941,0.521020270126,24.0,-3.559161406354587
OP,OKX,HTX,24,1789632000000,1789718400000,0.09795,0.11075,0.09815,0.11085,12.85132792287813,0.5210202701259999,24.0,-10.62765180699587
OP,OKX,HTX,72,1789632000000,1789891200000,0.09795,0.12234,0.09815,0.12263,-4.095678162387983,0.9019005976090009,24.0,-27.193777564778983
OP,OKX,HTX,168,1789632000000,1790236800000,0.09795,0.12311,0.09815,0.12308,28.667666792268065,8.924565717427003,24.0,13.592232509695066
OP,OKX,HTX,8,1789660800000,1789689600000,0.10065,0.10247,0.10066,0.10261,-12.896798664829845,0.0,24.0,-36.896798664829845
OP,OKX,HTX,24,1789660800000,1789747200000,0.10065,0.11242,0.10066,0.11242,1.1096164223212135,0.0,24.0,-22.890383577678787
OP,OKX,HTX,72,1789660800000,1789920000000,0.10065,0.129,0.10066,0.12884,17.168357987802363,0.3808803274830009,24.0,-6.450761684714635
OP,OKX,HTX,168,1789660800000,1790265600000,0.10065,0.13566,0.10066,0.13588,-20.51675040115386,8.403545447301003,24.0,-36.11320495385286
OP,OKX,HTX,8,1789689600000,1789718400000,0.10247,0.11075,0.10261,0.11085,5.000738650373648,0.0,24.0,-18.99926134962635
OP,OKX,HTX,24,1789689600000,1789776000000,0.10247,0.11942,0.10261,0.11959,-0.6667968557971804,0.0,24.0,-24.66679685579718
OP,OKX,HTX,72,1789689600000,1789948800000,0.10247,0.1266,0.10261,0.12686,-8.481853828790076,2.872803175884,24.0,-29.609050652906078
OP,OKX,HTX,168,1789689600000,1790294400000,0.10247,0.13129,0.10261,0.13144,2.8628230147376144,9.551018387768003,24.0,-11.586158597494382
OP,OKX,HTX,8,1789718400000,1789747200000,0.11075,0.11242,0.11085,0.11242,9.157230552747642,0.0,24.0,-14.842769447252358
OP,OKX,HTX,24,1789718400000,1789804800000,0.11075,0.12177,0.11085,0.12186,1.7997599098307226,0.0,24.0,-22.200240090169277
OP,OKX,HTX,72,1789718400000,1789977600000,0.11075,0.12798,0.11085,0.12803,5.91407867178706,4.913010317346001,24.0,-13.17291101086694
OP,OKX,HTX,168,1789718400000,1790323200000,0.11075,0.13528,0.11085,0.1355,-8.82733566092364,10.081437242572003,24.0,-22.745898418351636
OP,OKX,HTX,8,1789747200000,1789776000000,0.11242,0.11942,0.11242,0.11959,-15.121864436933308,0.0,24.0,-39.12186443693331
OP,OKX,HTX,24,1789747200000,1789833600000,0.11242,0.12197,0.11242,0.12194,2.6685643124002567,0.3808803274830003,24.0,-20.950555360116745
OP,OKX,HTX,72,1789747200000,1790006400000,0.11242,0.12633,0.11242,0.12679,-40.91798612346764,5.571103793943,24.0,-59.34688232952464
OP,OKX,HTX,168,1789747200000,1790352000000,0.11242,0.13653,0.11242,0.13663,-8.895214374666782,10.081437242572003,24.0,-22.813777132094778
OP,OKX,HTX,8,1789776000000,1789804800000,0.11942,0.12177,0.11959,0.12186,6.969256274744762,0.0,24.0,-17.03074372525524
OP,OKX,HTX,24,1789776000000,1789862400000,0.11942,0.12134,0.11959,0.12133,15.27997412137383,0.3808803274830003,24.0,-8.33914555114317
OP,OKX,HTX,72,1789776000000,1790035200000,0.11942,0.12634,0.11959,0.12635,14.202771656508517,5.571103793943,24.0,-4.226124549548484
OP,OKX,HTX,168,1789776000000,1790380800000,0.11942,0.14518,0.11959,0.14522,13.93683204642171,10.081437242572003,24.0,0.018269288993714383
OP,OKX,HTX,8,1789804800000,1789833600000,0.12177,0.12197,0.12186,0.12194,9.859496115214306,0.3808803274830001,24.0,-13.759623557302694
OP,OKX,HTX,24,1789804800000,1789891200000,0.12177,0.12234,0.12186,0.12263,-16.377705068846282,0.3808803274830003,24.0,-39.996824741363284
OP,OKX,HTX,72,1789804800000,1790064000000,0.12177,0.12601,0.12186,0.12629,-15.334500509414095,5.571103793943,24.0,-33.763396715471096
OP,OKX,HTX,168,1789804800000,1790409600000,0.12177,0.14317,0.12186,0.14323,3.759782013914581,12.288059371107002,24.0,-7.952158614978416
OP,OKX,HTX,8,1789833600000,1789862400000,0.12197,0.12134,0.12194,0.12133,-1.6274433215701656,0.0,24.0,-25.627443321570166
OP,OKX,HTX,24,1789833600000,1789920000000,0.12197,0.129,0.12194,0.12884,10.519180439849674,0.0,24.0,-13.480819560150326
OP,OKX,HTX,72,1789833600000,1790092800000,0.12197,0.12848,0.12194,0.12854,-7.511990603008556,5.190223466460001,24.0,-26.321767136548555
OP,OKX,HTX,168,1789833600000,1790438400000,0.12197,0.14704,0.12194,0.14742,-34.12877401954617,11.907179043624003,24.0,-46.221594975922166
OP,OKX,HTX,8,1789862400000,1789891200000,0.12134,0.12234,0.12133,0.12263,-24.732746481022083,0.0,24.0,-48.73274648102208
OP,OKX,HTX,24,1789862400000,1789948800000,0.12134,0.1266,0.12133,0.12686,-22.28908700776744,2.4919228484010003,24.0,-43.79716415936644
OP,OKX,HTX,72,1789862400000,1790121600000,0.12134,0.13385,0.12133,0.13396,-9.975355419797882,5.190223466460001,24.0,-28.78513195333788
OP,OKX,HTX,168,1789862400000,1790467200000,0.12134,0.14358,0.12133,0.14363,-5.096255363556956,13.147142617251001,24.0,-15.949112746305955
OP,OKX,HTX,8,1789891200000,1789920000000,0.12234,0.129,0.12263,0.12884,37.983132232244365,0.0,24.0,13.983132232244365
OP,OKX,HTX,24,1789891200000,1789977600000,0.12234,0.12798,0.12263,0.12803,20.661281796936493,4.532129989863,24.0,1.1934117867994942
OP,OKX,HTX,72,1789891200000,1790150400000,0.12234,0.13671,0.12263,0.13682,17.456027587623435,5.916318648579001,24.0,-0.6276537637975643
OP,OKX,HTX,168,1789891200000,1790496000000,0.12234,0.14528,0.12263,0.14546,13.404384168127503,14.317711971068002,24.0,3.722096139195507
OP,OKX,HTX,8,1789920000000,1789948800000,0.129,0.1266,0.12884,0.12686,-32.367529945199756,2.491922848401,24.0,-53.87560709679876
OP,OKX,HTX,24,1789920000000,1790006400000,0.129,0.12633,0.12884,0.12679,-47.8646671913252,5.190223466460001,24.0,-66.6744437248652
OP,OKX,HTX,72,1789920000000,1790179200000,0.129,0.12491,0.12884,0.12512,-28.324055555957184,5.916318648579001,24.0,-46.40773690737818
OP,OKX,HTX,168,1789920000000,1790524800000,0.129,0.14419,0.12884,0.14448,-36.38934415379546,14.317711971068002,24.0,-46.07163218272746
OP,OKX,HTX,8,1789948800000,1789977600000,0.1266,0.12798,0.12686,0.12803,16.777086806145647,2.040207141462,24.0,-5.182706052392355
OP,OKX,HTX,24,1789948800000,1790035200000,0.1266,0.12634,0.12686,0.12635,19.6646724542926,2.698300618059,24.0,-1.6370269276483995
OP,OKX,HTX,72,1789948800000,1790208000000,0.1266,0.12334,0.12686,0.12343,12.87284386839005,5.530742271417001,24.0,-5.59641386019295
OP,OKX,HTX,168,1789948800000,1790553600000,0.1266,0.14696,0.12686,0.14735,-6.951475161756093,11.825789122667002,24.0,-19.12568603908909
OP,OKX,HTX,8,1789977600000,1790006400000,0.12798,0.12633,0.12803,0.12679,-32.07409450705079,0.658093476597,24.0,-55.416001030453785
OP,OKX,HTX,24,1789977600000,1790064000000,0.12798,0.12601,0.12803,0.12629,-18.024654495668592,0.6580934765970002,24.0,-41.3665610190716
OP,OKX,HTX,72,1789977600000,1790236800000,0.12798,0.12311,0.12803,0.12308,6.099926498659425,3.490535129955,24.0,-14.409538371385576
OP,OKX,HTX,168,1789977600000,1790582400000,0.12798,0.13914,0.12803,0.13935,-12.156521420074728,9.785581981205002,24.0,-26.370939438869726
OP,OKX,HTX,8,1790006400000,1790035200000,0.12633,0.12634,0.12679,0.12635,35.49462990537711,0.0,24.0,11.49462990537711
OP,OKX,HTX,24,1790006400000,1790092800000,0.12633,0.12848,0.12679,0.12854,32.16568361892325,0.0,24.0,8.165683618923246
OP,OKX,HTX,72,1790006400000,1790265600000,0.12633,0.13566,0.12679,0.13588,21.608401928039367,2.8324416533580004,24.0,0.4408435813973668
OP,OKX,HTX,168,1790006400000,1790611200000,0.12633,0.13621,0.12679,0.13627,34.38564708648117,9.127488504608001,24.0,19.513135591089174
OP,OKX,HTX,8,1790035200000,1790064000000,0.12634,0.12601,0.12635,0.12629,-21.371279777894216,0.0,24.0,-45.371279777894216
OP,OKX,HTX,24,1790035200000,1790121600000,0.12634,0.13385,0.12635,0.13396,-7.867477029310788,0.0,24.0,-31.867477029310788
OP,OKX,HTX,72,1790035200000,1790294400000,0.12634,0.13129,0.12635,0.13144,-11.04932331579045,3.9799145938250002,24.0,-31.06940872196545
OP,OKX,HTX,168,1790035200000,1790640000000,0.12634,0.13279,0.12635,0.13322,-33.20059144052756,9.127488504608001,24.0,-48.07310293591956
OP,OKX,HTX,8,1790064000000,1790092800000,0.12601,0.12848,0.12629,0.12854,17.854814577353828,0.0,24.0,-6.145185422646172
OP,OKX,HTX,24,1790064000000,1790150400000,0.12601,0.13671,0.12629,0.13682,15.34372403217521,0.7260951821190003,24.0,-7.93018078570579
OP,OKX,HTX,72,1790064000000,1790323200000,0.12601,0.13528,0.12629,0.1355,6.3820069054654205,4.510333448629001,24.0,-13.107659645905578
OP,OKX,HTX,168,1790064000000,1790668800000,0.12601,0.13172,0.12629,0.13211,-7.705449211012905,9.127488504608001,24.0,-22.5779607064049
OP,OKX,HTX,8,1790092800000,1790121600000,0.12848,0.13385,0.12854,0.13396,-3.694742234903181,0.0,24.0,-27.69474223490318
OP,OKX,HTX,24,1790092800000,1790179200000,0.12848,0.12491,0.12854,0.12512,-11.79922090821628,0.7260951821190003,24.0,-35.07312572609728
OP,OKX,HTX,72,1790092800000,1790352000000,0.12848,0.13653,0.12854,0.13663,-2.819407190362,4.510333448629001,24.0,-22.309073741733
OP,OKX,HTX,168,1790092800000,1790697600000,0.12848,0.13027,0.12854,0.13096,-48.9469482051641,10.201544149173003,24.0,-62.745404055991095
OP,OKX,HTX,8,1790121600000,1790150400000,0.13385,0.13671,0.13396,0.13682,0.17545477979385993,0.726095182119,24.0,-23.09845003808714
OP,OKX,HTX,24,1790121600000,1790208000000,0.13385,0.12334,0.13396,0.12343,0.848217338167423,2.832441653358,24.0,-20.319341008474577
OP,OKX,HTX,72,1790121600000,1790380800000,0.13385,0.14518,0.13396,0.14522,5.920511288390884,4.510333448629001,24.0,-13.569155262980114
OP,OKX,HTX,168,1790121600000,1790726400000,0.13385,0.12956,0.13396,0.13024,-42.81319709951825,16.68594030649283,24.0,-50.12725679302542
OP,OKX,HTX,8,1790150400000,1790179200000,0.13671,0.12491,0.13682,0.12512,-8.002817607688506,0.0,24.0,-32.002817607688506
OP,OKX,HTX,24,1790150400000,1790236800000,0.13671,0.12311,0.13682,0.12308,9.432621563194576,2.106346471239,24.0,-12.461031965566423
OP,OKX,HTX,72,1790150400000,1790409600000,0.13671,0.14317,0.13682,0.14323,4.034341769614258,5.990860395045002,24.0,-13.974797835340741
OP,OKX,HTX,168,1790150400000,1790755200000,0.13671,0.1324,0.13682,0.13283,-23.64185972842714,16.71358235685962,24.0,-30.928277371567518
OP,OKX,HTX,8,1790179200000,1790208000000,0.12491,0.12334,0.12512,0.12343,9.379835322865793,2.106346471239,24.0,-12.513818205895207
OP,OKX,HTX,24,1790179200000,1790265600000,0.12491,0.13566,0.12512,0.13588,0.6452215927965632,2.106346471239,24.0,-21.248431935964437
OP,OKX,HTX,72,1790179200000,1790438400000,0.12491,0.14704,0.12512,0.14742,-10.613396120908725,5.990860395045002,24.0,-28.622535725863724
OP,OKX,HTX,168,1790179200000,1790784000000,0.12491,0.13063,0.12512,0.13119,-27.204561708982222,16.71358235685962,24.0,-34.4909793521226
OP,OKX,HTX,8,1790208000000,1790236800000,0.12334,0.12311,0.12343,0.12308,9.708512617190301,0.0,24.0,-14.291487382809699
OP,OKX,HTX,24,1790208000000,1790294400000,0.12334,0.13129,0.12343,0.13144,-4.391068801610221,1.1474729404670003,24.0,-27.24359586114322
OP,OKX,HTX,72,1790208000000,1790467200000,0.12334,0.14358,0.12343,0.14363,4.4372463265895945,5.124477497433,24.0,-14.438276175977405
OP,OKX,HTX,8,1790236800000,1790265600000,0.12311,0.13566,0.12308,0.13588,-20.56046803687206,0.0,24.0,-44.56046803687206
OP,OKX,HTX,24,1790236800000,1790323200000,0.12311,0.13528,0.12308,0.1355,-20.552944465723755,1.6778917952710004,24.0,-42.87505267045275
OP,OKX,HTX,72,1790236800000,1790496000000,0.12311,0.14528,0.12308,0.14546,-17.50101442817842,6.29504685125,24.0,-35.205967576928415
OP,OKX,HTX,8,1790265600000,1790294400000,0.13566,0.13129,0.13588,0.13144,4.630053375485055,1.1474729404669999,24.0,-18.222473684047944
OP,OKX,HTX,24,1790265600000,1790352000000,0.13566,0.13653,0.13588,0.13663,8.935154558546987,1.6778917952710004,24.0,-13.386953646182013
OP,OKX,HTX,72,1790265600000,1790524800000,0.13566,0.14419,0.13588,0.14448,-4.133565484820689,6.29504685125,24.0,-21.83851863357069
OP,OKX,HTX,8,1790294400000,1790323200000,0.13129,0.13528,0.13144,0.1355,-4.97880320228683,0.5304188548040001,24.0,-28.44838434748283
OP,OKX,HTX,24,1790294400000,1790380800000,0.13129,0.14518,0.13144,0.14522,9.576190604891899,0.5304188548040003,24.0,-13.8933905403041
OP,OKX,HTX,72,1790294400000,1790553600000,0.13129,0.14696,0.13144,0.14735,-16.897206691945943,5.1475739107830005,24.0,-35.749632781162944
OP,OKX,HTX,8,1790323200000,1790352000000,0.13528,0.13653,0.1355,0.13663,9.006112237350816,0.0,24.0,-14.993887762649184
OP,OKX,HTX,24,1790323200000,1790409600000,0.13528,0.14317,0.1355,0.14323,12.755067527019381,2.2066221285350003,24.0,-9.038310344445618
OP,OKX,HTX,72,1790323200000,1790582400000,0.13528,0.13914,0.1355,0.13935,1.2012804929950605,4.6171550559790004,24.0,-18.181564451025938
OP,OKX,HTX,8,1790352000000,1790380800000,0.13653,0.14518,0.13663,0.14522,4.855127270482207,0.0,24.0,-19.144872729517793
OP,OKX,HTX,24,1790352000000,1790438400000,0.13653,0.14704,0.13663,0.14742,-19.92988788375394,2.2066221285350003,24.0,-41.72326575521894
OP,OKX,HTX,72,1790352000000,1790611200000,0.13653,0.13621,0.13663,0.13627,2.910460314556884,4.6171550559790004,24.0,-16.472384629464116
OP,OKX,HTX,8,1790380800000,1790409600000,0.14518,0.14317,0.14522,0.14323,-1.4153556871387973,2.2066221285350003,24.0,-23.208733558603797
OP,OKX,HTX,24,1790380800000,1790467200000,0.14518,0.14358,0.14522,0.14363,-0.7189665383933175,3.4465857021620003,24.0,-21.272380836231317
OP,OKX,HTX,72,1790380800000,1790640000000,0.14518,0.13279,0.14522,0.13322,-27.090875454223173,4.6171550559790004,24.0,-46.47372039824417
OP,OKX,HTX,8,1790409600000,1790438400000,0.14317,0.14704,0.14323,0.14742,-22.228454363433237,0.0,24.0,-46.22845436343324
OP,OKX,HTX,24,1790409600000,1790496000000,0.14317,0.14528,0.14323,0.14546,-8.316395764642603,2.410532927444,24.0,-29.905862837198605
OP,OKX,HTX,72,1790409600000,1790668800000,0.14317,0.13172,0.14323,0.13211,-23.374885938982626,2.410532927444001,24.0,-44.96435301153862
OP,OKX,HTX,8,1790438400000,1790467200000,0.14704,0.14358,0.14742,0.14363,21.778470726603327,1.239963573627,24.0,-0.9815656997696713
OP,OKX,HTX,24,1790438400000,1790524800000,0.14704,0.14419,0.14742,0.14448,5.605389854573817,2.410532927444,24.0,-15.984077217982183
OP,OKX,HTX,72,1790438400000,1790697600000,0.14704,0.13027,0.14742,0.13096,-23.96820156160051,3.4845885720090006,24.0,-44.48361298959151
OP,OKX,HTX,8,1790467200000,1790496000000,0.14358,0.14528,0.14363,0.14546,-9.009816580280994,1.1705693538170001,24.0,-31.839247226463993
OP,OKX,HTX,24,1790467200000,1790553600000,0.14358,0.14696,0.14363,0.14735,-23.58998508970478,1.1705693538170003,24.0,-46.41941573588778
OP,OKX,HTX,72,1790467200000,1790726400000,0.14358,0.12956,0.14363,0.13024,-44.20262449239986,8.729021155701831,24.0,-59.473603336698034
OP,OKX,HTX,8,1790496000000,1790524800000,0.14528,0.14419,0.14546,0.14448,-7.655059507403195,0.0,24.0,-31.655059507403195
OP,OKX,HTX,24,1790496000000,1790582400000,0.14528,0.13914,0.14546,0.13935,-2.5854103433664566,0.0,24.0,-26.585410343366455
OP,OKX,HTX,72,1790496000000,1790755200000,0.14528,0.1324,0.14546,0.13283,-18.283937149713438,8.312189034370622,24.0,-33.97174811534282
OP,OKX,HTX,8,1790524800000,1790553600000,0.14419,0.14696,0.14448,0.14735,-6.535775094340668,0.0,24.0,-30.535775094340668
OP,OKX,HTX,24,1790524800000,1790611200000,0.14419,0.13621,0.14448,0.13627,14.8083017232159,0.0,24.0,-9.1916982767841
OP,OKX,HTX,72,1790524800000,1790784000000,0.14419,0.13063,0.14448,0.13119,-20.57532869490619,8.31218903437062,24.0,-36.26313966053557
OP,OKX,HTX,8,1790553600000,1790582400000,0.14696,0.13914,0.14735,0.13935,10.807425467417309,0.0,24.0,-13.192574532582691
OP,OKX,HTX,24,1790553600000,1790640000000,0.14696,0.13279,0.14735,0.13322,-5.266651507425113,0.0,24.0,-29.266651507425113
OP,OKX,HTX,8,1790582400000,1790611200000,0.13914,0.13621,0.13935,0.13627,10.44692036410555,0.0,24.0,-13.55307963589445
OP,OKX,HTX,24,1790582400000,1790668800000,0.13914,0.13172,0.13935,0.13211,-13.720760142305055,0.0,24.0,-37.72076014230505
OP,OKX,HTX,8,1790611200000,1790640000000,0.13621,0.13279,0.13627,0.13322,-27.262530074141367,0.0,24.0,-51.26253007414137
OP,OKX,HTX,24,1790611200000,1790697600000,0.13621,0.13027,0.13627,0.13096,-46.423757832052544,1.0740556445650002,24.0,-69.34970218748754
OP,OKX,HTX,8,1790640000000,1790668800000,0.13279,0.13172,0.13322,0.13211,2.742465895319013,0.0,24.0,-21.257534104680985
OP,OKX,HTX,24,1790640000000,1790726400000,0.13279,0.12956,0.13322,0.13024,-19.551071306157517,7.55845180188483,24.0,-35.99261950427269
OP,OKX,HTX,8,1790668800000,1790697600000,0.13172,0.13027,0.13211,0.13096,-23.03332054288676,1.074055644565,24.0,-45.95926489832176
OP,OKX,HTX,24,1790668800000,1790755200000,0.13172,0.1324,0.13211,0.13283,-2.875379481019902,8.31218903437062,24.0,-18.56319044664928
OP,OKX,HTX,8,1790697600000,1790726400000,0.13027,0.12956,0.13096,0.13024,0.47643166190436403,6.484396157319829,24.0,-17.039172180775807
OP,OKX,HTX,24,1790697600000,1790784000000,0.13027,0.13063,0.13096,0.13119,10.072297566836586,7.238133389805621,24.0,-6.689569043357793
OP,OKX,HTX,8,1790726400000,1790755200000,0.12956,0.1324,0.13024,0.13283,20.339821493724486,0.7537372324857898,24.0,-2.9064412737897243
OP,OKX,HTX,8,1790755200000,1790784000000,0.1324,0.13063,0.13283,0.13119,-10.219716135358992,0,24.0,-34.21971613535899
OP,MEXC,HTX,8,1789574400000,1789603200000,0.0925,0.09524,0.09264,0.0954,-1.7112449236789118,0.049999999999999996,30.0,-31.66124492367891
OP,MEXC,HTX,24,1789574400000,1789660800000,0.0925,0.10067,0.09264,0.10066,17.52649022079167,0.05000000000000013,30.0,-12.42350977920833
OP,MEXC,HTX,72,1789574400000,1789833600000,0.0925,0.12188,0.09264,0.12194,13.435559912242656,0.05000000000000013,30.0,-16.514440087757343
OP,MEXC,HTX,168,1789574400000,1790179200000,0.0925,0.12501,0.09264,0.12512,8.549689585959364,5.820000000000003,30.0,-15.630310414040633
OP,MEXC,HTX,8,1789603200000,1789632000000,0.09524,0.09798,0.0954,0.09815,-0.5657119562019197,0.0,30.0,-30.56571195620192
OP,MEXC,HTX,24,1789603200000,1789689600000,0.09524,0.10246,0.0954,0.10261,2.3196391418056628,0.0,30.0,-27.680360858194337
OP,MEXC,HTX,72,1789603200000,1789862400000,0.09524,0.12138,0.0954,0.12133,26.615756993038087,0.0,30.0,-3.3842430069619134
OP,MEXC,HTX,168,1789603200000,1790208000000,0.09524,0.12337,0.0954,0.12343,15.435791913092078,7.940000000000002,30.0,-6.62420808690792
OP,MEXC,HTX,8,1789632000000,1789660800000,0.09798,0.10067,0.09815,0.10066,18.814801735764775,0.0,30.0,-11.185198264235225
OP,MEXC,HTX,24,1789632000000,1789718400000,0.09798,0.11084,0.09815,0.11085,18.574907476411884,0.0,30.0,-11.425092523588116
OP,MEXC,HTX,72,1789632000000,1789891200000,0.09798,0.1224,0.09815,0.12263,-1.796243361964489,0.0,30.0,-31.79624336196449
OP,MEXC,HTX,168,1789632000000,1790236800000,0.09798,0.12308,0.09815,0.12308,21.757483853410697,8.890000000000002,30.0,0.6474838534106979
OP,MEXC,HTX,8,1789660800000,1789689600000,0.10067,0.10246,0.10066,0.10261,-15.91275667413461,0.0,30.0,-45.91275667413461
OP,MEXC,HTX,24,1789660800000,1789747200000,0.10067,0.11246,0.10066,0.11242,2.863982388925379,0.0,30.0,-27.13601761107462
OP,MEXC,HTX,72,1789660800000,1789920000000,0.10067,0.12897,0.10066,0.12884,11.642045977229287,0.0,30.0,-18.357954022770713
OP,MEXC,HTX,168,1789660800000,1790265600000,0.10067,0.13558,0.10066,0.13588,-31.141244383867672,8.890000000000002,30.0,-52.25124438386767
OP,MEXC,HTX,8,1789689600000,1789718400000,0.10246,0.11084,0.10261,0.11085,14.839509036668197,0.0,30.0,-15.160490963331803
OP,MEXC,HTX,24,1789689600000,1789776000000,0.10246,0.11943,0.10261,0.11959,1.4466271805013697,0.0,30.0,-28.55337281949863
OP,MEXC,HTX,72,1789689600000,1789948800000,0.10246,0.12677,0.10261,0.12686,9.315807264478337,1.3200000000000007,30.0,-19.364192735521662
OP,MEXC,HTX,168,1789689600000,1790294400000,0.10246,0.13122,0.10261,0.13144,-2.7186204269225023,10.170000000000003,30.0,-22.548620426922497
OP,MEXC,HTX,8,1789718400000,1789747200000,0.11084,0.11246,0.11085,0.11242,4.5237849907242556,0.0,30.0,-25.476215009275744
OP,MEXC,HTX,24,1789718400000,1789804800000,0.11084,0.12187,0.11085,0.12186,1.8940124594157837,0.0,30.0,-28.105987540584216
OP,MEXC,HTX,72,1789718400000,1789977600000,0.11084,0.12807,0.11085,0.12803,4.650833826145284,2.14,30.0,-23.209166173854715
OP,MEXC,HTX,168,1789718400000,1790323200000,0.11084,0.13529,0.11085,0.1355,-17.84340258430772,10.440000000000003,30.0,-37.40340258430772
OP,MEXC,HTX,8,1789747200000,1789776000000,0.11246,0.11943,0.11242,0.11959,-18.01095033635791,0.0,30.0,-48.01095033635791
OP,MEXC,HTX,24,1789747200000,1789833600000,0.11246,0.12188,0.11242,0.12194,-9.193250723267266,0.0,30.0,-39.19325072326727
OP,MEXC,HTX,72,1789747200000,1790006400000,0.11246,0.12636,0.11242,0.12679,-42.247285187850814,3.8600000000000008,30.0,-68.38728518785081
OP,MEXC,HTX,168,1789747200000,1790352000000,0.11246,0.13656,0.11242,0.13663,-10.547227956647642,11.240000000000002,30.0,-29.30722795664764
OP,MEXC,HTX,8,1789776000000,1789804800000,0.11943,0.12187,0.11959,0.12186,14.488574330659976,0.0,30.0,-15.511425669340024
OP,MEXC,HTX,24,1789776000000,1789862400000,0.11943,0.12138,0.11959,0.12133,17.778443761391483,0.0,30.0,-12.221556238608517
OP,MEXC,HTX,72,1789776000000,1790035200000,0.11943,0.12641,0.11959,0.12635,19.178115588025513,3.8600000000000008,30.0,-6.961884411974488
OP,MEXC,HTX,168,1789776000000,1790380800000,0.11943,0.14521,0.11959,0.14522,15.430837521235308,11.240000000000002,30.0,-3.3291624787646903
OP,MEXC,HTX,8,1789804800000,1789833600000,0.12187,0.12188,0.12186,0.12194,-5.744364069137919,0.0,30.0,-35.744364069137916
OP,MEXC,HTX,24,1789804800000,1789891200000,0.12187,0.1224,0.12186,0.12263,-19.698300423738324,0.0,30.0,-49.698300423738324
OP,MEXC,HTX,72,1789804800000,1790064000000,0.12187,0.12608,0.12186,0.12629,-18.08185213111546,3.8600000000000008,30.0,-44.22185213111546
OP,MEXC,HTX,168,1789804800000,1790409600000,0.12187,0.14314,0.12186,0.14323,-8.349360115820215,11.870000000000001,30.0,-26.479360115820214
OP,MEXC,HTX,8,1789833600000,1789862400000,0.12188,0.12138,0.12194,0.12133,9.000644271941471,0.0,30.0,-20.99935572805853
OP,MEXC,HTX,24,1789833600000,1789920000000,0.12188,0.12897,0.12194,0.12884,15.867665929631958,0.0,30.0,-14.132334070368042
OP,MEXC,HTX,72,1789833600000,1790092800000,0.12188,0.12849,0.12194,0.12854,1.086929666056502,4.340000000000001,30.0,-24.573070333943498
OP,MEXC,HTX,168,1789833600000,1790438400000,0.12188,0.14709,0.12194,0.14742,-21.12427687620322,11.870000000000001,30.0,-39.25427687620322
OP,MEXC,HTX,8,1789862400000,1789891200000,0.12138,0.1224,0.12133,0.12263,-23.112187263434336,0.0,30.0,-53.112187263434336
OP,MEXC,HTX,24,1789862400000,1789948800000,0.12138,0.12677,0.12133,0.12686,-11.7217753139931,1.32,30.0,-40.4017753139931
OP,MEXC,HTX,72,1789862400000,1790121600000,0.12138,0.1339,0.12133,0.13396,-9.491251715196825,4.340000000000001,30.0,-35.15125171519682
OP,MEXC,HTX,168,1789862400000,1790467200000,0.12138,0.1436,0.12133,0.14363,-7.347982608911785,11.870000000000001,30.0,-25.477982608911784
OP,MEXC,HTX,8,1789891200000,1789920000000,0.1224,0.12897,0.12263,0.12884,30.363335907632738,0.0,30.0,0.36333590763273804
OP,MEXC,HTX,24,1789891200000,1789977600000,0.1224,0.12807,0.12263,0.12803,22.886276748326218,2.14,30.0,-4.973723251673782
OP,MEXC,HTX,72,1789891200000,1790150400000,0.1224,0.13671,0.12263,0.13682,11.978284749438739,4.340000000000001,30.0,-13.681715250561261
OP,MEXC,HTX,168,1789891200000,1790496000000,0.1224,0.14535,0.12263,0.14546,13.302209899697104,11.870000000000001,30.0,-4.827790100302895
OP,MEXC,HTX,8,1789920000000,1789948800000,0.12897,0.12677,0.12884,0.12686,-16.903324279919918,1.32,30.0,-45.58332427991992
OP,MEXC,HTX,24,1789920000000,1790006400000,0.12897,0.12636,0.12884,0.12679,-43.26056780639465,3.8600000000000008,30.0,-69.40056780639465
OP,MEXC,HTX,72,1789920000000,1790179200000,0.12897,0.12501,0.12884,0.12512,-18.317942722793077,5.7700000000000005,30.0,-42.54794272279308
OP,MEXC,HTX,168,1789920000000,1790524800000,0.12897,0.14418,0.12884,0.14448,-34.56469050259648,12.240000000000002,30.0,-52.324690502596475
OP,MEXC,HTX,8,1789948800000,1789977600000,0.12677,0.12807,0.12686,0.12803,10.320268902166418,0.8200000000000001,30.0,-18.85973109783358
OP,MEXC,HTX,24,1789948800000,1790035200000,0.12677,0.12641,0.12686,0.12635,11.803911321660587,2.54,30.0,-15.656088678339412
OP,MEXC,HTX,72,1789948800000,1790208000000,0.12677,0.12337,0.12686,0.12343,2.1745372611947644,6.62,30.0,-21.205462738805235
OP,MEXC,HTX,168,1789948800000,1790553600000,0.12677,0.14701,0.12686,0.14735,-18.57407139498779,10.920000000000003,30.0,-37.65407139498779
OP,MEXC,HTX,8,1789977600000,1790006400000,0.12807,0.12636,0.12803,0.12679,-36.668430608185474,1.72,30.0,-64.94843060818548
OP,MEXC,HTX,24,1789977600000,1790064000000,0.12807,0.12608,0.12803,0.12629,-19.47812738436361,1.72,30.0,-47.75812738436361
OP,MEXC,HTX,72,1789977600000,1790236800000,0.12807,0.12308,0.12803,0.12308,-3.002536695858593,6.75,30.0,-26.252536695858595
OP,MEXC,HTX,168,1789977600000,1790582400000,0.12807,0.13915,0.12803,0.13935,-19.01590310710688,10.100000000000003,30.0,-38.91590310710688
OP,MEXC,HTX,8,1790006400000,1790035200000,0.12636,0.12641,0.12679,0.12635,38.66000069258524,0.0,30.0,8.660000692585243
OP,MEXC,HTX,24,1790006400000,1790092800000,0.12636,0.12849,0.12679,0.12854,30.542498468466572,0.48000000000000026,30.0,1.0224984684665728
OP,MEXC,HTX,72,1790006400000,1790265600000,0.12636,0.13558,0.12679,0.13588,12.72777311020823,5.030000000000001,30.0,-12.24222688979177
OP,MEXC,HTX,168,1790006400000,1790611200000,0.12636,0.13609,0.12679,0.13627,22.329123182678323,8.600000000000003,30.0,0.9291231826783246
OP,MEXC,HTX,8,1790035200000,1790064000000,0.12641,0.12608,0.12635,0.12629,-21.356815735834587,0.0,30.0,-51.35681573583459
OP,MEXC,HTX,24,1790035200000,1790121600000,0.12641,0.1339,0.12635,0.13396,-9.778796872896844,0.48000000000000026,30.0,-39.298796872896844
OP,MEXC,HTX,72,1790035200000,1790294400000,0.12641,0.13122,0.12635,0.13144,-22.34135712127383,6.3100000000000005,30.0,-46.03135712127383
OP,MEXC,HTX,168,1790035200000,1790640000000,0.12641,0.13276,0.12635,0.13322,-41.394064270423584,8.600000000000003,30.0,-62.79406427042358
OP,MEXC,HTX,8,1790064000000,1790092800000,0.12608,0.12849,0.12629,0.12854,12.987102543378093,0.4800000000000001,30.0,-16.532897456621907
OP,MEXC,HTX,24,1790064000000,1790150400000,0.12608,0.13671,0.12629,0.13682,9.320249040061235,0.48000000000000026,30.0,-20.199750959938765
OP,MEXC,HTX,72,1790064000000,1790323200000,0.12608,0.13529,0.12629,0.1355,1.214685260295667,6.580000000000001,30.0,-22.20531473970433
OP,MEXC,HTX,168,1790064000000,1790668800000,0.12608,0.13176,0.12629,0.13211,-10.336474788306127,9.870000000000003,30.0,-30.466474788306122
OP,MEXC,HTX,8,1790092800000,1790121600000,0.12849,0.1339,0.12854,0.13396,-0.6141884085675287,0.0,30.0,-30.61418840856753
OP,MEXC,HTX,24,1790092800000,1790179200000,0.12849,0.12501,0.12854,0.12512,-4.773159404670713,1.4300000000000002,30.0,-33.343159404670715
OP,MEXC,HTX,72,1790092800000,1790352000000,0.12849,0.13656,0.12854,0.13663,-1.3116288934145182,6.9,30.0,-24.411628893414516
OP,MEXC,HTX,168,1790092800000,1790697600000,0.12849,0.13031,0.12854,0.13096,-46.62297912547686,10.880000000000003,30.0,-65.74297912547686
OP,MEXC,HTX,8,1790121600000,1790150400000,0.1339,0.13671,0.13396,0.13682,-3.6384630771602033,0.0,30.0,-33.6384630771602
OP,MEXC,HTX,24,1790121600000,1790208000000,0.1339,0.12337,0.13396,0.12343,-0.3522280234358188,3.6,30.0,-26.75222802343582
OP,MEXC,HTX,72,1790121600000,1790380800000,0.1339,0.14521,0.13396,0.14522,4.110776438119856,6.9,30.0,-18.989223561880145
OP,MEXC,HTX,168,1790121600000,1790726400000,0.1339,0.12949,0.13396,0.13024,-51.655427110206546,17.36439615731983,30.0,-64.29103095288671
OP,MEXC,HTX,8,1790150400000,1790179200000,0.13671,0.12501,0.13682,0.12512,-0.6880637491546437,1.4300000000000002,30.0,-29.258063749154644
OP,MEXC,HTX,24,1790150400000,1790236800000,0.13671,0.12308,0.13682,0.12308,7.238195405634418,4.55,30.0,-18.21180459436558
OP,MEXC,HTX,72,1790150400000,1790409600000,0.13671,0.14314,0.13682,0.14323,1.8399156120540994,7.530000000000001,30.0,-20.6300843879459
OP,MEXC,HTX,168,1790150400000,1790755200000,0.13671,0.1324,0.13682,0.13283,-23.64185972842714,18.11813338980562,30.0,-35.523726338621515
OP,MEXC,HTX,8,1790179200000,1790208000000,0.12501,0.12337,0.12512,0.12343,3.880827641205009,2.1700000000000004,30.0,-23.94917235879499
OP,MEXC,HTX,24,1790179200000,1790265600000,0.12501,0.13558,0.12512,0.13588,-14.442067141022807,3.12,30.0,-41.322067141022806
OP,MEXC,HTX,72,1790179200000,1790438400000,0.12501,0.14709,0.12512,0.14742,-16.030303253489198,6.1000000000000005,30.0,-39.9303032534892
OP,MEXC,HTX,168,1790179200000,1790784000000,0.12501,0.13061,0.12512,0.13119,-37.17010823277356,16.68813338980562,30.0,-50.48197484296794
OP,MEXC,HTX,8,1790208000000,1790236800000,0.12337,0.12308,0.12343,0.12308,4.849628198126954,0.9500000000000001,30.0,-24.200371801873047
OP,MEXC,HTX,24,1790208000000,1790294400000,0.12337,0.13122,0.12343,0.13144,-12.653505314583757,2.2300000000000004,30.0,-40.42350531458376
OP,MEXC,HTX,72,1790208000000,1790467200000,0.12337,0.1436,0.12343,0.14363,3.2276348216564443,3.93,30.0,-22.842365178343556
OP,MEXC,HTX,8,1790236800000,1790265600000,0.12308,0.13558,0.12308,0.13588,-24.374390640233834,0.0,30.0,-54.374390640233834
OP,MEXC,HTX,24,1790236800000,1790323200000,0.12308,0.13529,0.12308,0.1355,-17.062073448164128,1.5500000000000003,30.0,-45.51207344816413
OP,MEXC,HTX,72,1790236800000,1790496000000,0.12308,0.14535,0.12308,0.14546,-8.937276568086183,2.980000000000001,30.0,-35.957276568086186
OP,MEXC,HTX,8,1790265600000,1790294400000,0.13558,0.13122,0.13588,0.13144,5.177550734069003,1.28,30.0,-23.542449265930998
OP,MEXC,HTX,24,1790265600000,1790352000000,0.13558,0.13656,0.13588,0.13663,17.086286534071515,2.35,30.0,-10.563713465928483
OP,MEXC,HTX,72,1790265600000,1790524800000,0.13558,0.14418,0.13588,0.14448,1.4004529998645765,3.350000000000001,30.0,-25.249547000135422
OP,MEXC,HTX,8,1790294400000,1790323200000,0.13122,0.13529,0.13144,0.1355,1.2799494012960544,0.2700000000000001,30.0,-28.450050598703946
OP,MEXC,HTX,24,1790294400000,1790380800000,0.13122,0.14521,0.13144,0.14522,17.76135620553676,1.0700000000000003,30.0,-11.16864379446324
OP,MEXC,HTX,72,1790294400000,1790553600000,0.13122,0.14701,0.13144,0.14735,-7.115558535224498,2.0700000000000003,30.0,-35.0455585352245
OP,MEXC,HTX,8,1790323200000,1790352000000,0.13529,0.13656,0.1355,0.13663,10.477588255815018,0.8,30.0,-18.72241174418498
OP,MEXC,HTX,24,1790323200000,1790409600000,0.13529,0.14314,0.1355,0.14323,9.755345834929763,1.4300000000000004,30.0,-18.814654165070237
OP,MEXC,HTX,72,1790323200000,1790582400000,0.13529,0.13915,0.1355,0.13935,1.1801899377572589,1.8000000000000005,30.0,-27.01981006224274
OP,MEXC,HTX,8,1790352000000,1790380800000,0.13656,0.14521,0.13663,0.14522,4.715944408082429,0.0,30.0,-25.28405559191757
OP,MEXC,HTX,24,1790352000000,1790438400000,0.13656,0.14709,0.13663,0.14742,-18.634441380624978,0.6300000000000001,30.0,-48.00444138062498
OP,MEXC,HTX,72,1790352000000,1790611200000,0.13656,0.13609,0.13663,0.13627,-8.068573500858989,1.2200000000000004,30.0,-36.84857350085899
OP,MEXC,HTX,8,1790380800000,1790409600000,0.14521,0.14314,0.14522,0.14323,-5.518699364127633,0.6300000000000001,30.0,-34.88869936412763
OP,MEXC,HTX,24,1790380800000,1790467200000,0.14521,0.1436,0.14522,0.14363,-1.3848556608442308,0.6300000000000001,30.0,-30.754855660844232
OP,MEXC,HTX,72,1790380800000,1790640000000,0.14521,0.13276,0.14522,0.13322,-31.046507297095573,1.2200000000000004,30.0,-59.826507297095574
OP,MEXC,HTX,8,1790409600000,1790438400000,0.14314,0.14709,0.14323,0.14742,-16.582867939214374,0.0,30.0,-46.582867939214374
OP,MEXC,HTX,24,1790409600000,1790496000000,0.14314,0.14535,0.14323,0.14546,-1.2993403132299797,0.0,30.0,-31.29934031322998
OP,MEXC,HTX,72,1790409600000,1790668800000,0.14314,0.13176,0.14323,0.13211,-18.652184084296806,1.8600000000000008,30.0,-46.79218408429681
OP,MEXC,HTX,8,1790438400000,1790467200000,0.14709,0.1436,0.14742,0.14363,19.818891598074593,0.0,30.0,-10.181108401925407
OP,MEXC,HTX,24,1790438400000,1790524800000,0.14709,0.14418,0.14742,0.14448,1.5921410985664242,0.37000000000000033,30.0,-28.037858901433577
OP,MEXC,HTX,72,1790438400000,1790697600000,0.14709,0.13031,0.14742,0.13096,-24.260367587581875,3.35,30.0,-50.910367587581874
OP,MEXC,HTX,8,1790467200000,1790496000000,0.1436,0.14535,0.14363,0.14546,-5.544412804721066,0.0,30.0,-35.54441280472106
OP,MEXC,HTX,24,1790467200000,1790553600000,0.1436,0.14701,0.14363,0.14735,-21.533635344761493,0.37000000000000033,30.0,-51.16363534476149
OP,MEXC,HTX,72,1790467200000,1790726400000,0.1436,0.12949,0.14363,0.13024,-50.334036871666484,9.834396157319832,30.0,-70.49964071434665
OP,MEXC,HTX,8,1790496000000,1790524800000,0.14535,0.14418,0.14546,0.14448,-13.122882504909006,0.37000000000000005,30.0,-42.75288250490901
OP,MEXC,HTX,24,1790496000000,1790582400000,0.14535,0.13915,0.14546,0.13935,-6.50983930035931,0.37000000000000033,30.0,-36.13983930035931
OP,MEXC,HTX,72,1790496000000,1790755200000,0.14535,0.1324,0.14546,0.13283,-22.67293287475325,10.58813338980562,30.0,-42.08479948494763
OP,MEXC,HTX,8,1790524800000,1790553600000,0.14418,0.14701,0.14448,0.14735,-2.360986105871543,0.0,30.0,-32.36098610587155
OP,MEXC,HTX,24,1790524800000,1790611200000,0.14418,0.13609,0.14448,0.13627,7.140564419980677,0.21999999999999992,30.0,-22.639435580019324
OP,MEXC,HTX,72,1790524800000,1790784000000,0.14418,0.13061,0.14448,0.13119,-21.334131984337425,10.21813338980562,30.0,-41.1159985945318
OP,MEXC,HTX,8,1790553600000,1790582400000,0.14701,0.13915,0.14735,0.13935,8.26750219111494,0.0,30.0,-21.73249780888506
OP,MEXC,HTX,24,1790553600000,1790640000000,0.14701,0.13276,0.14735,0.13322,-10.380518609071077,0.21999999999999992,30.0,-40.160518609071076
OP,MEXC,HTX,8,1790582400000,1790611200000,0.13915,0.13609,0.13935,0.13627,1.1196174013083926,0.22000000000000006,30.0,-28.66038259869161
OP,MEXC,HTX,24,1790582400000,1790668800000,0.13915,0.13176,0.13935,0.13211,-11.526489510808036,1.4900000000000002,30.0,-40.03648951080804
OP,MEXC,HTX,8,1790611200000,1790640000000,0.13609,0.13276,0.13627,0.13322,-20.87065665512644,0.0,30.0,-50.87065665512644
OP,MEXC,HTX,24,1790611200000,1790697600000,0.13609,0.13031,0.13627,0.13096,-35.0513642656447,2.7600000000000002,30.0,-62.2913642656447
OP,MEXC,HTX,8,1790640000000,1790668800000,0.13276,0.13176,0.13322,0.13211,7.996929960517596,1.27,30.0,-20.733070039482406
OP,MEXC,HTX,24,1790640000000,1790726400000,0.13276,0.12949,0.13322,0.13024,-22.61899263967471,9.24439615731983,30.0,-43.374596482354875
OP,MEXC,HTX,8,1790668800000,1790697600000,0.13176,0.13031,0.13211,0.13096,-22.99990160174792,1.49,30.0,-51.50990160174792
OP,MEXC,HTX,24,1790668800000,1790755200000,0.13176,0.1324,0.13211,0.13283,-5.926874519988079,8.72813338980562,30.0,-27.19874113018246
OP,MEXC,HTX,8,1790697600000,1790726400000,0.13031,0.12949,0.13096,0.13024,-7.948247276701181,6.484396157319829,30.0,-31.463851119381353
OP,MEXC,HTX,24,1790697600000,1790784000000,0.13031,0.13061,0.13096,0.13119,5.459409864554399,7.238133389805621,30.0,-17.30245674563998
OP,MEXC,HTX,8,1790726400000,1790755200000,0.12949,0.1324,0.13024,0.13283,25.86414184317265,0.7537372324857898,30.0,-3.38212092434156
OP,MEXC,HTX,8,1790755200000,1790784000000,0.1324,0.13061,0.13283,0.13119,-11.730290153484368,0,30.0,-41.73029015348437
OP,GATE,HTX,8,1790064000000,1790092800000,0.12606,0.12843,0.12629,0.12854,9.844336951938537,0.0,24.0,-14.155663048061463
OP,GATE,HTX,24,1790064000000,1790150400000,0.12606,0.1367,0.12629,0.13682,10.247286241746867,0.0,24.0,-13.752713758253133
OP,GATE,HTX,72,1790064000000,1790323200000,0.12606,0.13533,0.12629,0.1355,6.090218907557343,9.270000000000001,24.0,-8.639781092442655
OP,GATE,HTX,168,1790064000000,1790668800000,0.12606,0.13165,0.12629,0.13211,-17.404457080199,24.040000000000003,24.0,-17.364457080198996
OP,GATE,HTX,8,1790092800000,1790121600000,0.12843,0.13393,0.12854,0.13396,6.59022384990271,0.0,24.0,-17.40977615009729
OP,GATE,HTX,24,1790092800000,1790179200000,0.12843,0.12495,0.12854,0.12512,-4.899689746892255,2.37,24.0,-26.529689746892256
OP,GATE,HTX,72,1790092800000,1790352000000,0.12843,0.1365,0.12854,0.13663,-1.0182093929156366,9.270000000000001,24.0,-15.748209392915635
OP,GATE,HTX,168,1790092800000,1790697600000,0.12843,0.13041,0.12854,0.13096,-34.09865680317425,24.040000000000003,24.0,-34.058656803174244
OP,GATE,HTX,8,1790121600000,1790150400000,0.13393,0.1367,0.13396,0.13682,-6.672105600058487,0.0,24.0,-30.672105600058487
OP,GATE,HTX,24,1790121600000,1790208000000,0.13393,0.12347,0.13396,0.12343,5.050536353550239,6.69,24.0,-12.25946364644976
OP,GATE,HTX,72,1790121600000,1790380800000,0.13393,0.14513,0.13396,0.14522,-4.291671152600873,11.330000000000002,24.0,-16.96167115260087
OP,GATE,HTX,168,1790121600000,1790726400000,0.13393,0.12947,0.13396,0.13024,-55.31494695011019,30.524396157319835,24.0,-48.790550792790356
OP,GATE,HTX,8,1790150400000,1790179200000,0.1367,0.12495,0.13682,0.12512,-4.408314385689893,2.37,24.0,-26.038314385689894
OP,GATE,HTX,24,1790150400000,1790236800000,0.1367,0.12307,0.13682,0.12308,7.1652619052031685,7.65,24.0,-9.184738094796831
OP,GATE,HTX,72,1790150400000,1790409600000,0.1367,0.14309,0.13682,0.14323,-1.0517933365106202,12.21,24.0,-12.84179333651062
OP,GATE,HTX,168,1790150400000,1790755200000,0.1367,0.13243,0.13682,0.13283,-20.738806757782946,31.27813338980562,24.0,-13.460673367977325
OP,GATE,HTX,8,1790179200000,1790208000000,0.12495,0.12347,0.12512,0.12343,16.62295352923726,4.319999999999999,24.0,-3.0570464707627387
OP,GATE,HTX,24,1790179200000,1790265600000,0.12495,0.13581,0.12512,0.13588,9.173234511195005,5.28,24.0,-9.546765488804994
OP,GATE,HTX,72,1790179200000,1790438400000,0.12495,0.14696,0.12512,0.14742,-20.78440071680898,9.84,24.0,-34.944400716808985
OP,GATE,HTX,168,1790179200000,1790784000000,0.12495,0.1307,0.12512,0.13119,-24.95019747029037,28.908133389805624,24.0,-20.042064080484746
OP,GATE,HTX,8,1790208000000,1790236800000,0.12347,0.12307,0.12343,0.12308,-4.040380285644796,0.9600000000000001,24.0,-27.080380285644797
OP,GATE,HTX,24,1790208000000,1790294400000,0.12347,0.13125,0.12343,0.13144,-18.838244374284052,2.54,24.0,-40.29824437428405
OP,GATE,HTX,72,1790208000000,1790467200000,0.12347,0.14351,0.12343,0.14363,-13.488800561258785,6.140000000000001,24.0,-31.348800561258784
OP,GATE,HTX,8,1790236800000,1790265600000,0.12307,0.13581,0.12308,0.13588,-4.790771593350396,0.0,24.0,-28.790771593350396
OP,GATE,HTX,24,1790236800000,1790323200000,0.12307,0.13533,0.12308,0.1355,-12.918737322458185,1.6200000000000003,24.0,-35.29873732245818
OP,GATE,HTX,72,1790236800000,1790496000000,0.12307,0.14531,0.12308,0.14546,-11.227892293674824,6.180000000000001,24.0,-29.047892293674824
OP,GATE,HTX,8,1790265600000,1790294400000,0.13581,0.13125,0.13588,0.13144,-9.004293670156205,1.5799999999999998,24.0,-31.424293670156203
OP,GATE,HTX,24,1790265600000,1790352000000,0.13581,0.1365,0.13588,0.13663,-4.389487495266575,1.6200000000000003,24.0,-26.769487495266574
OP,GATE,HTX,72,1790265600000,1790524800000,0.13581,0.1442,0.13588,0.14448,-15.136559918500492,7.1800000000000015,24.0,-31.95655991850049
OP,GATE,HTX,8,1790294400000,1790323200000,0.13125,0.13533,0.13144,0.1355,1.9709590470395888,0.04000000000000002,24.0,-21.989040952960412
OP,GATE,HTX,24,1790294400000,1790380800000,0.13125,0.14513,0.13144,0.14522,9.136712749617804,2.1,24.0,-12.763287250382197
OP,GATE,HTX,72,1790294400000,1790553600000,0.13125,0.14705,0.13144,0.14735,-6.628698953716761,9.760000000000002,24.0,-20.86869895371676
OP,GATE,HTX,8,1790323200000,1790352000000,0.13533,0.1365,0.1355,0.13663,3.0604974637649107,0.0,24.0,-20.93950253623509
OP,GATE,HTX,24,1790323200000,1790409600000,0.13533,0.14309,0.1355,0.14323,2.93343345759034,2.9400000000000004,24.0,-18.12656654240966
OP,GATE,HTX,72,1790323200000,1790582400000,0.13533,0.13914,0.1355,0.13935,-2.598813396690325,10.170000000000002,24.0,-16.428813396690323
OP,GATE,HTX,8,1790352000000,1790380800000,0.1365,0.14513,0.13663,0.14522,3.5291698469652744,2.06,24.0,-18.410830153034723
OP,GATE,HTX,24,1790352000000,1790438400000,0.1365,0.14696,0.13663,0.14742,-23.42370601171817,2.9400000000000004,24.0,-44.48370601171817
OP,GATE,HTX,72,1790352000000,1790611200000,0.1365,0.13612,0.13663,0.13627,-1.490295305711653,11.17,24.0,-14.320295305711653
OP,GATE,HTX,8,1790380800000,1790409600000,0.14513,0.14309,0.14522,0.14323,-3.530166140578439,0.88,24.0,-26.65016614057844
OP,GATE,HTX,24,1790380800000,1790467200000,0.14513,0.14351,0.14522,0.14363,-2.135010091633971,1.5000000000000002,24.0,-24.63501009163397
OP,GATE,HTX,72,1790380800000,1790640000000,0.14513,0.13283,0.14522,0.13322,-21.183559026380916,10.78,24.0,-34.40355902638092
OP,GATE,HTX,8,1790409600000,1790438400000,0.14309,0.14696,0.14323,0.14742,-22.077328204834767,0.0,24.0,-46.07732820483477
OP,GATE,HTX,24,1790409600000,1790496000000,0.14309,0.14531,0.14323,0.14546,-0.5465293902862101,1.6200000000000003,24.0,-22.92652939028621
OP,GATE,HTX,72,1790409600000,1790668800000,0.14309,0.13165,0.14323,0.13211,-23.12315544806154,11.83,24.0,-35.29315544806154
OP,GATE,HTX,8,1790438400000,1790467200000,0.14696,0.14351,0.14742,0.14363,22.33083320907547,0.62,24.0,-1.0491667909245272
OP,GATE,HTX,24,1790438400000,1790524800000,0.14696,0.1442,0.14742,0.14448,11.623993659920506,2.62,24.0,-9.756006340079495
OP,GATE,HTX,72,1790438400000,1790697600000,0.14696,0.13041,0.14742,0.13096,-9.618994149932503,11.83,24.0,-21.788994149932503
OP,GATE,HTX,8,1790467200000,1790496000000,0.14351,0.14531,0.14363,0.14546,-1.9839085431794246,1.0,24.0,-24.983908543179425
OP,GATE,HTX,24,1790467200000,1790553600000,0.14351,0.14705,0.14363,0.14735,-12.326110668465784,6.16,24.0,-30.166110668465784
OP,GATE,HTX,72,1790467200000,1790726400000,0.14351,0.12947,0.14363,0.13024,-46.07254392784421,17.694396157319833,24.0,-52.37814777052438
OP,GATE,HTX,8,1790496000000,1790524800000,0.14531,0.1442,0.14546,0.14448,-9.01593745117113,1.0,24.0,-32.015937451171126
OP,GATE,HTX,24,1790496000000,1790582400000,0.14531,0.13914,0.14546,0.13935,-4.562707399606847,5.610000000000001,24.0,-22.952707399606844
OP,GATE,HTX,72,1790496000000,1790755200000,0.14531,0.13243,0.14546,0.13283,-18.100901458436567,17.448133389805623,24.0,-24.652768068630944
OP,GATE,HTX,8,1790553600000,1790582400000,0.14705,0.13914,0.14735,0.13935,5.012733746720954,0.45,24.0,-18.537266253279046
OP,GATE,HTX,24,1790553600000,1790640000000,0.14705,0.13283,0.14735,0.13322,-8.076724847806416,3.1200000000000006,24.0,-28.956724847806413
OP,GATE,HTX,8,1790582400000,1790611200000,0.13914,0.13612,0.13935,0.13627,3.978615060094004,1.0,24.0,-19.021384939905996
OP,GATE,HTX,24,1790582400000,1790668800000,0.13914,0.13165,0.13935,0.13211,-18.75166426764774,4.6000000000000005,24.0,-38.15166426764774
OP,GATE,HTX,8,1790640000000,1790668800000,0.13283,0.13165,0.13322,0.13211,-5.5145307600157345,1.93,24.0,-27.584530760015735
OP,GATE,HTX,24,1790640000000,1790726400000,0.13283,0.12947,0.13322,0.13024,-29.26476814936518,8.41439615731983,24.0,-44.85037199204535
OP,GATE,HTX,8,1790668800000,1790697600000,0.13165,0.13041,0.13211,0.13096,-7.140466303974247,0.0,24.0,-31.140466303974247
OP,GATE,HTX,24,1790668800000,1790755200000,0.13165,0.13243,0.13211,0.13283,4.747968229470434,7.238133389805621,24.0,-12.013898380723944
OP,GATE,HTX,8,1790697600000,1790726400000,0.13041,0.12947,0.13096,0.13024,-17.10174250965535,6.484396157319829,24.0,-34.61734635233552
OP,GATE,HTX,24,1790697600000,1790784000000,0.13041,0.1307,0.13096,0.13119,4.674943930653708,7.238133389805621,24.0,-12.08692267954067
OP,GATE,HTX,8,1790726400000,1790755200000,0.12947,0.13243,0.13024,0.13283,29.760755387346904,0.7537372324857898,24.0,6.514492619832694
OP,GATE,HTX,8,1790755200000,1790784000000,0.13243,0.1307,0.13283,0.13119,-7.168968011683763,0,24.0,-31.168968011683763
ARB,OKX,HTX,8,1789574400000,1789603200000,0.15621,0.16571,0.15629,0.16581,-0.9683763834633652,3.135719730682,24.0,-21.832656652781367
ARB,OKX,HTX,24,1789574400000,1789660800000,0.15621,0.17308,0.15629,0.17278,24.86657186965946,6.997470150878001,24.0,7.864042020537461
ARB,OKX,HTX,72,1789574400000,1789833600000,0.15621,0.20837,0.15629,0.20838,6.188032405540778,7.3383161258820016,24.0,-10.47365146857722
ARB,OKX,HTX,168,1789574400000,1790179200000,0.15621,0.22388,0.15629,0.22414,-9.299640929461006,20.890221292203,24.0,-12.409419637258004
ARB,OKX,HTX,8,1789603200000,1789632000000,0.16571,0.16607,0.16581,0.16614,1.8224019659696111,1.8644390582130002,24.0,-20.313158975817387
ARB,OKX,HTX,24,1789603200000,1789689600000,0.16571,0.1827,0.16581,0.18271,6.046248800848364,4.2025963952000005,24.0,-13.751154803951636
ARB,OKX,HTX,72,1789603200000,1789862400000,0.16571,0.20192,0.16581,0.20217,-7.728639575894647,4.2025963952000005,24.0,-27.526043180694646
ARB,OKX,HTX,168,1789603200000,1790208000000,0.16571,0.21616,0.16581,0.21695,-39.77777257816007,20.020683780935002,24.0,-43.757088797225066
ARB,OKX,HTX,8,1789632000000,1789660800000,0.16607,0.17308,0.16614,0.17278,22.448223071245277,1.997311361983,24.0,0.44553443322827846
ARB,OKX,HTX,24,1789632000000,1789718400000,0.16607,0.20912,0.16614,0.20899,13.13024934067153,2.3381573369870003,24.0,-8.53159332234147
ARB,OKX,HTX,72,1789632000000,1789891200000,0.16607,0.21341,0.16614,0.21347,1.8029514966588778,3.2605902794250006,24.0,-18.93645822391612
ARB,OKX,HTX,168,1789632000000,1790236800000,0.16607,0.21518,0.16614,0.21517,6.061171728628523,22.125416582658,24.0,4.186588311286524
ARB,OKX,HTX,8,1789660800000,1789689600000,0.17308,0.1827,0.17278,0.18271,-18.906955100905787,0.3408459750040001,24.0,-42.56610912590179
ARB,OKX,HTX,24,1789660800000,1789747200000,0.17308,0.21792,0.17278,0.21802,-27.649107822373953,0.3408459750040005,24.0,-51.30826184736995
ARB,OKX,HTX,72,1789660800000,1789920000000,0.17308,0.21137,0.17278,0.21175,-43.19760119545491,1.84327975096,24.0,-65.3543214444949
ARB,OKX,HTX,168,1789660800000,1790265600000,0.17308,0.21835,0.17278,0.21921,-71.67881728430191,22.674278597722004,24.0,-73.0045386865799
ARB,OKX,HTX,8,1789689600000,1789718400000,0.1827,0.20912,0.18271,0.20899,7.741562392895585,0.0,24.0,-16.258437607104415
ARB,OKX,HTX,24,1789689600000,1789776000000,0.1827,0.21862,0.18271,0.21845,9.9592832678419,0.0,24.0,-14.0407167321581
ARB,OKX,HTX,72,1789689600000,1789948800000,0.1827,0.22065,0.18271,0.22096,-16.30577550775003,2.5099353889770004,24.0,-37.79584011877303
ARB,OKX,HTX,168,1789689600000,1790294400000,0.1827,0.21898,0.18271,0.21918,-10.290308739517862,25.183331002581003,24.0,-9.106977736936859
ARB,OKX,HTX,8,1789718400000,1789747200000,0.20912,0.21792,0.20899,0.21802,-11.267072263208,0.0,24.0,-35.267072263208
ARB,OKX,HTX,24,1789718400000,1789804800000,0.20912,0.21429,0.20899,0.21442,-12.594571230530871,0.0,24.0,-36.594571230530875
ARB,OKX,HTX,72,1789718400000,1789977600000,0.20912,0.21703,0.20899,0.21751,-29.42328687398854,4.138535874916001,24.0,-49.28475099907254
ARB,OKX,HTX,168,1789718400000,1790323200000,0.20912,0.22008,0.20899,0.221,-50.56764978852435,26.536692916906002,24.0,-48.03095687161834
ARB,OKX,HTX,8,1789747200000,1789776000000,0.21792,0.21862,0.21802,0.21845,12.398918392619862,0.0,24.0,-11.601081607380138
ARB,OKX,HTX,24,1789747200000,1789833600000,0.21792,0.20837,0.21802,0.20838,3.9270552176895457,0.0,24.0,-20.072944782310454
ARB,OKX,HTX,72,1789747200000,1790006400000,0.21792,0.2264,0.21802,0.22665,-6.701617453894748,4.918280338636,24.0,-25.783337115258746
ARB,OKX,HTX,168,1789747200000,1790352000000,0.21792,0.2222,0.21802,0.22276,-21.0088971885658,30.190527636742,24.0,-14.8183695518238
ARB,OKX,HTX,8,1789776000000,1789804800000,0.21862,0.21429,0.21845,0.21442,-13.578986974182028,0.0,24.0,-37.57898697418203
ARB,OKX,HTX,24,1789776000000,1789862400000,0.21862,0.20192,0.21845,0.20217,-18.631906472400537,0.0,24.0,-42.63190647240054
ARB,OKX,HTX,72,1789776000000,1790035200000,0.21862,0.2237,0.21845,0.22345,3.481335166790611,7.073577380406,24.0,-13.445087452803389
ARB,OKX,HTX,168,1789776000000,1790380800000,0.21862,0.22367,0.21845,0.22419,-31.765937520356058,31.035377093646,24.0,-24.730560426710056
ARB,OKX,HTX,8,1789804800000,1789833600000,0.21429,0.20837,0.21442,0.20838,5.428999401231316,0.0,24.0,-18.571000598768684
ARB,OKX,HTX,24,1789804800000,1789891200000,0.21429,0.21341,0.21442,0.21347,3.239723160639585,0.9224329424380002,24.0,-19.837843896922415
ARB,OKX,HTX,72,1789804800000,1790064000000,0.21429,0.22068,0.21442,0.22084,-1.218332129953037,8.773873693857,24.0,-16.444458436096035
ARB,OKX,HTX,168,1789804800000,1790409600000,0.21429,0.22067,0.21442,0.22113,-15.209847219279649,32.858105297447004,24.0,-6.3517419218326445
ARB,OKX,HTX,8,1789833600000,1789862400000,0.20837,0.20192,0.20838,0.20217,-11.532274955368127,0.0,24.0,-35.53227495536812
ARB,OKX,HTX,24,1789833600000,1789920000000,0.20837,0.21137,0.20838,0.21175,-17.74911341489105,1.5024337759560003,24.0,-40.24667963893505
ARB,OKX,HTX,72,1789833600000,1790092800000,0.20837,0.2148,0.20838,0.21489,-3.824331236734757,11.552321026679001,24.0,-16.272010210055754
ARB,OKX,HTX,168,1789833600000,1790438400000,0.20837,0.22622,0.20838,0.22639,-7.637170110867952,33.875395038438,24.0,2.238224927570048
ARB,OKX,HTX,8,1789862400000,1789891200000,0.20192,0.21341,0.20217,0.21347,10.101693182062998,0.922432942438,24.0,-12.975873875499001
ARB,OKX,HTX,24,1789862400000,1789948800000,0.20192,0.22065,0.20217,0.22096,-1.8207509927736787,2.5099353889770004,24.0,-23.310815603796676
ARB,OKX,HTX,72,1789862400000,1790121600000,0.20192,0.24058,0.20217,0.2409,-1.0948463528870356,13.405501912886999,24.0,-11.689344440000037
ARB,OKX,HTX,168,1789862400000,1790467200000,0.20192,0.22535,0.20217,0.22609,-22.802146041911442,35.481008361337004,24.0,-11.321137680574438
ARB,OKX,HTX,8,1789891200000,1789920000000,0.21341,0.21137,0.21347,0.21175,-15.017264434470379,0.580000833518,24.0,-38.43726360095238
ARB,OKX,HTX,24,1789891200000,1789977600000,0.21341,0.21703,0.21347,0.21751,-19.627218848419226,3.2161029324780004,24.0,-40.411115915941224
ARB,OKX,HTX,72,1789891200000,1790150400000,0.21341,0.23915,0.21347,0.23915,3.1497060141583155,12.483068970449,24.0,-8.367225015392684
ARB,OKX,HTX,168,1789891200000,1790496000000,0.21341,0.2296,0.21347,0.23031,-30.236014348794527,34.611048302374,24.0,-19.624966046420525
ARB,OKX,HTX,8,1789920000000,1789948800000,0.21137,0.22065,0.21175,0.22096,4.093673705343193,1.0075016130210002,24.0,-18.89882468163581
ARB,OKX,HTX,24,1789920000000,1790006400000,0.21137,0.2264,0.21175,0.22665,7.415389085616564,3.4158465626800005,24.0,-13.168764351703436
ARB,OKX,HTX,72,1789920000000,1790179200000,0.21137,0.22388,0.21175,0.22414,6.7291815652081866,12.049471390365,24.0,-5.221347044426814
ARB,OKX,HTX,168,1789920000000,1790524800000,0.21137,0.22029,0.21175,0.22066,1.229578955841415,37.123922653771004,24.0,14.353501609612422
ARB,OKX,HTX,8,1789948800000,1789977600000,0.22065,0.21703,0.22096,0.21751,-7.923872312616265,1.628600485939,24.0,-30.295271826677265
ARB,OKX,HTX,24,1789948800000,1790035200000,0.22065,0.2237,0.22096,0.22345,25.537883184645338,4.563641991429001,24.0,6.10152517607434
ARB,OKX,HTX,72,1789948800000,1790208000000,0.22065,0.21616,0.22096,0.21695,-22.00887854707623,13.308151996758001,24.0,-32.70072655031823
ARB,OKX,HTX,168,1789948800000,1790553600000,0.22065,0.22417,0.22096,0.22478,-13.35330428021031,36.116421040750005,24.0,-1.2368832394603047
ARB,OKX,HTX,8,1789977600000,1790006400000,0.21703,0.2264,0.21751,0.22665,11.52698277296027,0.77974446372,24.0,-11.69327276331973
ARB,OKX,HTX,24,1789977600000,1790064000000,0.21703,0.22068,0.21751,0.22084,15.083104992363872,4.635337818941,24.0,-4.281557188695128
ARB,OKX,HTX,72,1789977600000,1790236800000,0.21703,0.21518,0.21751,0.21517,22.33958897339905,15.648723370755,24.0,13.988312344154053
ARB,OKX,HTX,168,1789977600000,1790582400000,0.21703,0.20872,0.21751,0.20927,-4.063216676986059,35.899140284656,24.0,7.83592360766994
ARB,OKX,HTX,8,1790006400000,1790035200000,0.2264,0.2237,0.22665,0.22345,21.92890144437465,2.1552970417700004,24.0,0.08419848614465053
ARB,OKX,HTX,24,1790006400000,1790092800000,0.2264,0.2148,0.22665,0.21489,6.494189839878484,6.634040688043,24.0,-10.871769472078515
ARB,OKX,HTX,72,1790006400000,1790265600000,0.2264,0.21835,0.22665,0.21921,-27.30594018423238,17.415152284082,24.0,-33.89078790015038
ARB,OKX,HTX,168,1790006400000,1790611200000,0.2264,0.20521,0.22665,0.20567,-10.297765347014876,36.663691711119,24.0,2.3659263641041264
ARB,OKX,HTX,8,1790035200000,1790064000000,0.2237,0.22068,0.22345,0.22084,-18.1975808512691,1.7002963134509999,24.0,-40.4972845378181
ARB,OKX,HTX,24,1790035200000,1790121600000,0.2237,0.24058,0.22345,0.2409,-26.353302785304678,6.331924532481,24.0,-44.02137825282368
ARB,OKX,HTX,72,1790035200000,1790294400000,0.2237,0.21898,0.22345,0.21918,-19.90266628909221,18.109753622175003,24.0,-25.792912666917207
ARB,OKX,HTX,168,1790035200000,1790640000000,0.2237,0.19977,0.22345,0.20035,-35.94793437691646,34.508394669349,24.0,-25.439539707567455
ARB,OKX,HTX,8,1790064000000,1790092800000,0.22068,0.2148,0.22084,0.21489,2.9766715036039226,2.778447332822,24.0,-18.244881163574078
ARB,OKX,HTX,24,1790064000000,1790150400000,0.22068,0.23915,0.22084,0.23915,7.85144610899291,4.63162821903,24.0,-11.51692567197709
ARB,OKX,HTX,72,1790064000000,1790323200000,0.22068,0.22008,0.22084,0.221,-34.43375380511093,17.762819223049,24.0,-40.67093458206193
ARB,OKX,HTX,168,1790064000000,1790668800000,0.22068,0.20464,0.22084,0.20509,-13.658282412198908,34.825291508948,24.0,-2.8329909032509093
ARB,OKX,HTX,8,1790092800000,1790121600000,0.2148,0.24058,0.21489,0.2409,-10.20048973997767,1.8531808862080001,24.0,-32.34730885376967
ARB,OKX,HTX,24,1790092800000,1790179200000,0.2148,0.22388,0.21489,0.22414,-7.7339816057642174,1.9995841396420002,24.0,-29.734397466122218
ARB,OKX,HTX,72,1790092800000,1790352000000,0.2148,0.2222,0.21489,0.22276,-21.727369414155095,18.638206610063,24.0,-27.089162804092094
ARB,OKX,HTX,168,1790092800000,1790697600000,0.2148,0.20468,0.21489,0.20536,-27.65322832442907,33.253800370821004,24.0,-18.399427953608065
ARB,OKX,HTX,8,1790121600000,1790150400000,0.24058,0.23915,0.2409,0.23915,13.204563304379802,0.0,24.0,-10.795436695620198
ARB,OKX,HTX,24,1790121600000,1790208000000,0.24058,0.21616,0.2409,0.21695,-20.858509881043208,2.412585472848,24.0,-42.44592440819521
ARB,OKX,HTX,72,1790121600000,1790380800000,0.24058,0.22367,0.2409,0.22419,-9.23587838315476,17.629875180759,24.0,-15.60600320239576
ARB,OKX,HTX,168,1790121600000,1790726400000,0.24058,0.20372,0.2409,0.20463,-26.526699123857746,32.548527163769,24.0,-17.978171960088744
ARB,OKX,HTX,8,1790150400000,1790179200000,0.23915,0.22388,0.23915,0.22414,-10.87183775872913,0.146403253434,24.0,-34.72543450529513
ARB,OKX,HTX,24,1790150400000,1790236800000,0.23915,0.21518,0.23915,0.21517,0.41814760610492385,6.381757332784,24.0,-17.200095061111078
ARB,OKX,HTX,72,1790150400000,1790409600000,0.23915,0.22067,0.23915,0.22113,-19.234789880827606,19.45260338456,24.0,-23.782186496267606
ARB,OKX,HTX,168,1790150400000,1790755200000,0.23915,0.20377,0.23915,0.2044,-26.34329918461131,32.548527163769,24.0,-17.79477202084231
ARB,OKX,HTX,8,1790179200000,1790208000000,0.22388,0.21616,0.22414,0.21695,-24.045931883706075,2.266182219414,24.0,-45.779749664292076
ARB,OKX,HTX,24,1790179200000,1790265600000,0.22388,0.21835,0.22414,0.21921,-27.055509523474797,8.781527456396999,24.0,-42.273982067077796
ARB,OKX,HTX,72,1790179200000,1790438400000,0.22388,0.22622,0.22414,0.22639,4.136589954792935,20.323489872117,24.0,0.46007982690993643
ARB,OKX,HTX,168,1790179200000,1790784000000,0.22388,0.20262,0.22414,0.20345,-26.532078723418007,32.402123910335,24.0,-18.129954813083007
ARB,OKX,HTX,8,1790208000000,1790236800000,0.21616,0.21518,0.21695,0.21517,36.709766940881124,3.9691718599359995,24.0,16.67893880081712
ARB,OKX,HTX,24,1790208000000,1790294400000,0.21616,0.21898,0.21695,0.21918,27.670258337229026,9.365243616846,24.0,13.035501954075023
ARB,OKX,HTX,72,1790208000000,1790467200000,0.21616,0.22535,0.21695,0.22609,3.8528091744982618,19.662920975602,24.0,-0.4842698498997393
ARB,OKX,HTX,8,1790236800000,1790265600000,0.21518,0.21835,0.21517,0.21921,-40.4399924954224,2.546173377047,24.0,-61.893819118375404
ARB,OKX,HTX,24,1790236800000,1790323200000,0.21518,0.22008,0.21517,0.221,-43.232221793489956,6.749433671235,24.0,-60.48278812225496
ARB,OKX,HTX,72,1790236800000,1790496000000,0.21518,0.2296,0.21517,0.23031,-33.493058355245076,15.746221999141,24.0,-41.746836356104076
ARB,OKX,HTX,8,1790265600000,1790294400000,0.21835,0.21898,0.21921,0.21918,30.22131003615258,2.849898379863,24.0,9.07120841601558
ARB,OKX,HTX,24,1790265600000,1790352000000,0.21835,0.2222,0.21921,0.22276,14.377251400925495,7.857095014024,24.0,-1.7656535850505044
ARB,OKX,HTX,72,1790265600000,1790524800000,0.21835,0.22029,0.21921,0.22066,22.7015621294413,16.292923807009,24.0,14.994485936450303
ARB,OKX,HTX,8,1790294400000,1790323200000,0.21898,0.22008,0.21918,0.221,-32.80387544668084,1.3533619143250002,24.0,-55.45051353235584
ARB,OKX,HTX,24,1790294400000,1790380800000,0.21898,0.22367,0.21918,0.22419,-14.40443944658698,5.8520460910650005,24.0,-32.55239335552198
ARB,OKX,HTX,72,1790294400000,1790553600000,0.21898,0.22417,0.21918,0.22478,-18.489818463425234,13.443025427146,24.0,-29.046793036279233
ARB,OKX,HTX,8,1790323200000,1790352000000,0.22008,0.2222,0.221,0.22276,16.69059872921652,3.653834719836,24.0,-3.65556655094748
ARB,OKX,HTX,24,1790323200000,1790409600000,0.22008,0.22067,0.221,0.22113,20.926080355807564,6.321412380541,24.0,3.247492736348562
ARB,OKX,HTX,72,1790323200000,1790582400000,0.22008,0.20872,0.221,0.20927,14.593294745965935,13.500983242666003,24.0,4.094277988631937
ARB,OKX,HTX,8,1790352000000,1790380800000,0.2222,0.22367,0.22276,0.22419,1.9619667120251982,0.844849456904,24.0,-21.1931838310708
ARB,OKX,HTX,24,1790352000000,1790438400000,0.2222,0.22622,0.22276,0.22639,17.96244447572759,3.6848674016959997,24.0,-2.35268812257641
ARB,OKX,HTX,72,1790352000000,1790611200000,0.2222,0.20521,0.22276,0.20567,2.5669293451169306,11.391444413013001,24.0,-10.041626241870068
ARB,OKX,HTX,8,1790380800000,1790409600000,0.22367,0.22067,0.22419,0.22113,2.3652009127617113,1.8227282038009998,24.0,-19.81207088343729
ARB,OKX,HTX,24,1790380800000,1790467200000,0.22367,0.22535,0.22419,0.22609,-9.638888709906368,4.445631267691001,24.0,-29.19325744221537
ARB,OKX,HTX,72,1790380800000,1790640000000,0.22367,0.19977,0.22419,0.20035,-5.154734847071518,10.546594956109,24.0,-18.60813989096252
ARB,OKX,HTX,8,1790409600000,1790438400000,0.22067,0.22622,0.22113,0.22639,13.637648064115382,1.017289740991,24.0,-9.345062194893618
ARB,OKX,HTX,24,1790409600000,1790496000000,0.22067,0.2296,0.22113,0.23031,-10.463748624804925,2.6753759473650005,24.0,-31.788372677439924
ARB,OKX,HTX,72,1790409600000,1790668800000,0.22067,0.20464,0.22113,0.20509,-1.0589023343121617,10.741059905358002,24.0,-14.31784242895416
ARB,OKX,HTX,8,1790438400000,1790467200000,0.22622,0.22535,0.22639,0.22609,-25.20666939121119,1.6056133228990002,24.0,-47.60105606831219
ARB,OKX,HTX,24,1790438400000,1790524800000,0.22622,0.22029,0.22639,0.22066,-9.031153385566926,4.7509613912890005,24.0,-28.280191994277924
ARB,OKX,HTX,72,1790438400000,1790697600000,0.22622,0.20468,0.22639,0.20536,-23.242497358990644,10.930726359062001,24.0,-36.31177099992864
ARB,OKX,HTX,8,1790467200000,1790496000000,0.22535,0.2296,0.22609,0.23031,1.9441845432410787,0.0524728834750001,24.0,-22.00334257328392
ARB,OKX,HTX,24,1790467200000,1790553600000,0.22535,0.22417,0.22609,0.22478,5.5785368071659125,3.14534806839,24.0,-15.276115124444088
ARB,OKX,HTX,72,1790467200000,1790726400000,0.22535,0.20372,0.22609,0.20463,-10.660718226774835,10.473020715319002,24.0,-24.18769751145583
ARB,OKX,HTX,8,1790496000000,1790524800000,0.2296,0.22029,0.23031,0.22066,13.512672739075526,3.092875184915,24.0,-7.394452076009472
ARB,OKX,HTX,24,1790496000000,1790582400000,0.2296,0.20872,0.23031,0.20927,4.14363491594294,4.50419491476,24.0,-15.352170169297061
ARB,OKX,HTX,72,1790496000000,1790755200000,0.2296,0.20377,0.23031,0.2044,0.005427467326679647,10.420547831844,24.0,-13.57402470082932
ARB,OKX,HTX,8,1790524800000,1790553600000,0.22029,0.22417,0.22066,0.22478,-10.581126432809285,0.0,24.0,-34.581126432809285
ARB,OKX,HTX,24,1790524800000,1790611200000,0.22029,0.20521,0.22066,0.20567,-5.226521830190567,2.9556156200280004,24.0,-26.270906210162565
ARB,OKX,HTX,72,1790524800000,1790784000000,0.22029,0.20262,0.22066,0.20345,-22.19154379926591,7.327672646929,24.0,-38.86387115233691
ARB,OKX,HTX,8,1790553600000,1790582400000,0.22417,0.20872,0.22478,0.20927,0.7989254370499577,1.411319729845,24.0,-21.789754833105043
ARB,OKX,HTX,24,1790553600000,1790640000000,0.22417,0.19977,0.22478,0.20035,-1.6191849239532985,2.9556156200280004,24.0,-22.6635693039253
ARB,OKX,HTX,8,1790582400000,1790611200000,0.20872,0.20521,0.20927,0.20567,3.858688133858701,1.544295890183,24.0,-18.5970159759583
ARB,OKX,HTX,24,1790582400000,1790668800000,0.20872,0.20464,0.20927,0.20509,4.264765819851357,3.561489043233,24.0,-16.17374513691564
ARB,OKX,HTX,8,1790611200000,1790640000000,0.20521,0.19977,0.20567,0.20035,-6.427497326197962,0.0,24.0,-30.42749732619796
ARB,OKX,HTX,24,1790611200000,1790697600000,0.20521,0.20468,0.20567,0.20536,-10.754512143946737,3.224149347745,24.0,-31.530362796201736
ARB,OKX,HTX,8,1790640000000,1790668800000,0.19977,0.20464,0.20035,0.20509,7.194372854961717,2.01719315305,24.0,-14.788433991988283
ARB,OKX,HTX,24,1790640000000,1790726400000,0.19977,0.20372,0.20035,0.20463,-15.89876773562926,4.372057026901,24.0,-35.52671070872826
ARB,OKX,HTX,8,1790668800000,1790697600000,0.20464,0.20468,0.20509,0.20536,-11.2102999003727,1.206956194695,24.0,-34.0033437056777
ARB,OKX,HTX,24,1790668800000,1790755200000,0.20464,0.20377,0.20509,0.2044,-8.869916413056789,2.3548638738510004,24.0,-30.51505253920579
ARB,OKX,HTX,8,1790697600000,1790726400000,0.20468,0.20372,0.20536,0.20463,-11.355150407614811,1.1479076791560001,24.0,-34.20724272845881
ARB,OKX,HTX,24,1790697600000,1790784000000,0.20468,0.20262,0.20536,0.20345,-7.63750749029124,1.1479076791560001,24.0,-30.48959981113524
ARB,OKX,HTX,8,1790726400000,1790755200000,0.20372,0.20377,0.20463,0.2044,13.694147767615572,0.0,24.0,-10.305852232384428
ARB,OKX,HTX,8,1790755200000,1790784000000,0.20377,0.20262,0.2044,0.20345,-9.958682936241914,0,24.0,-33.958682936241914
ARB,MEXC,HTX,8,1789574400000,1789603200000,0.1562,0.16568,0.15629,0.16581,-2.2098516915391997,3.1399999999999997,30.0,-29.0698516915392
ARB,MEXC,HTX,24,1789574400000,1789660800000,0.1562,0.1731,0.15629,0.17278,26.856325804922587,6.96,30.0,3.8163258049225846
ARB,MEXC,HTX,72,1789574400000,1789833600000,0.1562,0.20831,0.15629,0.20838,3.200778552034933,7.300000000000001,30.0,-19.499221447965066
ARB,MEXC,HTX,168,1789574400000,1790179200000,0.1562,0.22392,0.15629,0.22414,-5.821280558835351,20.76,30.0,-15.06128055883535
ARB,MEXC,HTX,8,1789603200000,1789632000000,0.16568,0.16606,0.16581,0.16614,3.033482005767585,1.84,30.0,-25.126517994232415
ARB,MEXC,HTX,24,1789603200000,1789689600000,0.16568,0.18287,0.16581,0.18271,18.303362236993248,4.16,30.0,-7.536637763006752
ARB,MEXC,HTX,72,1789603200000,1789862400000,0.16568,0.20192,0.16581,0.20217,-5.5222520724163005,4.16,30.0,-31.3622520724163
ARB,MEXC,HTX,168,1789603200000,1790208000000,0.16568,0.21625,0.16581,0.21695,-31.9836256766326,19.880000000000003,30.0,-42.103625676632596
ARB,MEXC,HTX,8,1789632000000,1789660800000,0.16606,0.1731,0.16614,0.17278,24.28021820299886,1.98,30.0,-3.7397817970011396
ARB,MEXC,HTX,24,1789632000000,1789718400000,0.16606,0.20912,0.16614,0.20899,13.888546363656218,2.32,30.0,-13.791453636343782
ARB,MEXC,HTX,72,1789632000000,1789891200000,0.16606,0.21355,0.16614,0.21347,11.007492335299851,3.2300000000000004,30.0,-15.762507664700149
ARB,MEXC,HTX,168,1789632000000,1790236800000,0.16606,0.21516,0.16614,0.21517,5.637059162595381,22.0,30.0,-2.3629408374046186
ARB,MEXC,HTX,8,1789660800000,1789689600000,0.1731,0.18287,0.17278,0.18271,-10.30566247711695,0.34,30.0,-39.96566247711695
ARB,MEXC,HTX,24,1789660800000,1789747200000,0.1731,0.21796,0.17278,0.21802,-26.79303728493787,0.34000000000000014,30.0,-56.45303728493787
ARB,MEXC,HTX,72,1789660800000,1789920000000,0.1731,0.21137,0.17278,0.21175,-44.60860891143837,1.8100000000000007,30.0,-72.79860891143836
ARB,MEXC,HTX,168,1789660800000,1790265600000,0.1731,0.21836,0.17278,0.21921,-72.55871947970948,22.55,30.0,-80.00871947970948
ARB,MEXC,HTX,8,1789689600000,1789718400000,0.18287,0.20912,0.18271,0.20899,-2.898972969367364,0.0,30.0,-32.898972969367364
ARB,MEXC,HTX,24,1789689600000,1789776000000,0.18287,0.21865,0.18271,0.21845,0.4758743995303405,0.0,30.0,-29.52412560046966
ARB,MEXC,HTX,72,1789689600000,1789948800000,0.18287,0.22071,0.18271,0.22096,-24.25196607283686,2.480000000000001,30.0,-51.77196607283686
ARB,MEXC,HTX,168,1789689600000,1790294400000,0.18287,0.21906,0.18271,0.21918,-17.057852532611495,25.060000000000006,30.0,-21.99785253261149
ARB,MEXC,HTX,8,1789718400000,1789747200000,0.20912,0.21796,0.20899,0.21802,-9.354294910490779,0.0,30.0,-39.35429491049078
ARB,MEXC,HTX,24,1789718400000,1789804800000,0.20912,0.21428,0.20899,0.21442,-13.072765568711286,0.0,30.0,-43.07276556871129
ARB,MEXC,HTX,72,1789718400000,1789977600000,0.20912,0.2171,0.20899,0.21751,-26.075926506736735,4.12,30.0,-51.95592650673673
ARB,MEXC,HTX,168,1789718400000,1790323200000,0.20912,0.22008,0.20899,0.221,-50.56764978852435,26.42,30.0,-54.14764978852435
ARB,MEXC,HTX,8,1789747200000,1789776000000,0.21796,0.21865,0.21802,0.21845,11.934223608331962,0.0,30.0,-18.065776391668038
ARB,MEXC,HTX,24,1789747200000,1789833600000,0.21796,0.20831,0.21802,0.20838,-0.5805178756490559,0.0,30.0,-30.580517875649058
ARB,MEXC,HTX,72,1789747200000,1790006400000,0.21796,0.22635,0.21802,0.22665,-10.902229240830064,4.880000000000001,30.0,-36.022229240830065
ARB,MEXC,HTX,168,1789747200000,1790352000000,0.21796,0.22218,0.21802,0.22276,-23.797739609099366,30.080000000000002,30.0,-23.717739609099365
ARB,MEXC,HTX,8,1789776000000,1789804800000,0.21865,0.21428,0.21845,0.21442,-15.381219689246661,0.0,30.0,-45.38121968924666
ARB,MEXC,HTX,24,1789776000000,1789862400000,0.21865,0.20192,0.21845,0.20217,-19.899153323179597,0.0,30.0,-49.8991533231796
ARB,MEXC,HTX,72,1789776000000,1790035200000,0.21865,0.22369,0.21845,0.22345,1.6200454347581328,7.0200000000000005,30.0,-21.359954565241868
ARB,MEXC,HTX,168,1789776000000,1790380800000,0.21865,0.22366,0.21845,0.22419,-33.62703897284325,30.940000000000005,30.0,-32.68703897284325
ARB,MEXC,HTX,8,1789804800000,1789833600000,0.21428,0.20831,0.21442,0.20838,3.0827113136155937,0.0,30.0,-26.917288686384406
ARB,MEXC,HTX,24,1789804800000,1789891200000,0.21428,0.21355,0.21442,0.21347,10.237993375062926,0.9100000000000001,30.0,-18.852006624937076
ARB,MEXC,HTX,72,1789804800000,1790064000000,0.21428,0.22069,0.21442,0.22084,-0.27105781428504727,8.700000000000001,30.0,-21.571057814285048
ARB,MEXC,HTX,168,1789804800000,1790409600000,0.21428,0.22061,0.21442,0.22113,-17.529348461635674,32.75,30.0,-14.779348461635674
ARB,MEXC,HTX,8,1789833600000,1789862400000,0.20831,0.20192,0.20838,0.20217,-8.741111454813044,0.0,30.0,-38.741111454813044
ARB,MEXC,HTX,24,1789833600000,1789920000000,0.20831,0.21137,0.20838,0.21175,-14.827321471981847,1.4700000000000002,30.0,-43.35732147198185
ARB,MEXC,HTX,72,1789833600000,1790092800000,0.20831,0.21481,0.20838,0.21489,-0.3750722413187191,11.480000000000002,30.0,-18.895072241318715
ARB,MEXC,HTX,168,1789833600000,1790438400000,0.20831,0.22615,0.20838,0.22639,-7.870481263554385,33.77,30.0,-4.100481263554382
ARB,MEXC,HTX,8,1789862400000,1789891200000,0.20192,0.21355,0.20217,0.21347,17.035132167799727,0.91,30.0,-12.054867832200273
ARB,MEXC,HTX,24,1789862400000,1789948800000,0.20192,0.22071,0.20217,0.22096,1.1507228582563478,2.48,30.0,-26.369277141743652
ARB,MEXC,HTX,72,1789862400000,1790121600000,0.20192,0.24053,0.20217,0.2409,-3.5710745620787243,13.32,30.0,-20.251074562078724
ARB,MEXC,HTX,168,1789862400000,1790467200000,0.20192,0.22549,0.20217,0.22609,-15.868707056174713,35.38,30.0,-10.48870705617471
ARB,MEXC,HTX,8,1789891200000,1789920000000,0.21355,0.21137,0.21347,0.21175,-21.510438442452482,0.56,30.0,-50.95043844245248
ARB,MEXC,HTX,24,1789891200000,1789977600000,0.21355,0.2171,0.21347,0.21751,-23.016344185178284,3.2100000000000004,30.0,-49.80634418517828
ARB,MEXC,HTX,72,1789891200000,1790150400000,0.21355,0.23912,0.21347,0.23915,-5.601678048741121,12.410000000000002,30.0,-23.191678048741117
ARB,MEXC,HTX,168,1789891200000,1790496000000,0.21355,0.22956,0.21347,0.23031,-39.16230189853209,34.540000000000006,30.0,-34.622301898532086
ARB,MEXC,HTX,8,1789920000000,1789948800000,0.21137,0.22071,0.21175,0.22096,6.932297918806896,1.01,30.0,-22.057702081193106
ARB,MEXC,HTX,24,1789920000000,1790006400000,0.21137,0.22635,0.21175,0.22665,5.0498689077294046,3.4100000000000006,30.0,-21.540131092270595
ARB,MEXC,HTX,72,1789920000000,1790179200000,0.21137,0.22392,0.21175,0.22414,8.621597707516582,11.99,30.0,-9.38840229248342
ARB,MEXC,HTX,168,1789920000000,1790524800000,0.21137,0.22029,0.21175,0.22066,1.229578955841415,37.07,30.0,8.299578955841412
ARB,MEXC,HTX,8,1789948800000,1789977600000,0.22071,0.2171,0.22096,0.21751,-7.426189181902743,1.6400000000000001,30.0,-35.78618918190274
ARB,MEXC,HTX,24,1789948800000,1790035200000,0.22071,0.22369,0.22096,0.22345,22.32872330167668,4.54,30.0,-3.1312766983233224
ARB,MEXC,HTX,72,1789948800000,1790208000000,0.22071,0.21625,0.22096,0.21695,-20.59431019324709,13.24,30.0,-37.35431019324709
ARB,MEXC,HTX,168,1789948800000,1790553600000,0.22071,0.22416,0.22096,0.22478,-16.568254757842737,36.06,30.0,-10.508254757842735
ARB,MEXC,HTX,8,1789977600000,1790006400000,0.2171,0.22635,0.21751,0.22665,5.860370021479877,0.76,30.0,-23.37962997852012
ARB,MEXC,HTX,24,1789977600000,1790064000000,0.2171,0.22069,0.21751,0.22084,12.265175162773367,4.58,30.0,-13.154824837226634
ARB,MEXC,HTX,72,1789977600000,1790236800000,0.2171,0.21516,0.21751,0.21517,18.221518577342664,15.56,30.0,3.7815185773426663
ARB,MEXC,HTX,168,1789977600000,1790582400000,0.2171,0.20873,0.21751,0.20927,-6.703461973327496,35.85000000000001,30.0,-0.8534619733274873
ARB,MEXC,HTX,8,1790006400000,1790035200000,0.22635,0.22369,0.22665,0.22345,23.669732469218108,2.14,30.0,-4.190267530781892
ARB,MEXC,HTX,24,1790006400000,1790092800000,0.22635,0.21481,0.22665,0.21489,9.031771573662084,6.6,30.0,-14.368228426337916
ARB,MEXC,HTX,72,1790006400000,1790265600000,0.22635,0.21836,0.22665,0.21921,-24.733721357420578,17.330000000000002,30.0,-37.40372135742058
ARB,MEXC,HTX,168,1790006400000,1790611200000,0.22635,0.20513,0.22665,0.20567,-11.829895690201875,36.63,30.0,-5.1998956902018705
ARB,MEXC,HTX,8,1790035200000,1790064000000,0.22369,0.22069,0.22345,0.22084,-17.309521583314115,1.6800000000000002,30.0,-45.629521583314116
ARB,MEXC,HTX,24,1790035200000,1790121600000,0.22369,0.24053,0.22345,0.2409,-28.107758414543937,6.3,30.0,-51.80775841454394
ARB,MEXC,HTX,72,1790035200000,1790294400000,0.22369,0.21906,0.22345,0.21918,-15.888673570186862,18.04,30.0,-27.84867357018686
ARB,MEXC,HTX,168,1790035200000,1790640000000,0.22369,0.19981,0.22345,0.20035,-33.760520377806856,34.50000000000001,30.0,-29.26052037780685
ARB,MEXC,HTX,8,1790064000000,1790092800000,0.22069,0.21481,0.22084,0.21489,2.988744962172385,2.78,30.0,-24.231255037827616
ARB,MEXC,HTX,24,1790064000000,1790150400000,0.22069,0.23912,0.22084,0.23915,6.0010243186092715,4.62,30.0,-19.378975681390727
ARB,MEXC,HTX,72,1790064000000,1790323200000,0.22069,0.22008,0.22084,0.221,-34.88564611153655,17.720000000000002,30.0,-47.165646111536546
ARB,MEXC,HTX,168,1790064000000,1790668800000,0.22069,0.20475,0.22084,0.20509,-9.09410441140901,34.83,30.0,-4.264104411409011
ARB,MEXC,HTX,8,1790092800000,1790121600000,0.21481,0.24053,0.21489,0.2409,-13.049527783817183,1.84,30.0,-41.20952778381718
ARB,MEXC,HTX,24,1790092800000,1790179200000,0.21481,0.22392,0.21489,0.22414,-6.357077309326886,1.9800000000000002,30.0,-34.377077309326886
ARB,MEXC,HTX,72,1790092800000,1790352000000,0.21481,0.22218,0.21489,0.22276,-23.13999017286017,18.6,30.0,-34.53999017286017
ARB,MEXC,HTX,168,1790092800000,1790697600000,0.21481,0.20467,0.21489,0.20536,-28.562350993747152,33.28,30.0,-25.28235099374715
ARB,MEXC,HTX,8,1790121600000,1790150400000,0.24053,0.23912,0.2409,0.23915,14.023704432840622,0.0,30.0,-15.976295567159378
ARB,MEXC,HTX,24,1790121600000,1790208000000,0.24053,0.21625,0.2409,0.21695,-15.249032262829587,2.4000000000000004,30.0,-42.84903226282959
ARB,MEXC,HTX,72,1790121600000,1790380800000,0.24053,0.22366,0.2409,0.22419,-7.7189958103618395,17.62,30.0,-20.09899581036184
ARB,MEXC,HTX,168,1790121600000,1790726400000,0.24053,0.2036,0.2409,0.20463,-29.75542956999422,32.57,30.0,-27.18542956999422
ARB,MEXC,HTX,8,1790150400000,1790179200000,0.23912,0.22392,0.23915,0.22414,-8.024544942718537,0.14,30.0,-37.884544942718534
ARB,MEXC,HTX,24,1790150400000,1790236800000,0.23912,0.21516,0.23915,0.21517,0.7105991185041294,6.36,30.0,-22.92940088149587
ARB,MEXC,HTX,72,1790150400000,1790409600000,0.23912,0.22061,0.23915,0.22113,-20.58633765300244,19.430000000000003,30.0,-31.156337653002435
ARB,MEXC,HTX,168,1790150400000,1790755200000,0.23912,0.20381,0.23915,0.2044,-23.60150505159142,32.57,30.0,-21.03150505159142
ARB,MEXC,HTX,8,1790179200000,1790208000000,0.22392,0.21625,0.22414,0.21695,-21.751393193779613,2.2600000000000002,30.0,-49.491393193779615
ARB,MEXC,HTX,24,1790179200000,1790265600000,0.22392,0.21836,0.22414,0.21921,-28.35114951537321,8.75,30.0,-49.60114951537321
ARB,MEXC,HTX,72,1790179200000,1790438400000,0.22392,0.22615,0.22414,0.22639,-0.7945497877437369,20.310000000000002,30.0,-10.484549787743735
ARB,MEXC,HTX,168,1790179200000,1790784000000,0.22392,0.20268,0.22414,0.20345,-25.469267743489787,32.43,30.0,-23.039267743489788
ARB,MEXC,HTX,8,1790208000000,1790236800000,0.21625,0.21516,0.21695,0.21517,31.641930228190063,3.96,30.0,5.601930228190064
ARB,MEXC,HTX,24,1790208000000,1790294400000,0.21625,0.21906,0.21695,0.21918,27.153535549997443,9.34,30.0,6.493535549997446
ARB,MEXC,HTX,72,1790208000000,1790467200000,0.21625,0.22549,0.21695,0.22609,5.9880076787099945,19.660000000000004,30.0,-4.351992321290002
ARB,MEXC,HTX,8,1790236800000,1790265600000,0.21516,0.21836,0.21517,0.21921,-39.03198742719161,2.5300000000000002,30.0,-66.50198742719161
ARB,MEXC,HTX,24,1790236800000,1790323200000,0.21516,0.22008,0.21517,0.221,-42.28151382448697,6.74,30.0,-65.54151382448697
ARB,MEXC,HTX,72,1790236800000,1790496000000,0.21516,0.22956,0.21517,0.23031,-34.36030722772987,15.770000000000001,30.0,-48.590307227729866
ARB,MEXC,HTX,8,1790265600000,1790294400000,0.21836,0.21906,0.21921,0.21918,33.42570402958711,2.85,30.0,6.275704029587111
ARB,MEXC,HTX,24,1790265600000,1790352000000,0.21836,0.22218,0.21921,0.22276,12.995298551585766,7.87,30.0,-9.134701448414233
ARB,MEXC,HTX,72,1790265600000,1790524800000,0.21836,0.22029,0.21921,0.22066,22.239533910923814,16.330000000000002,30.0,8.569533910923816
ARB,MEXC,HTX,8,1790294400000,1790323200000,0.21906,0.22008,0.21918,0.221,-36.47418783524259,1.36,30.0,-65.11418783524259
ARB,MEXC,HTX,24,1790294400000,1790380800000,0.21906,0.22366,0.21918,0.22419,-18.59111882593023,5.88,30.0,-42.71111882593023
ARB,MEXC,HTX,72,1790294400000,1790553600000,0.21906,0.22416,0.21918,0.22478,-22.684836429620603,13.480000000000002,30.0,-39.2048364296206
ARB,MEXC,HTX,8,1790323200000,1790352000000,0.22008,0.22218,0.221,0.22276,15.78183827847024,3.66,30.0,-10.55816172152976
ARB,MEXC,HTX,24,1790323200000,1790409600000,0.22008,0.22061,0.221,0.22113,18.199799003570938,6.330000000000001,30.0,-5.47020099642906
ARB,MEXC,HTX,72,1790323200000,1790582400000,0.22008,0.20873,0.221,0.20927,15.047674971339076,13.55,30.0,-1.4023250286609255
ARB,MEXC,HTX,8,1790352000000,1790380800000,0.22218,0.22366,0.22276,0.22419,2.4180074551760633,0.86,30.0,-26.721992544823937
ARB,MEXC,HTX,24,1790352000000,1790438400000,0.22218,0.22615,0.22276,0.22639,15.728302617037393,3.6900000000000004,30.0,-10.581697382962606
ARB,MEXC,HTX,72,1790352000000,1790611200000,0.22218,0.20513,0.22276,0.20567,-0.20241321160630044,11.430000000000001,30.0,-18.7724132116063
ARB,MEXC,HTX,8,1790380800000,1790409600000,0.22366,0.22061,0.22419,0.22113,0.12366795344886938,1.81,30.0,-28.066332046551132
ARB,MEXC,HTX,24,1790380800000,1790467200000,0.22366,0.22549,0.22419,0.22609,-2.928922213703,4.44,30.0,-28.488922213703
ARB,MEXC,HTX,72,1790380800000,1790640000000,0.22366,0.19981,0.22419,0.20035,-2.966973891687097,10.580000000000002,30.0,-22.386973891687095
ARB,MEXC,HTX,8,1790409600000,1790438400000,0.22061,0.22615,0.22113,0.22639,13.252762548905395,1.02,30.0,-15.727237451094606
ARB,MEXC,HTX,24,1790409600000,1790496000000,0.22061,0.22956,0.22113,0.23031,-9.447110213169907,2.7000000000000006,30.0,-36.747110213169904
ARB,MEXC,HTX,72,1790409600000,1790668800000,0.22061,0.20475,0.22113,0.20509,6.449436162000444,10.780000000000001,30.0,-12.770563837999553
ARB,MEXC,HTX,8,1790438400000,1790467200000,0.22615,0.22549,0.22639,0.22609,-15.932701094357737,1.61,30.0,-44.32270109435774
ARB,MEXC,HTX,24,1790438400000,1790524800000,0.22615,0.22029,0.22639,0.22066,-6.017000807166939,4.7700000000000005,30.0,-31.247000807166938
ARB,MEXC,HTX,72,1790438400000,1790697600000,0.22615,0.20467,0.22639,0.20536,-20.884115452060037,10.990000000000002,30.0,-39.894115452060035
ARB,MEXC,HTX,8,1790467200000,1790496000000,0.22549,0.22956,0.22609,0.23031,-6.155524412949642,0.07000000000000008,30.0,-36.08552441294964
ARB,MEXC,HTX,24,1790467200000,1790553600000,0.22549,0.22416,0.22609,0.22478,-1.0411322747172491,3.1600000000000006,30.0,-27.88113227471725
ARB,MEXC,HTX,72,1790467200000,1790726400000,0.22549,0.2036,0.22609,0.20463,-21.595226919886024,10.510000000000002,30.0,-41.085226919886026
ARB,MEXC,HTX,8,1790496000000,1790524800000,0.22956,0.22029,0.23031,0.22066,15.184481799038752,3.0900000000000003,30.0,-11.725518200961247
ARB,MEXC,HTX,24,1790496000000,1790582400000,0.22956,0.20873,0.23031,0.20927,6.163253723140416,4.5200000000000005,30.0,-19.316746276859583
ARB,MEXC,HTX,72,1790496000000,1790755200000,0.22956,0.20381,0.23031,0.2044,3.2943279726405095,10.44,30.0,-16.265672027359493
ARB,MEXC,HTX,8,1790524800000,1790553600000,0.22029,0.22416,0.22066,0.22478,-11.035073502581039,0.0,30.0,-41.03507350258104
ARB,MEXC,HTX,24,1790524800000,1790611200000,0.22029,0.20513,0.22066,0.20567,-8.858098388363489,2.97,30.0,-35.88809838836349
ARB,MEXC,HTX,72,1790524800000,1790784000000,0.22029,0.20268,0.22066,0.20345,-19.4678613806365,7.35,30.0,-42.1178613806365
ARB,MEXC,HTX,8,1790553600000,1790582400000,0.22416,0.20873,0.22478,0.20927,1.6603989790564544,1.4300000000000002,30.0,-26.909601020943544
ARB,MEXC,HTX,24,1790553600000,1790640000000,0.22416,0.19981,0.22478,0.20035,0.5628074185182186,2.9800000000000004,30.0,-26.45719258148178
ARB,MEXC,HTX,8,1790582400000,1790611200000,0.20873,0.20513,0.20927,0.20567,-0.4450454990445607,1.54,30.0,-28.90504549904456
ARB,MEXC,HTX,24,1790582400000,1790668800000,0.20873,0.20475,0.20927,0.20509,9.065009062044771,3.5600000000000005,30.0,-17.37499093795523
ARB,MEXC,HTX,8,1790611200000,1790640000000,0.20513,0.19981,0.20567,0.20035,-0.680934383149312,0.010000000000000108,30.0,-30.670934383149312
ARB,MEXC,HTX,24,1790611200000,1790697600000,0.20513,0.20467,0.20567,0.20536,-7.352114523474507,3.2500000000000004,30.0,-34.102114523474505
ARB,MEXC,HTX,8,1790640000000,1790668800000,0.19981,0.20475,0.20035,0.20509,10.648898584926236,2.0100000000000002,30.0,-17.341101415073766
ARB,MEXC,HTX,24,1790640000000,1790726400000,0.19981,0.2036,0.20035,0.20463,-23.945958043720683,4.37,30.0,-49.57595804372068
ARB,MEXC,HTX,8,1790668800000,1790697600000,0.20475,0.20467,0.20509,0.20536,-17.072155879508387,1.23,30.0,-45.84215587950838
ARB,MEXC,HTX,24,1790668800000,1790755200000,0.20475,0.20381,0.20509,0.2044,-12.265879758199816,2.3600000000000003,30.0,-39.905879758199816
ARB,MEXC,HTX,8,1790697600000,1790726400000,0.20467,0.2036,0.20536,0.20463,-16.731947323719297,1.1300000000000001,30.0,-45.601947323719294
ARB,MEXC,HTX,24,1790697600000,1790784000000,0.20467,0.20268,0.20536,0.20345,-4.222285176767038,1.1300000000000001,30.0,-33.092285176767035
ARB,MEXC,HTX,8,1790726400000,1790755200000,0.2036,0.20381,0.20463,0.2044,21.554140507755726,0.0,30.0,-8.445859492244274
ARB,MEXC,HTX,8,1790755200000,1790784000000,0.20381,0.20268,0.2044,0.20345,-8.966300584434261,0,30.0,-38.966300584434265
