route,base,quote,capital,n,positive_pct,median_bps,p95_bps,max_bps
BITGET->GATE,BTC,USDT,100.0,5,0.0,-21.937399,-21.35658,-21.35658
BITGET->GATE,BTC,USDT,1000.0,5,0.0,-21.937399,-21.35658,-21.35658
BITGET->GATE,BTC,USDT,10000.0,5,0.0,-21.937399,-21.35658,-21.35658
BITGET->GATE,ETH,USDT,100.0,5,0.0,-20.661619,-20.223957,-20.223957
BITGET->GATE,ETH,USDT,1000.0,5,0.0,-20.661619,-20.223957,-20.223957
BITGET->GATE,ETH,USDT,10000.0,5,0.0,-21.070672,-20.223957,-20.223957
BITGET->HTX,BTC,USDT,100.0,5,0.0,-21.038294,-20.689862,-20.689862
BITGET->HTX,BTC,USDT,1000.0,5,0.0,-21.038294,-20.689862,-20.689862
BITGET->HTX,BTC,USDT,10000.0,5,0.0,-21.038294,-20.689862,-20.689862
BITGET->HTX,ETH,USDT,100.0,5,0.0,-23.437276,-22.620805,-22.620805
BITGET->HTX,ETH,USDT,1000.0,5,0.0,-23.437276,-22.620805,-22.620805
BITGET->HTX,ETH,USDT,10000.0,5,0.0,-23.437276,-22.620805,-22.620805
BITGET->MEXC,BTC,USDT,100.0,5,0.0,-27.409954,-26.991732,-26.991732
BITGET->MEXC,BTC,USDT,1000.0,5,0.0,-27.409954,-26.991732,-26.991732
BITGET->MEXC,BTC,USDT,10000.0,5,0.0,-27.409954,-26.991732,-26.991732
BITGET->MEXC,ETH,USDT,100.0,5,0.0,-26.625196,-25.750293,-25.750293
BITGET->MEXC,ETH,USDT,1000.0,5,0.0,-26.625196,-25.750293,-25.750293
BITGET->MEXC,ETH,USDT,10000.0,5,0.0,-26.625196,-25.750293,-25.750293
GATE->BITGET,BTC,USDT,100.0,5,0.0,-22.085827,-20.879636,-20.879636
GATE->BITGET,BTC,USDT,1000.0,5,0.0,-22.085827,-20.879636,-20.879636
GATE->BITGET,BTC,USDT,10000.0,5,0.0,-22.085827,-20.879636,-20.879636
GATE->BITGET,ETH,USDT,100.0,5,0.0,-23.41106,-22.719044,-22.719044
GATE->BITGET,ETH,USDT,1000.0,5,0.0,-23.41106,-22.719044,-22.719044
GATE->BITGET,ETH,USDT,10000.0,5,0.0,-23.429481,-22.719044,-22.719044
GATE->HTX,BTC,USDT,100.0,5,0.0,-19.450959,-18.764093,-18.764093
GATE->HTX,BTC,USDT,1000.0,5,0.0,-19.450959,-18.764093,-18.764093
GATE->HTX,BTC,USDT,10000.0,5,0.0,-19.450959,-18.764093,-18.764093
GATE->HTX,ETH,USDT,100.0,5,0.0,-22.512536,-22.119918,-22.119918
GATE->HTX,ETH,USDT,1000.0,5,0.0,-22.512536,-22.119918,-22.119918
GATE->HTX,ETH,USDT,10000.0,5,0.0,-22.512536,-22.119918,-22.119918
GATE->MEXC,BTC,USDT,100.0,5,0.0,-25.507401,-25.414458,-25.414458
GATE->MEXC,BTC,USDT,1000.0,5,0.0,-25.507401,-25.414458,-25.414458
GATE->MEXC,BTC,USDT,10000.0,5,0.0,-25.64677,-25.484173,-25.484173
GATE->MEXC,ETH,USDT,100.0,5,0.0,-25.563091,-25.453785,-25.453785
GATE->MEXC,ETH,USDT,1000.0,5,0.0,-25.563091,-25.453785,-25.453785
GATE->MEXC,ETH,USDT,10000.0,5,0.0,-25.563091,-25.453785,-25.453785
HTX->BITGET,BTC,USDT,100.0,5,0.0,-22.984879,-21.440308,-21.440308
HTX->BITGET,BTC,USDT,1000.0,5,0.0,-22.984879,-21.440308,-21.440308
HTX->BITGET,BTC,USDT,10000.0,5,0.0,-22.984879,-21.440308,-21.440308
HTX->BITGET,ETH,USDT,100.0,5,0.0,-20.635549,-20.09474,-20.09474
HTX->BITGET,ETH,USDT,1000.0,5,0.0,-20.635549,-20.09474,-20.09474
HTX->BITGET,ETH,USDT,10000.0,5,0.0,-20.635549,-20.113163,-20.113163
HTX->GATE,BTC,USDT,100.0,5,0.0,-20.572262,-20.457769,-20.457769
HTX->GATE,BTC,USDT,1000.0,5,0.0,-20.572262,-20.457769,-20.457769
HTX->GATE,BTC,USDT,10000.0,5,0.0,-20.669195,-20.562296,-20.562296
HTX->GATE,ETH,USDT,100.0,5,0.0,-17.560268,-16.719899,-16.719899
HTX->GATE,ETH,USDT,1000.0,5,0.0,-17.560268,-16.719899,-16.719899
HTX->GATE,ETH,USDT,10000.0,5,0.0,-17.560268,-17.128963,-17.128963
HTX->MEXC,BTC,USDT,100.0,5,0.0,-26.267102,-25.860615,-25.860615
HTX->MEXC,BTC,USDT,1000.0,5,0.0,-26.267102,-25.860615,-25.860615
HTX->MEXC,BTC,USDT,10000.0,5,0.0,-26.267102,-26.101701,-26.101701
HTX->MEXC,ETH,USDT,100.0,5,0.0,-23.16604,-22.683475,-22.683475
HTX->MEXC,ETH,USDT,1000.0,5,0.0,-23.16604,-22.683475,-22.683475
HTX->MEXC,ETH,USDT,10000.0,5,0.0,-23.16604,-22.683475,-22.683475
MEXC->BITGET,BTC,USDT,100.0,5,0.0,-28.613261,-27.184792,-27.184792
MEXC->BITGET,BTC,USDT,1000.0,5,0.0,-28.613261,-27.184792,-27.184792
MEXC->BITGET,BTC,USDT,10000.0,5,0.0,-28.613261,-27.184792,-27.184792
MEXC->BITGET,ETH,USDT,100.0,5,0.0,-29.447473,-29.265629,-29.265629
MEXC->BITGET,ETH,USDT,1000.0,5,0.0,-29.447473,-29.265629,-29.265629
MEXC->BITGET,ETH,USDT,10000.0,5,0.0,-29.465894,-29.265629,-29.265629
MEXC->GATE,BTC,USDT,100.0,5,0.0,-26.515824,-26.316773,-26.316773
MEXC->GATE,BTC,USDT,1000.0,5,0.0,-26.515824,-26.316773,-26.316773
MEXC->GATE,BTC,USDT,10000.0,5,0.0,-26.515824,-26.316773,-26.316773
MEXC->GATE,ETH,USDT,100.0,5,0.0,-26.509703,-26.072836,-26.072836
MEXC->GATE,ETH,USDT,1000.0,5,0.0,-26.509703,-26.072836,-26.072836
MEXC->GATE,ETH,USDT,10000.0,5,0.0,-26.509703,-26.364259,-26.364259
MEXC->HTX,BTC,USDT,100.0,5,0.0,-25.756118,-25.291549,-25.291549
MEXC->HTX,BTC,USDT,1000.0,5,0.0,-25.756118,-25.291549,-25.291549
MEXC->HTX,BTC,USDT,10000.0,5,0.0,-25.756118,-25.291549,-25.291549
MEXC->HTX,ETH,USDT,100.0,5,0.0,-28.906692,-28.702493,-28.702493
MEXC->HTX,ETH,USDT,1000.0,5,0.0,-28.906692,-28.702493,-28.702493
MEXC->HTX,ETH,USDT,10000.0,5,0.0,-28.906692,-28.702493,-28.702493
