TRADEDATE,SECID,CLOSE,OPEN,HIGH,LOW
2025-01-03,IMOEXDIV,0.0,0.0,0.0,0.0
2025-01-06,IMOEXDIV,0.0,0.0,0.0,0.0
2025-01-08,IMOEXDIV,5.32,5.32,5.32,5.32
2025-01-09,IMOEXDIV,0.0,0.0,0.0,0.0
2025-01-10,IMOEXDIV,7.86,7.86,7.86,7.86
2025-01-13,IMOEXDIV,0.0,0.0,0.0,0.0
2025-01-14,IMOEXDIV,0.0,0.0,0.0,0.0
2025-01-15,IMOEXDIV,0.0,0.0,0.0,0.0
2025-01-16,IMOEXDIV,0.04,0.04,0.04,0.04
2025-01-17,IMOEXDIV,0.0,0.0,0.0,0.0
2025-01-20,IMOEXDIV,0.0,0.0,0.0,0.0
2025-01-21,IMOEXDIV,0.0,0.0,0.0,0.0
2025-01-22,IMOEXDIV,0.0,0.0,0.0,0.0
2025-01-23,IMOEXDIV,0.0,0.0,0.0,0.0
2025-01-24,IMOEXDIV,0.0,0.0,0.0,0.0
2025-01-27,IMOEXDIV,0.0,0.0,0.0,0.0
2025-01-28,IMOEXDIV,0.0,0.0,0.0,0.0
2025-01-29,IMOEXDIV,0.0,0.0,0.0,0.0
2025-01-30,IMOEXDIV,0.0,0.0,0.0,0.0
2025-01-31,IMOEXDIV,0.0,0.0,0.0,0.0
2025-02-03,IMOEXDIV,0.0,0.0,0.0,0.0
2025-02-04,IMOEXDIV,0.0,0.0,0.0,0.0
2025-02-05,IMOEXDIV,0.0,0.0,0.0,0.0
2025-02-06,IMOEXDIV,0.0,0.0,0.0,0.0
2025-02-07,IMOEXDIV,0.0,0.0,0.0,0.0
2025-02-10,IMOEXDIV,0.0,0.0,0.0,0.0
2025-02-11,IMOEXDIV,0.0,0.0,0.0,0.0
2025-02-12,IMOEXDIV,0.0,0.0,0.0,0.0
2025-02-13,IMOEXDIV,0.0,0.0,0.0,0.0
2025-02-14,IMOEXDIV,0.0,0.0,0.0,0.0
2025-02-17,IMOEXDIV,0.0,0.0,0.0,0.0
2025-02-18,IMOEXDIV,0.0,0.0,0.0,0.0
2025-02-19,IMOEXDIV,0.0,0.0,0.0,0.0
2025-02-20,IMOEXDIV,0.0,0.0,0.0,0.0
2025-02-21,IMOEXDIV,0.0,0.0,0.0,0.0
2025-02-24,IMOEXDIV,0.0,0.0,0.0,0.0
2025-02-25,IMOEXDIV,0.0,0.0,0.0,0.0
2025-02-26,IMOEXDIV,0.0,0.0,0.0,0.0
2025-02-27,IMOEXDIV,0.0,0.0,0.0,0.0
2025-02-28,IMOEXDIV,0.0,0.0,0.0,0.0
2025-03-03,IMOEXDIV,0.0,0.0,0.0,0.0
2025-03-04,IMOEXDIV,0.0,0.0,0.0,0.0
2025-03-05,IMOEXDIV,0.0,0.0,0.0,0.0
2025-03-06,IMOEXDIV,0.0,0.0,0.0,0.0
2025-03-07,IMOEXDIV,0.0,0.0,0.0,0.0
2025-03-10,IMOEXDIV,0.0,0.0,0.0,0.0
2025-03-11,IMOEXDIV,0.0,0.0,0.0,0.0
2025-03-12,IMOEXDIV,0.0,0.0,0.0,0.0
2025-03-13,IMOEXDIV,0.0,0.0,0.0,0.0
2025-03-14,IMOEXDIV,0.0,0.0,0.0,0.0
2025-03-17,IMOEXDIV,0.0,0.0,0.0,0.0
2025-03-18,IMOEXDIV,0.0,0.0,0.0,0.0
2025-03-19,IMOEXDIV,0.0,0.0,0.0,0.0
2025-03-20,IMOEXDIV,0.0,0.0,0.0,0.0
2025-03-21,IMOEXDIV,0.0,0.0,0.0,0.0
2025-03-24,IMOEXDIV,0.0,0.0,0.0,0.0
2025-03-25,IMOEXDIV,0.0,0.0,0.0,0.0
2025-03-26,IMOEXDIV,0.0,0.0,0.0,0.0
2025-03-27,IMOEXDIV,0.0,0.0,0.0,0.0
2025-03-28,IMOEXDIV,0.0,0.0,0.0,0.0
2025-03-31,IMOEXDIV,0.0,0.0,0.0,0.0
2025-04-01,IMOEXDIV,0.0,0.0,0.0,0.0
2025-04-02,IMOEXDIV,0.0,0.0,0.0,0.0
2025-04-03,IMOEXDIV,0.0,0.0,0.0,0.0
2025-04-04,IMOEXDIV,0.0,0.0,0.0,0.0
2025-04-07,IMOEXDIV,0.0,0.0,0.0,0.0
2025-04-08,IMOEXDIV,0.0,0.0,0.0,0.0
2025-04-09,IMOEXDIV,0.0,0.0,0.0,0.0
2025-04-10,IMOEXDIV,0.0,0.0,0.0,0.0
2025-04-11,IMOEXDIV,0.0,0.0,0.0,0.0
2025-04-14,IMOEXDIV,0.0,0.0,0.0,0.0
2025-04-15,IMOEXDIV,0.0,0.0,0.0,0.0
2025-04-16,IMOEXDIV,0.0,0.0,0.0,0.0
2025-04-17,IMOEXDIV,0.0,0.0,0.0,0.0
2025-04-18,IMOEXDIV,0.0,0.0,0.0,0.0
2025-04-21,IMOEXDIV,0.0,0.0,0.0,0.0
2025-04-22,IMOEXDIV,0.0,0.0,0.0,0.0
2025-04-23,IMOEXDIV,0.0,0.0,0.0,0.0
2025-04-24,IMOEXDIV,0.0,0.0,0.0,0.0
2025-04-25,IMOEXDIV,3.93,3.93,3.93,3.93
2025-04-28,IMOEXDIV,7.45,7.45,7.45,7.45
2025-04-29,IMOEXDIV,0.0,0.0,0.0,0.0
2025-04-30,IMOEXDIV,0.0,0.0,0.0,0.0
2025-05-02,IMOEXDIV,0.0,0.0,0.0,0.0
2025-05-05,IMOEXDIV,0.99,0.99,0.99,0.99
2025-05-06,IMOEXDIV,0.0,0.0,0.0,0.0
2025-05-07,IMOEXDIV,0.0,0.0,0.0,0.0
2025-05-08,IMOEXDIV,0.0,0.0,0.0,0.0
2025-05-12,IMOEXDIV,0.0,0.0,0.0,0.0
2025-05-13,IMOEXDIV,0.0,0.0,0.0,0.0
2025-05-14,IMOEXDIV,0.0,0.0,0.0,0.0
2025-05-15,IMOEXDIV,0.0,0.0,0.0,0.0
2025-05-16,IMOEXDIV,1.51,1.51,1.51,1.51
2025-05-19,IMOEXDIV,0.18,0.18,0.18,0.18
2025-05-20,IMOEXDIV,0.0,0.0,0.0,0.0
2025-05-21,IMOEXDIV,0.0,0.0,0.0,0.0
2025-05-22,IMOEXDIV,0.0,0.0,0.0,0.0
2025-05-23,IMOEXDIV,0.0,0.0,0.0,0.0
2025-05-26,IMOEXDIV,0.0,0.0,0.0,0.0
2025-05-27,IMOEXDIV,0.0,0.0,0.0,0.0
2025-05-28,IMOEXDIV,0.0,0.0,0.0,0.0
2025-05-29,IMOEXDIV,0.0,0.0,0.0,0.0
2025-05-30,IMOEXDIV,0.0,0.0,0.0,0.0
2025-06-02,IMOEXDIV,12.81,12.81,12.81,12.81
2025-06-03,IMOEXDIV,34.79,34.79,34.79,34.79
2025-06-04,IMOEXDIV,0.0,0.0,0.0,0.0
2025-06-05,IMOEXDIV,0.0,0.0,0.0,0.0
2025-06-06,IMOEXDIV,0.0,0.0,0.0,0.0
2025-06-09,IMOEXDIV,3.98,3.98,3.98,3.98
2025-06-10,IMOEXDIV,0.0,0.0,0.0,0.0
2025-06-11,IMOEXDIV,0.0,0.0,0.0,0.0
2025-06-13,IMOEXDIV,0.0,0.0,0.0,0.0
2025-06-16,IMOEXDIV,0.0,0.0,0.0,0.0
2025-06-17,IMOEXDIV,0.0,0.0,0.0,0.0
2025-06-18,IMOEXDIV,0.0,0.0,0.0,0.0
2025-06-19,IMOEXDIV,0.0,0.0,0.0,0.0
2025-06-20,IMOEXDIV,0.0,0.0,0.0,0.0
2025-06-23,IMOEXDIV,0.0,0.0,0.0,0.0
2025-06-24,IMOEXDIV,0.0,0.0,0.0,0.0
2025-06-25,IMOEXDIV,0.0,0.0,0.0,0.0
2025-06-26,IMOEXDIV,0.0,0.0,0.0,0.0
2025-06-27,IMOEXDIV,0.0,0.0,0.0,0.0
2025-06-30,IMOEXDIV,0.0,0.0,0.0,0.0
2025-07-01,IMOEXDIV,0.0,0.0,0.0,0.0
2025-07-02,IMOEXDIV,0.0,0.0,0.0,0.0
2025-07-03,IMOEXDIV,0.0,0.0,0.0,0.0
2025-07-04,IMOEXDIV,0.0,0.0,0.0,0.0
2025-07-07,IMOEXDIV,5.3,5.3,5.3,5.3
2025-07-08,IMOEXDIV,0.5,0.5,0.5,0.5
2025-07-09,IMOEXDIV,0.0,0.0,0.0,0.0
2025-07-10,IMOEXDIV,5.31,5.31,5.31,5.31
2025-07-11,IMOEXDIV,10.78,10.78,10.78,10.78
2025-07-14,IMOEXDIV,0.0,0.0,0.0,0.0
2025-07-15,IMOEXDIV,0.44,0.44,0.44,0.44
2025-07-16,IMOEXDIV,0.0,0.0,0.0,0.0
2025-07-17,IMOEXDIV,17.34,17.34,17.34,17.34
2025-07-18,IMOEXDIV,52.98,52.98,52.98,52.98
2025-07-21,IMOEXDIV,0.0,0.0,0.0,0.0
2025-07-22,IMOEXDIV,0.0,0.0,0.0,0.0
2025-07-23,IMOEXDIV,0.0,0.0,0.0,0.0
2025-07-24,IMOEXDIV,0.0,0.0,0.0,0.0
2025-07-25,IMOEXDIV,0.0,0.0,0.0,0.0
2025-07-28,IMOEXDIV,0.0,0.0,0.0,0.0
2025-07-29,IMOEXDIV,0.0,0.0,0.0,0.0
2025-07-30,IMOEXDIV,0.0,0.0,0.0,0.0
2025-07-31,IMOEXDIV,0.0,0.0,0.0,0.0
2025-08-01,IMOEXDIV,0.0,0.0,0.0,0.0
2025-08-04,IMOEXDIV,0.0,0.0,0.0,0.0
2025-08-05,IMOEXDIV,0.0,0.0,0.0,0.0
2025-08-06,IMOEXDIV,0.0,0.0,0.0,0.0
2025-08-07,IMOEXDIV,0.0,0.0,0.0,0.0
2025-08-08,IMOEXDIV,0.0,0.0,0.0,0.0
2025-08-11,IMOEXDIV,0.0,0.0,0.0,0.0
2025-08-12,IMOEXDIV,0.0,0.0,0.0,0.0
2025-08-13,IMOEXDIV,0.83,0.83,0.83,0.83
2025-08-14,IMOEXDIV,0.0,0.0,0.0,0.0
2025-08-15,IMOEXDIV,0.0,0.0,0.0,0.0
2025-08-18,IMOEXDIV,0.0,0.0,0.0,0.0
2025-08-19,IMOEXDIV,0.0,0.0,0.0,0.0
2025-08-20,IMOEXDIV,0.0,0.0,0.0,0.0
2025-08-21,IMOEXDIV,0.0,0.0,0.0,0.0
2025-08-22,IMOEXDIV,0.0,0.0,0.0,0.0
2025-08-25,IMOEXDIV,0.0,0.0,0.0,0.0
2025-08-26,IMOEXDIV,0.0,0.0,0.0,0.0
2025-08-27,IMOEXDIV,0.0,0.0,0.0,0.0
2025-08-28,IMOEXDIV,0.0,0.0,0.0,0.0
2025-08-29,IMOEXDIV,0.0,0.0,0.0,0.0
2025-09-01,IMOEXDIV,0.0,0.0,0.0,0.0
2025-09-02,IMOEXDIV,0.0,0.0,0.0,0.0
2025-09-03,IMOEXDIV,0.0,0.0,0.0,0.0
2025-09-04,IMOEXDIV,0.0,0.0,0.0,0.0
2025-09-05,IMOEXDIV,0.0,0.0,0.0,0.0
2025-09-08,IMOEXDIV,0.0,0.0,0.0,0.0
2025-09-09,IMOEXDIV,0.0,0.0,0.0,0.0
2025-09-10,IMOEXDIV,0.0,0.0,0.0,0.0
2025-09-11,IMOEXDIV,0.0,0.0,0.0,0.0
2025-09-12,IMOEXDIV,0.0,0.0,0.0,0.0
2025-09-15,IMOEXDIV,0.0,0.0,0.0,0.0
2025-09-16,IMOEXDIV,0.0,0.0,0.0,0.0
2025-09-17,IMOEXDIV,0.0,0.0,0.0,0.0
2025-09-18,IMOEXDIV,0.0,0.0,0.0,0.0
2025-09-19,IMOEXDIV,0.0,0.0,0.0,0.0
2025-09-22,IMOEXDIV,0.0,0.0,0.0,0.0
2025-09-23,IMOEXDIV,0.0,0.0,0.0,0.0
2025-09-24,IMOEXDIV,0.0,0.0,0.0,0.0
2025-09-25,IMOEXDIV,0.0,0.0,0.0,0.0
2025-09-26,IMOEXDIV,2.02,2.02,2.02,2.02
2025-09-29,IMOEXDIV,2.32,2.32,2.32,2.32
2025-09-30,IMOEXDIV,0.0,0.0,0.0,0.0
2025-10-01,IMOEXDIV,0.8,0.8,0.8,0.8
2025-10-02,IMOEXDIV,0.0,0.0,0.0,0.0
2025-10-03,IMOEXDIV,0.0,0.0,0.0,0.0
2025-10-06,IMOEXDIV,6.12,6.12,6.12,6.12
2025-10-07,IMOEXDIV,0.0,0.0,0.0,0.0
2025-10-08,IMOEXDIV,0.0,0.0,0.0,0.0
2025-10-09,IMOEXDIV,0.0,0.0,0.0,0.0
2025-10-10,IMOEXDIV,0.0,0.0,0.0,0.0
2025-10-13,IMOEXDIV,3.71,3.71,3.71,3.71
2025-10-14,IMOEXDIV,4.15,4.15,4.15,4.15
2025-10-15,IMOEXDIV,0.0,0.0,0.0,0.0
2025-10-16,IMOEXDIV,0.0,0.0,0.0,0.0
2025-10-17,IMOEXDIV,0.0,0.0,0.0,0.0
2025-10-20,IMOEXDIV,0.34,0.34,0.34,0.34
2025-10-21,IMOEXDIV,0.0,0.0,0.0,0.0
2025-10-22,IMOEXDIV,0.0,0.0,0.0,0.0
2025-10-23,IMOEXDIV,0.0,0.0,0.0,0.0
2025-10-24,IMOEXDIV,0.0,0.0,0.0,0.0
2025-10-27,IMOEXDIV,0.0,0.0,0.0,0.0
2025-10-28,IMOEXDIV,0.0,0.0,0.0,0.0
2025-10-29,IMOEXDIV,0.0,0.0,0.0,0.0
2025-10-30,IMOEXDIV,0.0,0.0,0.0,0.0
2025-10-31,IMOEXDIV,0.0,0.0,0.0,0.0
2025-11-01,IMOEXDIV,0.0,0.0,0.0,0.0
2025-11-03,IMOEXDIV,0.0,0.0,0.0,0.0
2025-11-05,IMOEXDIV,0.0,0.0,0.0,0.0
2025-11-06,IMOEXDIV,0.0,0.0,0.0,0.0
2025-11-07,IMOEXDIV,0.0,0.0,0.0,0.0
2025-11-10,IMOEXDIV,0.0,0.0,0.0,0.0
2025-11-11,IMOEXDIV,0.0,0.0,0.0,0.0
2025-11-12,IMOEXDIV,0.0,0.0,0.0,0.0
2025-11-13,IMOEXDIV,0.0,0.0,0.0,0.0
2025-11-14,IMOEXDIV,0.0,0.0,0.0,0.0
2025-11-17,IMOEXDIV,0.0,0.0,0.0,0.0
2025-11-18,IMOEXDIV,0.0,0.0,0.0,0.0
2025-11-19,IMOEXDIV,0.0,0.0,0.0,0.0
2025-11-20,IMOEXDIV,0.0,0.0,0.0,0.0
2025-11-21,IMOEXDIV,0.0,0.0,0.0,0.0
2025-11-24,IMOEXDIV,0.0,0.0,0.0,0.0
2025-11-25,IMOEXDIV,0.0,0.0,0.0,0.0
2025-11-26,IMOEXDIV,0.0,0.0,0.0,0.0
2025-11-27,IMOEXDIV,0.0,0.0,0.0,0.0
2025-11-28,IMOEXDIV,0.0,0.0,0.0,0.0
2025-12-01,IMOEXDIV,0.0,0.0,0.0,0.0
2025-12-02,IMOEXDIV,0.0,0.0,0.0,0.0
2025-12-03,IMOEXDIV,0.0,0.0,0.0,0.0
2025-12-04,IMOEXDIV,0.0,0.0,0.0,0.0
2025-12-05,IMOEXDIV,0.0,0.0,0.0,0.0
2025-12-08,IMOEXDIV,0.0,0.0,0.0,0.0
2025-12-09,IMOEXDIV,0.0,0.0,0.0,0.0
2025-12-10,IMOEXDIV,0.0,0.0,0.0,0.0
2025-12-11,IMOEXDIV,0.0,0.0,0.0,0.0
2025-12-12,IMOEXDIV,0.0,0.0,0.0,0.0
2025-12-15,IMOEXDIV,0.0,0.0,0.0,0.0
2025-12-16,IMOEXDIV,0.0,0.0,0.0,0.0
2025-12-17,IMOEXDIV,0.0,0.0,0.0,0.0
2025-12-18,IMOEXDIV,0.0,0.0,0.0,0.0
2025-12-19,IMOEXDIV,0.24,0.24,0.24,0.24
2025-12-22,IMOEXDIV,4.0,4.0,4.0,4.0
2025-12-23,IMOEXDIV,0.0,0.0,0.0,0.0
2025-12-24,IMOEXDIV,0.0,0.0,0.0,0.0
2025-12-25,IMOEXDIV,0.0,0.0,0.0,0.0
2025-12-26,IMOEXDIV,0.0,0.0,0.0,0.0
2025-12-29,IMOEXDIV,0.0,0.0,0.0,0.0
2025-12-30,IMOEXDIV,0.0,0.0,0.0,0.0
2026-01-05,IMOEXDIV,0.0,0.0,0.0,0.0
2026-01-06,IMOEXDIV,11.07,11.07,11.07,11.07
2026-01-08,IMOEXDIV,1.45,1.45,1.45,1.45
2026-01-09,IMOEXDIV,2.05,2.05,2.05,2.05
2026-01-12,IMOEXDIV,30.8,30.8,30.8,30.8
2026-01-13,IMOEXDIV,0.0,0.0,0.0,0.0
2026-01-14,IMOEXDIV,0.0,0.0,0.0,0.0
2026-01-15,IMOEXDIV,0.0,0.0,0.0,0.0
2026-01-16,IMOEXDIV,0.0,0.0,0.0,0.0
2026-01-19,IMOEXDIV,0.0,0.0,0.0,0.0
2026-01-20,IMOEXDIV,0.0,0.0,0.0,0.0
2026-01-21,IMOEXDIV,0.0,0.0,0.0,0.0
2026-01-22,IMOEXDIV,0.0,0.0,0.0,0.0
2026-01-23,IMOEXDIV,0.0,0.0,0.0,0.0
2026-01-26,IMOEXDIV,0.0,0.0,0.0,0.0
2026-01-27,IMOEXDIV,0.0,0.0,0.0,0.0
2026-01-28,IMOEXDIV,0.0,0.0,0.0,0.0
2026-01-29,IMOEXDIV,0.0,0.0,0.0,0.0
2026-01-30,IMOEXDIV,0.0,0.0,0.0,0.0
2026-02-02,IMOEXDIV,0.0,0.0,0.0,0.0
2026-02-03,IMOEXDIV,0.0,0.0,0.0,0.0
2026-02-04,IMOEXDIV,0.0,0.0,0.0,0.0
2026-02-05,IMOEXDIV,0.0,0.0,0.0,0.0
2026-02-06,IMOEXDIV,0.0,0.0,0.0,0.0
2026-02-09,IMOEXDIV,0.0,0.0,0.0,0.0
2026-02-10,IMOEXDIV,0.0,0.0,0.0,0.0
2026-02-11,IMOEXDIV,0.0,0.0,0.0,0.0
2026-02-12,IMOEXDIV,0.0,0.0,0.0,0.0
2026-02-13,IMOEXDIV,0.0,0.0,0.0,0.0
2026-02-16,IMOEXDIV,0.0,0.0,0.0,0.0
2026-02-17,IMOEXDIV,0.0,0.0,0.0,0.0
2026-02-18,IMOEXDIV,0.0,0.0,0.0,0.0
2026-02-19,IMOEXDIV,0.0,0.0,0.0,0.0
2026-02-20,IMOEXDIV,0.0,0.0,0.0,0.0
2026-02-24,IMOEXDIV,0.0,0.0,0.0,0.0
2026-02-25,IMOEXDIV,0.0,0.0,0.0,0.0
2026-02-26,IMOEXDIV,0.0,0.0,0.0,0.0
2026-02-27,IMOEXDIV,0.0,0.0,0.0,0.0
2026-03-02,IMOEXDIV,0.0,0.0,0.0,0.0
2026-03-03,IMOEXDIV,0.0,0.0,0.0,0.0
2026-03-04,IMOEXDIV,0.0,0.0,0.0,0.0
2026-03-05,IMOEXDIV,0.0,0.0,0.0,0.0
2026-03-06,IMOEXDIV,0.0,0.0,0.0,0.0
2026-03-09,IMOEXDIV,0.0,0.0,0.0,0.0
2026-03-10,IMOEXDIV,0.0,0.0,0.0,0.0
2026-03-11,IMOEXDIV,0.0,0.0,0.0,0.0
2026-03-12,IMOEXDIV,0.0,0.0,0.0,0.0
2026-03-13,IMOEXDIV,0.0,0.0,0.0,0.0
2026-03-16,IMOEXDIV,0.0,0.0,0.0,0.0
2026-03-17,IMOEXDIV,0.0,0.0,0.0,0.0
2026-03-18,IMOEXDIV,0.0,0.0,0.0,0.0
2026-03-19,IMOEXDIV,0.0,0.0,0.0,0.0
2026-03-20,IMOEXDIV,0.0,0.0,0.0,0.0
2026-03-23,IMOEXDIV,0.0,0.0,0.0,0.0
2026-03-24,IMOEXDIV,0.0,0.0,0.0,0.0
2026-03-25,IMOEXDIV,0.0,0.0,0.0,0.0
2026-03-26,IMOEXDIV,0.0,0.0,0.0,0.0
2026-03-27,IMOEXDIV,0.0,0.0,0.0,0.0
2026-03-30,IMOEXDIV,0.0,0.0,0.0,0.0
2026-03-31,IMOEXDIV,0.0,0.0,0.0,0.0
2026-04-01,IMOEXDIV,0.0,0.0,0.0,0.0
2026-04-02,IMOEXDIV,0.0,0.0,0.0,0.0
2026-04-03,IMOEXDIV,0.0,0.0,0.0,0.0
2026-04-06,IMOEXDIV,0.0,0.0,0.0,0.0
2026-04-07,IMOEXDIV,0.0,0.0,0.0,0.0
2026-04-08,IMOEXDIV,0.0,0.0,0.0,0.0
2026-04-09,IMOEXDIV,0.0,0.0,0.0,0.0
2026-04-10,IMOEXDIV,0.0,0.0,0.0,0.0
2026-04-13,IMOEXDIV,4.57,4.57,4.57,4.57
2026-04-14,IMOEXDIV,0.0,0.0,0.0,0.0
2026-04-15,IMOEXDIV,0.0,0.0,0.0,0.0
2026-04-16,IMOEXDIV,0.0,0.0,0.0,0.0
2026-04-17,IMOEXDIV,0.0,0.0,0.0,0.0
2026-04-20,IMOEXDIV,0.0,0.0,0.0,0.0
2026-04-21,IMOEXDIV,0.0,0.0,0.0,0.0
2026-04-22,IMOEXDIV,0.0,0.0,0.0,0.0
2026-04-23,IMOEXDIV,0.0,0.0,0.0,0.0
2026-04-24,IMOEXDIV,0.0,0.0,0.0,0.0
2026-04-27,IMOEXDIV,4.28,4.28,4.28,4.28
2026-04-28,IMOEXDIV,0.0,0.0,0.0,0.0
2026-04-29,IMOEXDIV,0.0,0.0,0.0,0.0
2026-04-30,IMOEXDIV,0.0,0.0,0.0,0.0
2026-05-04,IMOEXDIV,22.32,22.32,22.32,22.32
2026-05-05,IMOEXDIV,0.0,0.0,0.0,0.0
2026-05-06,IMOEXDIV,0.0,0.0,0.0,0.0
2026-05-07,IMOEXDIV,0.0,0.0,0.0,0.0
2026-05-08,IMOEXDIV,0.0,0.0,0.0,0.0
2026-05-11,IMOEXDIV,0.0,0.0,0.0,0.0
2026-05-12,IMOEXDIV,2.5,2.5,2.5,2.5
2026-05-13,IMOEXDIV,0.0,0.0,0.0,0.0
2026-05-14,IMOEXDIV,0.0,0.0,0.0,0.0
2026-05-15,IMOEXDIV,0.18,0.18,0.18,0.18
2026-05-18,IMOEXDIV,2.58,2.58,2.58,2.58
2026-05-19,IMOEXDIV,0.0,0.0,0.0,0.0
2026-05-20,IMOEXDIV,0.0,0.0,0.0,0.0
2026-05-21,IMOEXDIV,0.0,0.0,0.0,0.0
2026-05-22,IMOEXDIV,0.0,0.0,0.0,0.0
2026-05-25,IMOEXDIV,1.8,1.8,1.8,1.8
2026-05-26,IMOEXDIV,1.14,1.14,1.14,1.14
2026-05-27,IMOEXDIV,0.0,0.0,0.0,0.0
2026-05-28,IMOEXDIV,0.0,0.0,0.0,0.0
2026-05-29,IMOEXDIV,0.0,0.0,0.0,0.0
2026-06-01,IMOEXDIV,0.0,0.0,0.0,0.0
2026-06-02,IMOEXDIV,0.0,0.0,0.0,0.0
2026-06-03,IMOEXDIV,0.0,0.0,0.0,0.0
2026-06-04,IMOEXDIV,0.0,0.0,0.0,0.0
2026-06-05,IMOEXDIV,0.0,0.0,0.0,0.0
2026-06-08,IMOEXDIV,0.0,0.0,0.0,0.0
2026-06-09,IMOEXDIV,2.85,2.85,2.85,2.85
2026-06-10,IMOEXDIV,0.0,0.0,0.0,0.0
2026-06-11,IMOEXDIV,0.0,0.0,0.0,0.0
2026-06-15,IMOEXDIV,0.0,0.0,0.0,0.0
2026-06-16,IMOEXDIV,0.0,0.0,0.0,0.0
2026-06-17,IMOEXDIV,0.0,0.0,0.0,0.0
2026-06-18,IMOEXDIV,0.0,0.0,0.0,0.0
2026-06-19,IMOEXDIV,0.0,0.0,0.0,0.0
2026-06-22,IMOEXDIV,0.64,0.64,0.64,0.64
2026-06-23,IMOEXDIV,0.0,0.0,0.0,0.0
2026-06-24,IMOEXDIV,0.0,0.0,0.0,0.0
2026-06-25,IMOEXDIV,0.0,0.0,0.0,0.0
2026-06-26,IMOEXDIV,0.0,0.0,0.0,0.0
2026-06-29,IMOEXDIV,0.0,0.0,0.0,0.0
2026-06-30,IMOEXDIV,0.0,0.0,0.0,0.0
2026-07-01,IMOEXDIV,0.0,0.0,0.0,0.0
2026-07-02,IMOEXDIV,0.0,0.0,0.0,0.0
2026-07-03,IMOEXDIV,0.0,0.0,0.0,0.0
2026-07-06,IMOEXDIV,0.0,0.0,0.0,0.0
2026-07-07,IMOEXDIV,7.48,7.48,7.48,7.48
2026-07-08,IMOEXDIV,0.0,0.0,0.0,0.0
2026-07-09,IMOEXDIV,8.02,8.02,8.02,8.02
2026-07-10,IMOEXDIV,0.0,0.0,0.0,0.0
2026-07-13,IMOEXDIV,1.75,1.75,1.75,1.75
2026-07-14,IMOEXDIV,0.96,0.96,0.96,0.96
2026-07-15,IMOEXDIV,2.98,2.98,2.98,2.98
2026-07-16,IMOEXDIV,3.49,3.49,3.49,3.49
2026-07-17,IMOEXDIV,1.63,1.63,1.63,1.63
2026-07-20,IMOEXDIV,59.15,59.15,59.15,59.15
2026-07-21,IMOEXDIV,0.0,0.0,0.0,0.0
2026-07-22,IMOEXDIV,0.0,0.0,0.0,0.0
2026-07-23,IMOEXDIV,0.0,0.0,0.0,0.0
2026-07-24,IMOEXDIV,0.0,0.0,0.0,0.0
2026-07-27,IMOEXDIV,0.0,0.0,0.0,0.0
2026-07-28,IMOEXDIV,0.0,0.0,0.0,0.0
2026-07-29,IMOEXDIV,0.0,0.0,0.0,0.0
2026-07-30,IMOEXDIV,0.0,0.0,0.0,0.0
2026-07-31,IMOEXDIV,0.0,0.0,0.0,0.0
2026-08-03,IMOEXDIV,0.0,0.0,0.0,0.0
2026-08-04,IMOEXDIV,0.0,0.0,0.0,0.0
2026-08-05,IMOEXDIV,0.0,0.0,0.0,0.0
2026-08-06,IMOEXDIV,1.23,1.23,1.23,1.23
2026-08-07,IMOEXDIV,0.0,0.0,0.0,0.0
2026-08-10,IMOEXDIV,1.95,1.95,1.95,1.95
2026-08-11,IMOEXDIV,0.0,0.0,0.0,0.0
2026-08-12,IMOEXDIV,0.0,0.0,0.0,0.0
2026-08-13,IMOEXDIV,0.0,0.0,0.0,0.0
2026-08-14,IMOEXDIV,0.0,0.0,0.0,0.0
2026-08-17,IMOEXDIV,0.0,0.0,0.0,0.0
2026-08-18,IMOEXDIV,0.0,0.0,0.0,0.0
2026-08-19,IMOEXDIV,0.0,0.0,0.0,0.0
2026-08-20,IMOEXDIV,0.0,0.0,0.0,0.0
2026-08-21,IMOEXDIV,0.0,0.0,0.0,0.0
2026-08-24,IMOEXDIV,0.0,0.0,0.0,0.0
2026-08-25,IMOEXDIV,0.0,0.0,0.0,0.0
2026-08-26,IMOEXDIV,0.0,0.0,0.0,0.0
2026-08-27,IMOEXDIV,0.0,0.0,0.0,0.0
2026-08-28,IMOEXDIV,0.0,0.0,0.0,0.0
2026-08-31,IMOEXDIV,0.0,0.0,0.0,0.0
2026-09-01,IMOEXDIV,0.0,0.0,0.0,0.0
2026-09-02,IMOEXDIV,0.0,0.0,0.0,0.0
2026-09-03,IMOEXDIV,0.0,0.0,0.0,0.0
2026-09-04,IMOEXDIV,0.0,0.0,0.0,0.0
2026-09-07,IMOEXDIV,0.0,0.0,0.0,0.0
2026-09-08,IMOEXDIV,0.0,0.0,0.0,0.0
2026-09-09,IMOEXDIV,0.0,0.0,0.0,0.0
2026-09-10,IMOEXDIV,0.0,0.0,0.0,0.0
2026-09-11,IMOEXDIV,0.0,0.0,0.0,0.0
2026-09-14,IMOEXDIV,0.0,0.0,0.0,0.0
2026-09-15,IMOEXDIV,0.0,0.0,0.0,0.0
2026-09-16,IMOEXDIV,0.0,0.0,0.0,0.0
2026-09-17,IMOEXDIV,0.0,0.0,0.0,0.0
2026-09-18,IMOEXDIV,0.0,0.0,0.0,0.0
2026-09-21,IMOEXDIV,4.55,4.55,4.55,4.55
2026-09-22,IMOEXDIV,0.0,0.0,0.0,0.0
2026-09-23,IMOEXDIV,0.0,0.0,0.0,0.0
2026-09-24,IMOEXDIV,0.0,0.0,0.0,0.0
2026-09-25,IMOEXDIV,0.0,0.0,0.0,0.0
2026-09-28,IMOEXDIV,2.01,2.01,2.01,2.01
2026-09-29,IMOEXDIV,0.0,0.0,0.0,0.0
2026-09-30,IMOEXDIV,0.0,0.0,0.0,0.0
