family,entry,exit,direction,entry_swaprate,required_swaprate,swaprate_ratio,fixed_pnl_rub,perp_pnl_rub,funding_rub,capital_cost_rub,fees_rub,execution_buffer_rub,net_rub,return_on_im_pct,index_div_status
BTC,2026-09-21,2026-09-25,LONG_FIXED_SHORT_PERP,0.0,29.88534421232888,0.0,-194.3751275,182.57883,13.7555,5.5308668493150694,11.790000000000001,95.21448,-110.57614434931504,-3.067350478768441,NOT_INCLUDED_UNVERIFIED
BTC,2026-09-22,2026-09-25,LONG_FIXED_SHORT_PERP,1.20393,38.71094004566217,0.03110051056832728,-233.3725475,223.60209,12.55157,4.148150136986302,11.790000000000001,95.21448,-108.37151763698628,-3.0061947670969915,NOT_INCLUDED_UNVERIFIED
BTC,2026-09-23,2026-09-25,LONG_FIXED_SHORT_PERP,2.42113,58.43017671232874,0.041436294329897906,-31.6326475,19.75194,10.13044,2.7654334246575347,11.790000000000001,95.21448,-111.52018092465752,-3.0935377821727275,NOT_INCLUDED_UNVERIFIED
BTC,2026-09-24,2026-09-25,LONG_FIXED_SHORT_PERP,6.27324,108.7248367123285,0.05769831613174239,-59.9944075,54.8665,3.8572,1.3827167123287674,11.790000000000001,95.21448,-109.65790421232876,-3.041878761153549,NOT_INCLUDED_UNVERIFIED
ETH,2026-09-21,2026-09-25,LONG_FIXED_SHORT_PERP,0.0,50.62564852739738,0.0,-59.23049700000006,59.67786999999984,4.39068,2.8169841095890416,3.77,193.8053600000003,-195.55429110958954,-10.650699107854795,NOT_INCLUDED_UNVERIFIED
ETH,2026-09-22,2026-09-25,LONG_FIXED_SHORT_PERP,3.46912,66.61897269406414,0.0520740542777704,-46.31576700000029,48.70456999999985,0.9215599999999999,2.1127380821917816,3.77,193.8053600000003,-196.37773508219252,-10.695547287532202,NOT_INCLUDED_UNVERIFIED
ETH,2026-09-23,2026-09-25,SHORT_FIXED_LONG_PERP,-0.58664,99.5341310273976,0.005893857654099803,-27.627393000000016,24.985359999999922,-1.5082,1.4084920547945208,3.77,193.8053600000003,-203.1340850547949,-11.063526175733763,NOT_INCLUDED_UNVERIFIED
ETH,2026-09-24,2026-09-25,LONG_FIXED_SHORT_PERP,0.57997,197.4355060273973,0.0029375162131147774,5.089922999999785,-1.6882,0.92823,0.7042460273972604,3.77,193.8053600000003,-193.94965302739777,-10.563303851563271,NOT_INCLUDED_UNVERIFIED
SOL,2026-09-21,2026-09-25,LONG_FIXED_SHORT_PERP,0.0,412.3223780821918,0.0,125.76792000000077,-169.66008000000045,25.517709999999997,13.604072328767122,16.74,1598.68752,-1647.4060423287667,-18.57919465259455,NOT_INCLUDED_UNVERIFIED
SOL,2026-09-22,2026-09-25,LONG_FIXED_SHORT_PERP,25.78071,547.5040580821919,0.04708770577939674,184.853520000001,-225.36936000000014,-0.26300000000000023,10.203054246575341,16.74,1598.68752,-1666.4094142465744,-18.793511789259597,NOT_INCLUDED_UNVERIFIED
SOL,2026-09-23,2026-09-25,SHORT_FIXED_LONG_PERP,-2.43312,807.7384580821914,0.0030122621693375136,-486.1900800000004,516.5769600000004,-2.17012,6.802036164383561,16.74,1598.68752,-1594.0127961643834,-17.977033747430156,NOT_INCLUDED_UNVERIFIED
SOL,2026-09-24,2026-09-25,LONG_FIXED_SHORT_PERP,0.56651,1599.4146980821906,0.00035419832059770665,312.3096000000002,-316.53000000000003,1.60361,3.4010180821917806,16.74,1598.68752,-1621.4453280821915,-18.286413667874054,NOT_INCLUDED_UNVERIFIED
XRP,2026-09-21,2026-09-25,LONG_FIXED_SHORT_PERP,0.0,4.342663079452057,0.0,655.8501600000008,-679.4844,9.432,19.364431780821917,21.099999999999998,1652.7086400000017,-1707.3753117808228,-13.527557919454825,NOT_INCLUDED_UNVERIFIED
XRP,2026-09-22,2026-09-25,LONG_FIXED_SHORT_PERP,0.06507,5.6840452127853895,1.144783293659153,32.91912000000012,-29.542800000000494,2.925,14.52332383561644,21.099999999999998,1652.7086400000017,-1682.0306438356185,-13.326751769095008,NOT_INCLUDED_UNVERIFIED
XRP,2026-09-23,2026-09-25,SHORT_FIXED_LONG_PERP,-0.00521,8.33304627945206,0.06252215366722509,-592.5441600000003,589.1678400000006,-3.4459999999999997,9.682215890410959,21.099999999999998,1652.7086400000017,-1690.3131758904121,-13.39237438371165,NOT_INCLUDED_UNVERIFIED
XRP,2026-09-24,2026-09-25,LONG_FIXED_SHORT_PERP,0.00694,16.744293479452068,0.04144695629299912,537.6789600000008,-513.2006400000015,2.752,4.841107945205479,21.099999999999998,1652.7086400000017,-1651.4194279452079,-13.084218687419744,NOT_INCLUDED_UNVERIFIED
TRX,2026-09-21,2026-09-25,LONG_FIXED_SHORT_PERP,0.0,2.966246330136987,0.0,-68.62370400000022,73.01291999999992,6.655000000000001,3.030812054794521,4.71,1180.02384,-1176.7204360547948,-59.567510835803404,NOT_INCLUDED_UNVERIFIED
TRX,2026-09-22,2026-09-25,LONG_FIXED_SHORT_PERP,0.10158,3.941215030136988,2.577377768613384,-34.01642400000028,41.78196000000008,-3.503,2.273109041095891,4.71,1180.02384,-1182.744413041096,-59.87245439198842,NOT_INCLUDED_UNVERIFIED
TRX,2026-09-23,2026-09-25,SHORT_FIXED_LONG_PERP,-0.00641,5.929136030136987,0.10811018616234891,23.043384000000085,-25.744439999999972,2.862,1.5154060273972605,4.71,1180.02384,-1186.0883020273973,-60.04172751525723,NOT_INCLUDED_UNVERIFIED
TRX,2026-09-24,2026-09-25,SHORT_FIXED_LONG_PERP,-0.01305,11.82959303013699,0.11031655921513031,19.66706399999999,-20.25792000000011,1.557,0.7577030136986302,4.71,1180.02384,-1184.525399013699,-59.962610811449544,NOT_INCLUDED_UNVERIFIED
