assetcode,spot_secid,future_secid,shortname,expiry,lotvolume,initialmargin,buysellfee,scalperfee,bid,ask,last,volume,value,numtrades,openposition
SBRF,SBER,SRZ6,SBRF-12.26,2026-12-17,100,5297.1,5.66,2.83,28397.0,28400.0,28401.0,8403.0,238828254.0,2756.0,331156.0
GAZR,GAZP,GZZ6,GAZR-12.26,2026-12-17,100,1861.18,1.98,0.99,9985.0,9987.0,9987.0,23435.0,234559693.0,3453.0,1014074.0
VTBR,VTBR,VBZ6,VTBR-12.26,2026-12-17,100,994.34,1.06,0.53,5377.0,5379.0,5377.0,24545.0,132126839.0,1909.0,1020836.0
LKOH,LKOH,LKZ6,LKOH-12.26,2026-12-17,10,10293.52,10.24,5.12,51589.0,51600.0,51589.0,1716.0,88787662.0,677.0,47590.0
ROSN,ROSN,RNZ6,ROSN-12.26,2026-12-17,100,7685.58,7.08,3.54,35716.0,35726.0,35718.0,1727.0,61865889.0,710.0,47496.0
YDEX,YDEX,YDZ6,YDEX-12.26,2026-12-17,1,689.96,0.73,0.37,3705.0,3707.0,3707.0,11360.0,42196181.0,715.0,511552.0
GMKN,GMKN,GKZ6,GMKN-12.26,2026-12-17,10,224.62,0.24,0.12,1188.0,1189.0,1188.0,32350.0,38547658.0,799.0,967834.0
MGNT,MGNT,MNZ6,MGNT-12.26,2026-12-17,1,381.18,0.32,0.16,1604.0,1606.0,1604.0,13869.0,22335267.0,385.0,529896.0
AFLT,AFLT,AFZ6,AFLT-12.26,2026-12-17,100,887.72,0.66,0.33,3354.0,3356.0,3354.0,2557.0,8600257.0,279.0,84260.0
ALRS,ALRS,ALZ6,ALRS-12.26,2026-12-17,100,409.99,0.38,0.19,1906.0,1908.0,1907.0,4000.0,7639802.0,259.0,316684.0
MAGN,MAGN,MGZ6,MAGN-12.26,2026-12-17,1000,3899.06,4.16,2.08,20975.0,20990.0,20975.0,319.0,6705864.0,75.0,37412.0
NLMK,NLMK,NMZ6,NLMK-12.26,2026-12-17,100,1302.5,1.39,0.7,6975.0,6977.0,6977.0,910.0,6356341.0,199.0,54360.0
RTKM,RTKM,RTZ6,RTKM-12.26,2026-12-17,100,859.92,0.79,0.4,3971.0,3976.0,3972.0,1581.0,6295064.0,58.0,64092.0
AFKS,AFKS,AKZ6,AFKS-12.26,2026-12-17,1000,1886.32,1.41,0.71,7087.0,7095.0,7092.0,804.0,5707514.0,178.0,81988.0
SBPR,SBERP,SPZ6,SBPR-12.26,2026-12-17,100,5310.39,5.67,2.84,28456.0,28463.0,28417.0,194.0,5527883.0,121.0,9838.0
TATN,TATN,TTZ6,TATN-12.26,2026-12-17,100,12185.43,12.41,6.21,62553.0,62639.0,62605.0,85.0,5323904.0,68.0,10146.0
RUAL,RUAL,RLZ6,RUAL-12.26,2026-12-17,100,446.01,0.47,0.24,2395.0,2396.0,2396.0,1693.0,4051876.0,130.0,169230.0
SIBN,SIBN,SOZ6,SIBN-12.26,2026-12-17,10,1115.67,1.06,0.53,5335.0,5338.0,5335.0,675.0,3605391.0,93.0,53684.0
PHOR,PHOR,PHZ6,PHOR-12.26,2026-12-17,1,965.68,1.01,0.51,5170.0,5174.0,5174.0,606.0,3149641.0,100.0,53246.0
SOFL,SOFL,S0Z6,SOFL-12.26,2026-12-17,10,162.44,0.09,0.05,467.0,468.0,467.0,5241.0,2448400.0,49.0,54286.0
MOEX,MOEX,MEZ6,MOEX-12.26,2026-12-17,100,2879.63,3.07,1.54,15464.0,15471.0,15464.0,112.0,1733467.0,55.0,17944.0
IRAO,IRAO,IRZ6,IRAO-12.26,2026-12-17,10000,6355.8,4.75,2.38,23943.0,23972.0,23965.0,65.0,1557691.0,33.0,7714.0
HYDR,HYDR,HYZ6,HYDR-12.26,2026-12-17,10000,1038.37,0.78,0.39,3900.0,3908.0,3898.0,313.0,1217057.0,57.0,20272.0
FLOT,FLOT,FLZ6,FLOT-12.26,2026-12-17,100,1793.4,1.65,0.83,8261.0,8270.0,8274.0,89.0,737590.0,25.0,9150.0
TATP,TATNP,TPZ6,TATP-12.26,2026-12-17,10,1346.01,1.18,0.59,5945.0,5956.0,5942.0,113.0,672036.0,19.0,11210.0
TRNF,TRNFP,TNZ6,TRNF-12.26,2026-12-17,1,227.4,0.21,0.11,1052.0,1054.0,1054.0,551.0,580790.0,36.0,364436.0
HEAD,HEAD,HDZ6,HEAD-12.26,2026-12-17,1,600.87,0.55,0.28,2770.0,2771.0,2771.0,121.0,335485.0,19.0,96210.0
FEES,FEES,FSZ6,FEES-12.26,2026-12-17,100000,1108.18,1.02,0.51,5131.0,5138.0,5131.0,15.0,77013.0,11.0,21522.0
RTKMP,RTKMP,RQZ6,RTKMP-12.26,2026-12-17,100,1428.56,0.82,0.41,4155.0,4166.0,0.0,0,0,0,2858.0
