date,contract,secid,expiry,spot_close,futures_settle,futures_per_share,days_to_expiry,ruonia_pct,observed_basis_pct,fair_basis_ruonia_no_announced_div_pct,excess_basis_before_cost_pct,fixed_exchange_plus_buffer_pct,diagnostic_net_pct,simple_annualized_diagnostic_net_pct,futures_volume,open_interest
2026-07-21,SBRF-12.26,SRZ6,2026-12-18,263.1,27835.0,278.35,150,14.57,5.796275180539712,6.170564325985239,-0.3742891454455277,0.14959999999999998,-0.5238891454455277,-1.2747969205841176,22499.0,24200.0
2026-07-22,SBRF-12.26,SRZ6,2026-12-18,263.72,27887.0,278.87,149,14.22,5.744729258304249,5.976667622227794,-0.23193836392354505,0.14959999999999998,-0.38153836392354507,-0.9346409586046575,7067.0,24618.0
2026-07-23,SBRF-12.26,SRZ6,2026-12-18,263.61,27902.0,279.02,148,14.03,5.845756989492035,5.853805961326208,-0.008048971834173635,0.14959999999999998,-0.15764897183417362,-0.3887964508072525,1052.0,24650.0
2026-07-24,SBRF-12.26,SRZ6,2026-12-18,267.6,28196.0,281.96,147,13.88,5.366218236173381,5.749221897990564,-0.3830036618171828,0.14959999999999998,-0.5326036618171828,-1.322451269137903,3672.0,23686.0
2026-07-27,SBRF-12.26,SRZ6,2026-12-18,274.49,28852.0,288.52,144,13.69,5.11129731502058,5.549501246550825,-0.4382039315302455,0.14959999999999998,-0.5878039315302455,-1.4899196875593028,2972.0,23696.0
2026-07-28,SBRF-12.26,SRZ6,2026-12-18,272.48,28675.0,286.75,143,13.7,5.237081620669404,5.514054134706359,-0.276972514036955,0.14959999999999998,-0.426572514036955,-1.088803969395025,1304.0,23980.0
2026-07-29,SBRF-12.26,SRZ6,2026-12-18,275.7,29038.0,290.38,142,13.9,5.324628219078709,5.556557394261663,-0.23192917518295442,0.14959999999999998,-0.3815291751829544,-0.9806911897308335,1714.0,24374.0
2026-07-30,SBRF-12.26,SRZ6,2026-12-18,273.4,28837.0,288.37,141,13.99,5.475493782004404,5.5530581800860235,-0.07756439808161986,0.14959999999999998,-0.22716439808161984,-0.5880496829772428,1628.0,24878.0
2026-07-31,SBRF-12.26,SRZ6,2026-12-18,276.52,28943.0,289.43,140,13.95,4.668740054968912,5.496421752515723,-0.8276816975468115,0.14959999999999998,-0.9772816975468116,-2.547912997175616,738.0,24820.0
2026-08-03,SBRF-12.26,SRZ6,2026-12-18,281.39,29459.0,294.59,137,13.86,4.690998258644585,5.339940765888618,-0.6489425072440325,0.14959999999999998,-0.7985425072440325,-2.127503760175707,1830.0,24914.0
2026-08-04,SBRF-12.26,SRZ6,2026-12-18,284.6,29829.0,298.29,136,13.84,4.8102600140548235,5.292101324822673,-0.48184131076784986,0.14959999999999998,-0.6314413107678498,-1.6946770472813617,3625.0,24976.0
2026-08-05,SBRF-12.26,SRZ6,2026-12-18,287.69,30097.0,300.97,135,13.68,4.616079808126816,5.189916638102621,-0.5738368299758045,0.14959999999999998,-0.7234368299758045,-1.9559588366012495,3840.0,24428.0
2026-08-06,SBRF-12.26,SRZ6,2026-12-18,284.75,29923.0,299.23,134,13.57,5.085162423178224,5.108044477103446,-0.02288205392522169,0.14959999999999998,-0.17248205392522167,-0.4698205200201934,1608.0,24812.0
2026-08-07,SBRF-12.26,SRZ6,2026-12-18,282.5,29666.0,296.66,133,13.71,5.0123893805309905,5.122587829041136,-0.11019844851014593,0.14959999999999998,-0.25979844851014594,-0.7129807045579193,1105.0,24944.0
2026-08-10,SBRF-12.26,SRZ6,2026-12-18,284.3,29755.0,297.55,130,13.57,4.660569820612026,4.951852023942616,-0.2912822033305895,0.14959999999999998,-0.44088220333058953,-1.2378615708897323,1567.0,25702.0
2026-08-11,SBRF-12.26,SRZ6,2026-12-18,286.2,30044.0,300.44,129,13.59,4.975541579315168,4.920256209530827,0.0552853697843414,0.14959999999999998,-0.0943146302156586,-0.2668592250288015,1633.0,25868.0
2026-08-12,SBRF-12.26,SRZ6,2026-12-18,283.99,29845.0,298.45,128,13.87,5.091728581992316,4.98423394598746,0.10749463600485676,0.14959999999999998,-0.04210536399514324,-0.12006607701740063,2276.0,25966.0
2026-08-13,SBRF-12.26,SRZ6,2026-12-18,277.51,29190.0,291.9,127,13.98,5.185398724370294,4.984521574419687,0.2008771499506068,0.14959999999999998,0.051277149950606796,0.1473713364722164,3257.0,26728.0
2026-08-14,SBRF-12.26,SRZ6,2026-12-18,273.4,28629.0,286.29,126,13.99,4.714703730797387,4.947941562035174,-0.23323783123778696,0.14959999999999998,-0.382837831237787,-1.1090143523951763,3927.0,26754.0
2026-08-17,SBRF-12.26,SRZ6,2026-12-18,271.0,28344.0,283.44,123,13.96,4.590405904059036,4.816738082260819,-0.22633217820178242,0.14959999999999998,-0.37593217820178243,-1.1155710979158584,3755.0,27196.0
2026-08-18,SBRF-12.26,SRZ6,2026-12-18,277.72,28932.0,289.32,122,13.93,4.176868788708044,4.766151089993675,-0.5892823012856319,0.14959999999999998,-0.7388823012856318,-2.2105904915512755,3301.0,27252.0
2026-08-19,SBRF-12.26,SRZ6,2026-12-18,276.32,28971.0,289.71,121,13.86,4.845830920671679,4.701875971378455,0.1439549492932235,0.14959999999999998,-0.005645050706776494,-0.017028458743581984,1659.0,27750.0
2026-08-20,SBRF-12.26,SRZ6,2026-12-18,271.11,28370.0,283.7,120,13.81,4.6438714912765855,4.644922172630972,-0.0010506813543864624,0.14959999999999998,-0.15065068135438645,-0.45822915578625883,2944.0,28994.0
2026-08-21,SBRF-12.26,SRZ6,2026-12-18,273.33,28544.0,285.44,119,13.87,4.430541835876056,4.62580113536275,-0.19525929948669418,0.14959999999999998,-0.3448592994866942,-1.0577617169129696,1924.0,29212.0
2026-08-24,SBRF-12.26,SRZ6,2026-12-18,269.52,28123.0,281.23,116,13.88,4.344761056693391,4.5099170403708255,-0.16515598367743412,0.14959999999999998,-0.3147559836774341,-0.9903959831229606,5457.0,30392.0
2026-08-25,SBRF-12.26,SRZ6,2026-12-18,271.7,28366.0,283.66,115,13.85,4.401913875598096,4.460308082379805,-0.058394206781708924,0.14959999999999998,-0.2079942067817089,-0.6601555258723805,6395.0,31812.0
2026-08-26,SBRF-12.26,SRZ6,2026-12-18,267.3,28057.0,280.57,114,13.74,4.964459408903843,4.384809145344892,0.5796502635589507,0.14959999999999998,0.43005026355895065,1.3769153175352369,5043.0,34296.0
2026-08-27,SBRF-12.26,SRZ6,2026-12-18,270.11,28168.0,281.68,113,13.61,4.2834400799674155,4.30353504499732,-0.020094965029904266,0.14959999999999998,-0.16969496502990425,-0.5481297543001332,7096.0,32182.0
2026-08-28,SBRF-12.26,SRZ6,2026-12-18,268.14,27975.0,279.75,112,13.68,4.329827701946742,4.287047816769829,0.042779885176913446,0.14959999999999998,-0.10682011482308655,-0.3481191242002374,6463.0,33976.0
2026-08-31,SBRF-12.26,SRZ6,2026-12-18,275.85,28717.0,287.17,109,13.68,4.1036795359796985,4.1698550716569915,-0.06617553567729306,0.14959999999999998,-0.21577553567729305,-0.7225511057083667,10281.0,34340.0
2026-09-01,SBRF-12.26,SRZ6,2026-12-18,272.21,28682.0,286.82,108,13.84,5.367179750927598,4.180129865426396,1.1870498855012013,0.14959999999999998,1.037449885501201,3.5061963722957263,7878.0,38304.0
2026-09-02,SBRF-12.26,SRZ6,2026-12-18,274.28,28571.0,285.71,107,13.96,4.167274318214975,4.177275654392054,-0.01000133617707899,0.14959999999999998,-0.15960133617707897,-0.5444344645292881,6263.0,39960.0
2026-09-03,SBRF-12.26,SRZ6,2026-12-18,279.05,28825.0,288.25,106,13.97,3.2969001970972966,4.140463341993672,-0.8435631448963754,0.14959999999999998,-0.9931631448963755,-3.419854225350727,8686.0,40440.0
2026-09-04,SBRF-12.26,SRZ6,2026-12-18,280.68,29129.0,291.29,105,14.06,3.780105458173022,4.127567841997126,-0.3474623838241042,0.14959999999999998,-0.4970623838241042,-1.7278835247218862,9504.0,44770.0
2026-09-07,SBRF-12.26,SRZ6,2026-12-18,280.08,29130.0,291.3,102,14.01,4.00599828620396,3.9927743022614814,0.01322398394247859,0.14959999999999998,-0.1363760160575214,-0.4880122143234834,11113.0,51054.0
2026-09-08,SBRF-12.26,SRZ6,2026-12-18,279.2,29000.0,290.0,101,13.98,3.86819484240688,3.9442366775663595,-0.07604183515947938,0.14959999999999998,-0.22564183515947936,-0.8154383151802969,16906.0,61420.0
2026-09-09,SBRF-12.26,SRZ6,2026-12-18,277.04,28850.0,288.5,100,13.95,4.1365867744729945,3.89589249496769,0.24069427950530464,0.14959999999999998,0.09109427950530465,0.332494120194362,14431.0,68754.0
2026-09-10,SBRF-12.26,SRZ6,2026-12-18,285.04,29610.0,296.1,99,13.86,3.8801571709233817,3.8308427276804835,0.04931444324289824,0.14959999999999998,-0.10028555675710175,-0.3697396789529509,33940.0,80220.0
2026-09-11,SBRF-12.26,SRZ6,2026-12-18,283.32,29389.0,293.89,98,13.83,3.7307638006494503,3.783063089924865,-0.05229928927541483,0.14959999999999998,-0.2018992892754148,-0.7519718427094532,28780.0,84976.0
2026-09-14,SBRF-12.26,SRZ6,2026-12-18,287.5,29908.0,299.08,95,13.99,4.02782608695651,3.708337765367986,0.3194883215885236,0.14959999999999998,0.1698883215885236,0.6527288145243275,41721.0,107124.0
2026-09-15,SBRF-12.26,SRZ6,2026-12-18,284.91,29503.0,295.03,94,14.01,3.5519988768382804,3.673935035223086,-0.12193615838480554,0.14959999999999998,-0.27153615838480555,-1.0543691256431278,44678.0,128042.0
2026-09-16,SBRF-12.26,SRZ6,2026-12-18,279.94,29050.0,290.5,93,14.22,3.7722369079088436,3.68961512830146,0.0826217796073836,0.14959999999999998,-0.0669782203926164,-0.26287151014306437,168898.0,234470.0
2026-09-17,SBRF-12.26,SRZ6,2026-12-18,275.89,28505.0,285.05,92,14.15,3.320163833411871,3.63094057259703,-0.310776739185159,0.14959999999999998,-0.46037673918515903,-1.8264946717672068,179052.0,259974.0
2026-09-18,SBRF-12.26,SRZ6,2026-12-18,276.74,28746.0,287.46,91,14.1,3.8736720387367196,3.577861058819609,0.2958109799171105,0.14959999999999998,0.1462109799171105,0.5864506337334651,70946.0,256692.0
2026-09-21,SBRF-12.26,SRZ6,2026-12-18,277.3,28683.0,286.83,88,14.09,3.436711143166238,3.4553994814563005,-0.018688338290062667,0.14959999999999998,-0.16828833829006265,-0.6980141304076463,94985.0,267850.0
2026-09-22,SBRF-12.26,SRZ6,2026-12-18,280.75,29070.0,290.7,87,14.08,3.5440783615316107,3.413005628071164,0.13107273346044668,0.14959999999999998,-0.018527266539553316,-0.07772933663145931,108096.0,279020.0
2026-09-23,SBRF-12.26,SRZ6,2026-12-18,280.74,28876.0,288.76,86,14.17,2.856735769751362,3.395044490612875,-0.5383087208615134,0.14959999999999998,-0.6879087208615133,-2.9196125943540974,85200.0,270870.0
2026-09-24,SBRF-12.26,SRZ6,2026-12-18,279.33,28922.0,289.22,85,14.1,3.5406150431389616,3.3380654486039107,0.20254959453505084,0.14959999999999998,0.05294959453505084,0.22737178829757126,55671.0,273600.0
2026-09-25,SBRF-12.26,SRZ6,2026-12-18,276.35,28456.0,284.56,84,14.13,2.9708702732042624,3.3052855857969687,-0.3344153125927063,0.14959999999999998,-0.4840153125927063,-2.103161774956402,90016.0,301558.0
2026-09-28,SBRF-12.26,SRZ6,2026-12-18,272.45,28178.0,281.78,81,14.12,3.4244815562488373,3.1830897395949576,0.24139181665387976,0.14959999999999998,0.09179181665387977,0.41362979109464343,163079.0,289812.0
2026-07-21,SBRF-3.27,SRH7,2027-03-19,263.1,28853.0,288.53,241,14.57,9.665526415811465,10.098134929248292,-0.4326085134368274,0.14959999999999998,-0.5822085134368273,-0.8817680805163569,115.0,1784.0
2026-07-22,SBRF-3.27,SRH7,2027-03-19,263.72,28862.0,288.62,240,14.22,9.441832246321846,9.801210746644395,-0.35937850032254914,0.14959999999999998,-0.5089785003225491,-0.7740714692405435,145.0,1722.0
2026-07-23,SBRF-3.27,SRH7,2027-03-19,263.61,28900.0,289.0,239,14.03,9.631652820454462,9.6219751074339,0.00967771302056164,0.14959999999999998,-0.13992228697943834,-0.21368884831587867,37.0,1770.0
2026-07-24,SBRF-3.27,SRH7,2027-03-19,267.6,29148.0,291.48,238,13.88,8.923766816143486,9.472720620679208,-0.5489538045357234,0.14959999999999998,-0.6985538045357234,-1.0713115069560464,366.0,1510.0
2026-07-27,SBRF-3.27,SRH7,2027-03-19,274.49,29818.0,298.18,235,13.69,8.630551204051141,9.214220793478178,-0.5836695894270383,0.14959999999999998,-0.7332695894270382,-1.1389080857058254,180.0,1480.0
2026-07-28,SBRF-3.27,SRH7,2027-03-19,272.48,29700.0,297.0,234,13.7,8.998825601879034,9.180264938778349,-0.1814393368993139,0.14959999999999998,-0.3310393368993139,-0.5163647776420922,62.0,1458.0
2026-07-29,SBRF-3.27,SRH7,2027-03-19,275.7,30007.0,300.07,233,13.9,8.839318099383387,9.278721105274634,-0.4394030058912479,0.14959999999999998,-0.5890030058912479,-0.9226871122330708,148.0,1528.0
2026-07-30,SBRF-3.27,SRH7,2027-03-19,273.4,29877.0,298.77,232,13.99,9.279444038039507,9.299620787764539,-0.020176749725031584,0.14959999999999998,-0.16977674972503157,-0.26710566228291605,46.0,1526.0
2026-07-31,SBRF-3.27,SRH7,2027-03-19,276.52,29950.0,299.5,231,13.95,8.310429625343563,9.230080448197974,-0.919650822854412,0.14959999999999998,-1.0692508228544122,-1.68950887593879,19.0,1530.0
2026-08-03,SBRF-3.27,SRH7,2027-03-19,281.39,30450.0,304.5,228,13.86,8.212800739187621,9.04359105670185,-0.8307903175142295,0.14959999999999998,-0.9803903175142296,-1.5694844995293586,204.0,1422.0
2026-08-04,SBRF-3.27,SRH7,2027-03-19,284.6,30857.0,308.57,227,13.84,8.422347153900201,8.988634989930633,-0.5662878360304324,0.14959999999999998,-0.7158878360304324,-1.1510971812824133,351.0,1734.0
2026-08-05,SBRF-3.27,SRH7,2027-03-19,287.69,31061.0,310.61,226,13.68,7.966908825471863,8.839437703197861,-0.8725288777259976,0.14959999999999998,-1.0221288777259978,-1.6507833644689787,379.0,1532.0
2026-08-06,SBRF-3.27,SRH7,2027-03-19,284.75,30939.0,309.39,225,13.57,8.653204565408256,8.724903499635639,-0.07169893422738216,0.14959999999999998,-0.22129893422738214,-0.35899604885775327,76.0,1600.0
2026-08-07,SBRF-3.27,SRH7,2027-03-19,282.5,30673.0,306.73,224,13.71,8.576991150442481,8.777908635954713,-0.20091748551223088,0.14959999999999998,-0.3505174855122309,-0.5711557241605547,104.0,1718.0
2026-08-10,SBRF-3.27,SRH7,2027-03-19,284.3,30770.0,307.7,221,13.57,8.230742173760097,8.563336328618742,-0.3325941548586453,0.14959999999999998,-0.4821941548586453,-0.7963840114181245,220.0,2106.0
2026-08-11,SBRF-3.27,SRH7,2027-03-19,286.2,31076.0,310.76,220,13.59,8.58141160027952,8.536065075188581,0.04534652509093906,0.14959999999999998,-0.10425347490906094,-0.17296599246276018,75.0,2182.0
2026-08-12,SBRF-3.27,SRH7,2027-03-19,283.99,30856.0,308.56,219,13.87,8.651713088489021,8.678087404235878,-0.02637431574685767,0.14959999999999998,-0.17597431574685765,-0.29329052624476276,46.0,2182.0
2026-08-13,SBRF-3.27,SRH7,2027-03-19,277.51,30285.0,302.85,218,13.98,9.131202479189948,8.708193915058992,0.42300856413095556,0.14959999999999998,0.27340856413095554,0.45777121976054486,197.0,2284.0
2026-08-14,SBRF-3.27,SRH7,2027-03-19,273.4,29601.0,296.01,217,13.99,8.269934162399428,8.673025802970336,-0.4030916405709073,0.14959999999999998,-0.5526916405709072,-0.9296426212367795,413.0,2318.0
2026-08-17,SBRF-3.27,SRH7,2027-03-19,271.0,29349.0,293.49,214,13.96,8.298892988929897,8.529047627711872,-0.2301546387819764,0.14959999999999998,-0.3797546387819764,-0.6477123511935579,118.0,2350.0
2026-08-18,SBRF-3.27,SRH7,2027-03-19,277.72,29908.0,299.08,213,13.93,7.6911997695520595,8.468555831602153,-0.7773560620500941,0.14959999999999998,-0.9269560620500942,-1.588445834029504,123.0,2444.0
2026-08-19,SBRF-3.27,SRH7,2027-03-19,276.32,30006.0,300.06,212,13.86,8.591488129704693,8.383092522011415,0.20839560769327914,0.14959999999999998,0.05879560769327914,0.10122828683040985,43.0,2516.0
2026-08-20,SBRF-3.27,SRH7,2027-03-19,271.11,29389.0,293.89,211,13.81,8.402493452842009,8.310633704750447,0.09185974809156061,0.14959999999999998,-0.057740251908439386,-0.09988242628711079,198.0,2556.0
2026-08-21,SBRF-3.27,SRH7,2027-03-19,273.33,29586.0,295.86,210,13.87,8.242783448578649,8.30704319257205,-0.06425974399340006,0.14959999999999998,-0.21385974399340005,-0.37170860265519534,163.0,2674.0
2026-08-24,SBRF-3.27,SRH7,2027-03-19,269.52,29149.0,291.49,207,13.88,8.151528643514405,8.18977903484961,-0.038250391335203915,0.14959999999999998,-0.1878503913352039,-0.3312337818229441,413.0,2898.0
2026-08-25,SBRF-3.27,SRH7,2027-03-19,271.7,29340.0,293.4,206,13.85,7.9867500920132395,8.130335454199944,-0.14358536218670448,0.14959999999999998,-0.2931853621867045,-0.5194789184376074,166.0,3026.0
2026-08-26,SBRF-3.27,SRH7,2027-03-19,267.3,29051.0,290.51,205,13.74,8.683127572016458,8.022555117696651,0.6605724543198077,0.14959999999999998,0.5109724543198078,0.9097802235450234,504.0,3326.0
2026-08-27,SBRF-3.27,SRH7,2027-03-19,270.11,29191.0,291.91,204,13.61,8.070785976083815,7.903470447725525,0.16731552835829167,0.14959999999999998,0.017715528358291672,0.031696901229296366,198.0,3404.0
2026-08-28,SBRF-3.27,SRH7,2027-03-19,268.14,28969.0,289.69,203,13.68,8.036846423510102,7.905244217983021,0.13160220552708157,0.14959999999999998,-0.01799779447291842,-0.032360566416823756,90.0,3450.0
2026-08-31,SBRF-3.27,SRH7,2027-03-19,275.85,29686.0,296.86,200,13.68,7.616458220047129,7.783985518588299,-0.1675272985411702,0.14959999999999998,-0.3171272985411702,-0.5787573198376357,594.0,3572.0
2026-09-01,SBRF-3.27,SRH7,2027-03-19,272.21,29639.0,296.39,199,13.84,8.882847801329863,7.837625085270372,1.0452227160594907,0.14959999999999998,0.8956227160594906,1.6427250822196686,709.0,4426.0
2026-09-02,SBRF-3.27,SRH7,2027-03-19,274.28,29550.0,295.5,198,13.96,7.73661951290654,7.866937266713658,-0.13031775380711874,0.14959999999999998,-0.27991775380711875,-0.5160100007050421,196.0,4306.0
2026-09-03,SBRF-3.27,SRH7,2027-03-19,279.05,29830.0,298.3,197,13.97,6.898405303709021,7.831509535838244,-0.9331042321292227,0.14959999999999998,-1.0827042321292228,-2.0060256077521132,548.0,4372.0
2026-09-04,SBRF-3.27,SRH7,2027-03-19,280.68,30130.0,301.3,196,14.06,7.346444349437076,7.842352317651047,-0.4959079682139711,0.14959999999999998,-0.645507968213971,-1.2020939203984666,480.0,4342.0
2026-09-07,SBRF-3.27,SRH7,2027-03-19,280.08,30115.0,301.15,193,14.01,7.522850614110244,7.689324852573898,-0.16647423846365417,0.14959999999999998,-0.3160742384636542,-0.5977569794778951,304.0,4218.0
2026-09-08,SBRF-3.27,SRH7,2027-03-19,279.2,29975.0,299.75,192,13.98,7.3603151862464244,7.631011387595876,-0.2706962013494518,0.14959999999999998,-0.42029620134945184,-0.7990005911070309,370.0,4380.0
2026-09-09,SBRF-3.27,SRH7,2027-03-19,277.04,29819.0,298.19,191,13.95,7.634276638752513,7.572906331223761,0.061370307528751944,0.14959999999999998,-0.08822969247124805,-0.16860648037699236,251.0,4568.0
2026-09-10,SBRF-3.27,SRH7,2027-03-19,285.04,30507.0,305.07,190,13.86,7.027083918046584,7.481434593100267,-0.454350675053683,0.14959999999999998,-0.6039506750536829,-1.1602210336557595,621.0,4198.0
2026-09-11,SBRF-3.27,SRH7,2027-03-19,283.32,30383.0,303.83,189,13.83,7.2391641959621555,7.423940046982658,-0.1847758510205022,0.14959999999999998,-0.3343758510205022,-0.6457523048808641,239.0,4338.0
2026-09-14,SBRF-3.27,SRH7,2027-03-19,287.5,30832.0,308.32,186,13.99,7.241739130434777,7.389422776787646,-0.14768364635286968,0.14959999999999998,-0.2972836463528697,-0.5833791984881582,727.0,3758.0
2026-09-15,SBRF-3.27,SRH7,2027-03-19,284.91,30467.0,304.67,185,14.01,6.935523498648699,7.359152053220996,-0.4236285545722973,0.14959999999999998,-0.5732285545722973,-1.1309644455075054,315.0,4130.0
2026-09-16,SBRF-3.27,SRH7,2027-03-19,279.94,30050.0,300.5,184,14.22,7.344430949489178,7.431621869124605,-0.08719091963542702,0.14959999999999998,-0.236790919635427,-0.46972111775505904,1141.0,5406.0
2026-09-17,SBRF-3.27,SRH7,2027-03-19,275.89,29520.0,295.2,183,14.15,6.999166334408646,7.352093053384423,-0.35292671897577677,0.14959999999999998,-0.5025267189757767,-1.002307390306877,2279.0,7740.0
2026-09-18,SBRF-3.27,SRH7,2027-03-19,276.74,29753.0,297.53,182,14.1,7.512466575124654,7.283733015201399,0.2287335599232554,0.14959999999999998,0.0791335599232554,0.1587019196263089,883.0,7820.0
2026-09-21,SBRF-3.27,SRH7,2027-03-19,277.3,29684.0,296.84,179,14.09,7.046520014424806,7.15421838331729,-0.10769836889248374,0.14959999999999998,-0.25729836889248375,-0.5246586851718243,1572.0,8044.0
2026-09-22,SBRF-3.27,SRH7,2027-03-19,280.75,30062.0,300.62,178,14.08,7.077471059661633,7.10763844339577,-0.03016738373413652,0.14959999999999998,-0.1797673837341365,-0.36862412956719004,1409.0,6748.0
2026-09-23,SBRF-3.27,SRH7,2027-03-19,280.74,29872.0,298.72,177,14.17,6.404502386549837,7.113067324294198,-0.7085649377443604,0.14959999999999998,-0.8581649377443604,-1.7696621597553193,987.0,6676.0
2026-09-24,SBRF-3.27,SRH7,2027-03-19,279.33,29922.0,299.22,176,14.1,7.120610031145969,7.035357851227042,0.08525217991892653,0.14959999999999998,-0.06434782008107347,-0.13344860414540805,505.0,6778.0
2026-09-25,SBRF-3.27,SRH7,2027-03-19,276.35,29460.0,294.6,175,14.13,6.60394427356612,7.0094085885734625,-0.40546431500734226,0.14959999999999998,-0.5550643150073422,-1.1577055713010282,1253.0,7624.0
2026-09-28,SBRF-3.27,SRH7,2027-03-19,272.45,29169.0,291.69,172,14.12,7.061846210313827,6.88016656101722,0.18167964929660663,0.14959999999999998,0.03207964929660663,0.06807599996082221,3991.0,8910.0
2026-07-21,SBRF-6.27,SRM7,2027-06-18,263.1,29813.0,298.13,332,14.57,13.314329152413528,14.170998259752121,-0.8566691073385924,0.14959999999999998,-1.0062691073385925,-1.1062898318632115,18.0,602.0
2026-07-22,SBRF-6.27,SRM7,2027-06-18,263.72,30020.0,300.2,331,14.22,13.832853025936576,13.763776045551946,0.06907698038463028,0.14959999999999998,-0.08052301961536971,-0.08879426634323245,11.0,612.0
2026-07-23,SBRF-6.27,SRM7,2027-06-18,263.61,30100.0,301.0,330,14.03,14.183832176321065,13.524283017705319,0.6595491586157465,0.14959999999999998,0.5099491586157465,0.5640346754386287,11.0,630.0
2026-07-24,SBRF-6.27,SRM7,2027-06-18,267.6,30034.0,300.34,329,13.88,12.234678624813133,13.32732614953651,-1.092647524723378,0.14959999999999998,-1.2422475247233782,-1.3781773450578512,24.0,624.0
2026-07-27,SBRF-6.27,SRM7,2027-06-18,274.49,30733.0,307.33,326,13.69,11.964005974716741,13.006180821876479,-1.042174847159738,0.14959999999999998,-1.1917748471597382,-1.334349138691118,91.0,658.0
2026-07-28,SBRF-6.27,SRM7,2027-06-18,272.48,30627.0,306.27,325,13.7,12.400910158543743,12.973862580273266,-0.5729524217295223,0.14959999999999998,-0.7225524217295223,-0.8114819505577712,11.0,656.0
2026-07-29,SBRF-6.27,SRM7,2027-06-18,275.7,30900.0,309.0,324,13.9,12.07834602829163,13.132136753955791,-1.053790725664161,0.14959999999999998,-1.2033907256641612,-1.3556716508253666,16.0,678.0
2026-07-30,SBRF-6.27,SRM7,2027-06-18,273.4,30871.0,308.71,323,13.99,12.915142648134603,13.17916610210521,-0.26402345397060767,0.14959999999999998,-0.4136234539706077,-0.4674073086664761,28.0,696.0
2026-07-31,SBRF-6.27,SRM7,2027-06-18,276.52,30750.0,307.5,322,13.95,11.203529581947059,13.095878291580876,-1.8923487096338176,0.14959999999999998,-2.0419487096338176,-2.3146313012929918,8.0,694.0
2026-08-03,SBRF-6.27,SRM7,2027-06-18,281.39,31085.0,310.85,319,13.86,10.469455204520429,12.877458104586603,-2.408002900066175,0.14959999999999998,-2.557602900066175,-2.926410841768508,123.0,756.0
2026-08-04,SBRF-6.27,SRM7,2027-06-18,284.6,31250.0,312.5,318,13.84,9.803232607167956,12.814944402367633,-3.0117117951996786,0.14959999999999998,-3.161311795199678,-3.628549702037367,114.0,940.0
2026-08-05,SBRF-6.27,SRM7,2027-06-18,287.69,31511.0,315.11,317,13.68,9.531092495394343,12.61557740656427,-3.084484911169927,0.14959999999999998,-3.2340849111699264,-3.723788620116793,24.0,960.0
2026-08-06,SBRF-6.27,SRM7,2027-06-18,284.75,31727.0,317.27,316,13.57,11.420544337137839,12.466221779819818,-1.0456774426819804,0.14959999999999998,-1.1952774426819806,-1.3806210967687433,16.0,956.0
2026-08-07,SBRF-6.27,SRM7,2027-06-18,282.5,31699.0,316.99,315,13.71,12.208849557522129,12.560332194782875,-0.35148263726074713,0.14959999999999998,-0.5010826372607471,-0.5806195638100721,11.0,956.0
2026-08-10,SBRF-6.27,SRM7,2027-06-18,284.3,31587.0,315.87,312,13.57,11.104467112205407,12.299094942241307,-1.1946278300358992,0.14959999999999998,-1.3442278300358994,-1.5725742242407155,7.0,962.0
2026-08-11,SBRF-6.27,SRM7,2027-06-18,286.2,31388.0,313.88,311,13.59,9.671558350803643,12.276483565577534,-2.60492521477389,0.14959999999999998,-2.75452521477389,-3.2328029047989384,31.0,962.0
2026-08-12,SBRF-6.27,SRM7,2027-06-18,283.99,31511.0,315.11,310,13.87,10.95813232860312,12.501908504845073,-1.543776176241951,0.14959999999999998,-1.6933761762419512,-1.9938138849300395,3.0,962.0
2026-08-13,SBRF-6.27,SRM7,2027-06-18,277.51,31086.0,310.86,309,13.98,12.017584951893646,12.56394035093158,-0.5463553990379344,0.14959999999999998,-0.6959553990379344,-0.8220832383457801,28.0,958.0
2026-08-14,SBRF-6.27,SRM7,2027-06-18,273.4,30511.0,305.11,308,13.99,11.598390636430157,12.530330384729037,-0.9319397482988823,0.14959999999999998,-1.0815397482988824,-1.2816948315879613,87.0,950.0
2026-08-17,SBRF-6.27,SRM7,2027-06-18,271.0,30051.0,300.51,305,13.96,10.88929889298893,12.372836576294443,-1.4835376833055136,0.14959999999999998,-1.6331376833055138,-1.954410670185287,9.0,944.0
2026-08-18,SBRF-6.27,SRM7,2027-06-18,277.72,30550.0,305.5,304,13.93,10.002880599164609,12.301802459908483,-2.2989218607438744,0.14959999999999998,-2.4485218607438743,-2.9398371025378753,17.0,930.0
2026-08-19,SBRF-6.27,SRM7,2027-06-18,276.32,30701.0,307.01,303,13.86,11.106687898089174,12.19373708113929,-1.087049183050115,0.14959999999999998,-1.2366491830501152,-1.489692910274891,0.0,930.0
2026-08-20,SBRF-6.27,SRM7,2027-06-18,271.11,30300.0,303.0,302,13.81,11.762753126037406,12.104755108631737,-0.342001982594331,0.14959999999999998,-0.491601982594331,-0.5941547140626848,55.0,908.0
2026-08-21,SBRF-6.27,SRM7,2027-06-18,273.33,30351.0,303.51,301,13.87,11.04159806826912,12.117809162016302,-1.0762110937471814,0.14959999999999998,-1.2258110937471816,-1.4864486684974125,27.0,896.0
2026-08-24,SBRF-6.27,SRM7,2027-06-18,269.52,30215.0,302.15,298,13.88,12.10670822202433,11.999211357981299,0.10749686404303294,0.14959999999999998,-0.04210313595696706,-0.05156927726272811,261.0,1274.0
2026-08-25,SBRF-6.27,SRM7,2027-06-18,271.7,30538.0,305.38,297,13.85,12.396025027603974,11.92930271866608,0.4667223089378947,0.14959999999999998,0.31712230893789467,0.3897294369102073,56.0,1196.0
2026-08-26,SBRF-6.27,SRM7,2027-06-18,267.3,29878.0,298.78,296,13.74,11.777029554807328,11.787074284996102,-0.010044730188774054,0.14959999999999998,-0.15964473018877404,-0.19685921121250852,81.0,1284.0
2026-08-27,SBRF-6.27,SRM7,2027-06-18,270.11,30199.0,301.99,295,13.61,11.802598941172104,11.627654131187693,0.17494480998441198,0.14959999999999998,0.025344809984411982,0.03135883269257753,42.0,1288.0
2026-08-28,SBRF-6.27,SRM7,2027-06-18,268.14,29836.0,298.36,294,13.68,11.270231968374734,11.648972461086583,-0.37874049271184873,0.14959999999999998,-0.5283404927118487,-0.6559329246252543,27.0,1314.0
2026-08-31,SBRF-6.27,SRM7,2027-06-18,275.85,30501.0,305.01,291,13.68,10.57096247960847,11.523506740791856,-0.9525442611833856,0.14959999999999998,-1.1021442611833858,-1.3824146231338,93.0,1338.0
2026-09-01,SBRF-6.27,SRM7,2027-06-18,272.21,30550.0,305.5,290,13.84,12.229528672715917,11.623525513482402,0.6060031592335147,0.14959999999999998,0.45640315923351465,0.5744384590352858,20.0,1362.0
2026-09-02,SBRF-6.27,SRM7,2027-06-18,274.28,30446.0,304.46,289,13.96,11.003354236546592,11.687276157049364,-0.6839219205027725,0.14959999999999998,-0.8335219205027725,-1.0527179964827404,11.0,1370.0
2026-09-03,SBRF-6.27,SRM7,2027-06-18,279.05,30540.0,305.4,288,13.97,9.442752194947124,11.653377329355852,-2.210625134408728,0.14959999999999998,-2.360225134408728,-2.991257548816617,290.0,1686.0
2026-09-04,SBRF-6.27,SRM7,2027-06-18,280.68,30869.0,308.69,287,14.06,9.979335898532128,11.689662924343569,-1.7103270258114422,0.14959999999999998,-1.8599270258114424,-2.3654124195859807,41.0,1722.0
2026-09-07,SBRF-6.27,SRM7,2027-06-18,280.08,30856.0,308.56,284,14.01,10.168523279063123,11.517273820350393,-1.3487505412872691,0.14959999999999998,-1.4983505412872693,-1.9256969984853989,55.0,1776.0
2026-09-08,SBRF-6.27,SRM7,2027-06-18,279.2,30804.0,308.04,283,13.98,10.329512893982828,11.448551479112368,-1.1190385851295392,0.14959999999999998,-1.2686385851295394,-1.6362299772872149,34.0,1808.0
2026-09-09,SBRF-6.27,SRM7,2027-06-18,277.04,30710.0,307.1,282,13.95,10.85041871209933,11.380054578257148,-0.5296358661578182,0.14959999999999998,-0.6792358661578182,-0.879152805487956,63.0,1838.0
2026-09-10,SBRF-6.27,SRM7,2027-06-18,285.04,31400.0,314.0,281,13.86,10.159977547010946,11.260377732744242,-1.1004001857332968,0.14959999999999998,-1.250000185733297,-1.6236657216820407,70.0,1812.0
2026-09-11,SBRF-6.27,SRM7,2027-06-18,283.32,31151.0,311.51,280,13.83,9.949879994352685,11.19254482996661,-1.242664835613927,0.14959999999999998,-1.392264835613927,-1.814916660711012,52.0,1788.0
2026-09-14,SBRF-6.27,SRM7,2027-06-18,287.5,31500.0,315.0,277,13.99,9.565217391304337,11.201166394383733,-1.6359490030793955,0.14959999999999998,-1.7855490030793957,-2.352799227884402,205.0,2018.0
2026-09-15,SBRF-6.27,SRM7,2027-06-18,284.91,31200.0,312.0,276,14.01,9.508265768137303,11.175364624393636,-1.6670988562563327,0.14959999999999998,-1.8166988562563329,-2.402518414976672,23.0,2046.0
2026-09-16,SBRF-6.27,SRM7,2027-06-18,279.94,30999.0,309.99,275,14.22,10.734443094948931,11.30867216692344,-0.574229071974508,0.14959999999999998,-0.723829071974508,-0.9607185864388924,122.0,2082.0
2026-09-17,SBRF-6.27,SRM7,2027-06-18,275.89,30532.0,305.32,274,14.15,10.667294936387695,11.206863695975212,-0.5395687595875165,0.14959999999999998,-0.6891687595875164,-0.9180532746330055,518.0,2166.0
2026-09-18,SBRF-6.27,SRM7,2027-06-18,276.74,30770.0,307.7,273,14.1,11.187396111873959,11.122195921200294,0.06520019067366434,0.14959999999999998,-0.08439980932633566,-0.11284223591250003,35.0,2212.0
2026-09-21,SBRF-6.27,SRM7,2027-06-18,277.3,30706.0,307.06,270,14.09,10.73205914172377,10.9852803709654,-0.25322122924162915,0.14959999999999998,-0.40282122924162916,-0.5445546247155357,41.0,2218.0
2026-09-22,SBRF-6.27,SRM7,2027-06-18,280.75,30999.0,309.99,269,14.08,10.414959928762247,10.934269275383457,-0.5193093466212106,0.14959999999999998,-0.6689093466212106,-0.9076279238540591,71.0,2204.0
2026-09-23,SBRF-6.27,SRM7,2027-06-18,280.74,30817.0,308.17,268,14.17,9.770606254897762,10.964787994848479,-1.194181739950717,0.14959999999999998,-1.3437817399507173,-1.8301505040373576,34.0,2206.0
2026-09-24,SBRF-6.27,SRM7,2027-06-18,279.33,30847.0,308.47,267,14.1,10.43210539505246,10.864934238954316,-0.4328288439018557,0.14959999999999998,-0.5824288439018557,-0.796204224809653,28.0,2174.0
2026-09-25,SBRF-6.27,SRM7,2027-06-18,276.35,30427.0,304.27,266,14.13,10.103130088655664,10.84634693706914,-0.7432168484134749,0.14959999999999998,-0.892816848413475,-1.2251058258305203,36.0,2196.0
2026-09-28,SBRF-6.27,SRM7,2027-06-18,272.45,30200.0,302.0,263,14.12,10.846026793907138,10.709710602194122,0.13631619171301512,0.14959999999999998,-0.013283808286984871,-0.01843570351615771,113.0,2326.0
