family,entry,exit,hold_trading_days,calendar_days,direction,entry_swaprate,fixed_pnl_rub,perp_pnl_rub,funding_rub,capital_cost_rub,fees_rub,spread_buffer_rub,net_rub,return_on_im_pct,index_div_status
BTC,2026-09-21,2026-09-22,1,1,LONG_FIXED_SHORT_PERP,0.0,51.99656,-41.02326,1.20393,1.3827167123287674,11.32,47.60724,-48.13272671232876,-1.3351880117929495,NOT_INCLUDED_UNVERIFIED
BTC,2026-09-21,2026-09-23,2,2,LONG_FIXED_SHORT_PERP,0.0,-146.45135,162.82689,3.6250599999999995,2.7654334246575347,11.32,47.60724,-41.692073424657536,-1.156526139815296,NOT_INCLUDED_UNVERIFIED
BTC,2026-09-21,2026-09-24,3,3,LONG_FIXED_SHORT_PERP,0.0,-105.34367999999999,127.71233,9.8983,4.148150136986302,11.32,47.60724,-30.8084401369863,-0.8546172789834587,NOT_INCLUDED_UNVERIFIED
BTC,2026-09-21,2026-09-25,4,4,LONG_FIXED_SHORT_PERP,0.0,-168.98882,182.57883,13.7555,5.5308668493150694,11.32,47.60724,-37.11259684931506,-1.02949277517282,NOT_INCLUDED_UNVERIFIED
BTC,2026-09-22,2026-09-23,1,1,LONG_FIXED_SHORT_PERP,1.20393,-198.44791,203.85014999999999,2.42113,1.3827167123287674,11.32,47.60724,-52.48658671232879,-1.455962837448856,NOT_INCLUDED_UNVERIFIED
BTC,2026-09-22,2026-09-24,2,2,LONG_FIXED_SHORT_PERP,1.20393,-157.34024,168.73559,8.69437,2.7654334246575347,11.32,47.60724,-41.60295342465753,-1.154053976617018,NOT_INCLUDED_UNVERIFIED
BTC,2026-09-22,2026-09-25,3,3,LONG_FIXED_SHORT_PERP,1.20393,-220.98538,223.60209,12.55157,4.148150136986302,11.32,47.60724,-47.90711013698629,-1.3289294728063794,NOT_INCLUDED_UNVERIFIED
BTC,2026-09-22,2026-09-28,4,6,LONG_FIXED_SHORT_PERP,1.20393,-240.73732,255.25584,19.04765,8.296300273972603,11.32,47.60724,-33.6573702739726,-0.9336457825642759,NOT_INCLUDED_UNVERIFIED
BTC,2026-09-23,2026-09-24,1,1,LONG_FIXED_SHORT_PERP,2.42113,41.10767,-35.11456,6.27324,1.3827167123287674,11.32,47.60724,-48.04360671232876,-1.3327158485946717,NOT_INCLUDED_UNVERIFIED
BTC,2026-09-23,2026-09-25,2,2,LONG_FIXED_SHORT_PERP,2.42113,-22.53747,19.75194,10.13044,2.7654334246575347,11.32,47.60724,-54.34776342465753,-1.5075913447840332,NOT_INCLUDED_UNVERIFIED
BTC,2026-09-23,2026-09-28,3,5,LONG_FIXED_SHORT_PERP,2.42113,-42.28941,51.40569,16.62652,6.9135835616438355,11.32,47.60724,-40.09802356164383,-1.1123076545419295,NOT_INCLUDED_UNVERIFIED
BTC,2026-09-23,2026-09-29,4,6,LONG_FIXED_SHORT_PERP,2.42113,-72.67701,83.14385,22.99471,8.296300273972603,11.32,47.60724,-33.7619902739726,-0.9365479113098305,NOT_INCLUDED_UNVERIFIED
BTC,2026-09-24,2026-09-25,1,1,LONG_FIXED_SHORT_PERP,6.27324,-63.64514,54.8665,3.8572,1.3827167123287674,11.32,47.60724,-65.23139671232876,-1.8095002056158704,NOT_INCLUDED_UNVERIFIED
BTC,2026-09-24,2026-09-28,2,4,LONG_FIXED_SHORT_PERP,6.27324,-83.39708,86.52025,10.35328,5.5308668493150694,11.32,47.60724,-50.981656849315065,-1.4142165153737667,NOT_INCLUDED_UNVERIFIED
BTC,2026-09-24,2026-09-29,3,5,LONG_FIXED_SHORT_PERP,6.27324,-113.78468,118.25841,16.72147,6.9135835616438355,11.32,47.60724,-44.64562356164383,-1.2384567721416675,NOT_INCLUDED_UNVERIFIED
BTC,2026-09-25,2026-09-28,1,3,LONG_FIXED_SHORT_PERP,3.8572,-19.75194,31.65375,6.49608,4.148150136986302,11.32,47.60724,-44.6775001369863,-1.2393410191844054,NOT_INCLUDED_UNVERIFIED
BTC,2026-09-25,2026-09-29,2,4,LONG_FIXED_SHORT_PERP,3.8572,-50.13954,63.391909999999996,12.864270000000001,5.5308668493150694,11.32,47.60724,-38.34146684931507,-1.0635812759523062,NOT_INCLUDED_UNVERIFIED
BTC,2026-09-28,2026-09-29,1,1,LONG_FIXED_SHORT_PERP,6.49608,-30.3876,31.73816,6.36819,1.3827167123287674,11.32,47.60724,-52.59120671232876,-1.45886496619441,NOT_INCLUDED_UNVERIFIED
ETH,2026-09-21,2026-09-22,1,1,LONG_FIXED_SHORT_PERP,0.0,-5.655469999999847,10.9733,3.46912,0.7042460273972604,3.62,96.90268000000015,-92.43997602739725,-5.0346651286387365,NOT_INCLUDED_UNVERIFIED
ETH,2026-09-21,2026-09-23,2,2,LONG_FIXED_SHORT_PERP,0.0,-76.89750999999993,84.66322999999977,2.88248,1.4084920547945208,3.62,96.90268000000015,-91.28297205479483,-4.9716498856141005,NOT_INCLUDED_UNVERIFIED
ETH,2026-09-21,2026-09-24,3,3,LONG_FIXED_SHORT_PERP,0.0,-54.95090999999992,61.366069999999844,3.46245,2.1127380821917816,3.62,96.90268000000015,-92.757808082192,-5.051975582749677,NOT_INCLUDED_UNVERIFIED
ETH,2026-09-21,2026-09-25,4,4,LONG_FIXED_SHORT_PERP,0.0,-60.60637999999977,59.67786999999984,4.39068,2.8169841095890416,3.62,96.90268000000015,-99.87749410958911,-5.439743261944757,NOT_INCLUDED_UNVERIFIED
ETH,2026-09-22,2026-09-23,1,1,LONG_FIXED_SHORT_PERP,3.46912,-71.24204000000007,73.68992999999976,-0.58664,0.7042460273972604,3.62,96.90268000000015,-99.36567602739771,-5.411867522882989,NOT_INCLUDED_UNVERIFIED
ETH,2026-09-22,2026-09-24,2,2,LONG_FIXED_SHORT_PERP,3.46912,-49.29544000000008,50.39276999999984,-0.006670000000000065,1.4084920547945208,3.62,96.90268000000015,-100.8405120547949,-5.492193220018566,NOT_INCLUDED_UNVERIFIED
ETH,2026-09-22,2026-09-25,3,3,LONG_FIXED_SHORT_PERP,3.46912,-54.95090999999992,48.70456999999985,0.9215599999999999,2.1127380821917816,3.62,96.90268000000015,-107.96019808219201,-5.879960899213646,NOT_INCLUDED_UNVERIFIED
ETH,2026-09-22,2026-09-28,4,6,LONG_FIXED_SHORT_PERP,3.46912,-56.04824000000007,54.52885999999992,1.4401899999999999,4.225476164383563,3.62,96.90268000000015,-104.82734616438385,-5.7093327685972675,NOT_INCLUDED_UNVERIFIED
ETH,2026-09-23,2026-09-24,1,1,SHORT_FIXED_LONG_PERP,-0.58664,-21.9466,23.297159999999923,-0.57997,0.7042460273972604,3.62,96.90268000000015,-100.45633602739748,-5.471269397539172,NOT_INCLUDED_UNVERIFIED
ETH,2026-09-23,2026-09-25,2,2,SHORT_FIXED_LONG_PERP,-0.58664,-16.29113000000015,24.985359999999922,-1.5082,1.4084920547945208,3.62,96.90268000000015,-94.7451420547949,-5.160214047111215,NOT_INCLUDED_UNVERIFIED
ETH,2026-09-23,2026-09-28,3,5,SHORT_FIXED_LONG_PERP,-0.58664,-15.1938,19.161069999999846,-2.02683,3.521230136986302,3.62,96.90268000000015,-102.1034701369866,-5.560979164028964,NOT_INCLUDED_UNVERIFIED
ETH,2026-09-23,2026-09-29,4,6,SHORT_FIXED_LONG_PERP,-0.58664,-15.1938,13.843239999999692,-2.74635,4.225476164383563,3.62,96.90268000000015,-108.84506616438401,-5.928154491080623,NOT_INCLUDED_UNVERIFIED
ETH,2026-09-24,2026-09-25,1,1,LONG_FIXED_SHORT_PERP,0.57997,-5.655469999999847,-1.6882,0.92823,0.7042460273972604,3.62,96.90268000000015,-107.64236602739726,-5.862650445102706,NOT_INCLUDED_UNVERIFIED
ETH,2026-09-24,2026-09-28,2,4,LONG_FIXED_SHORT_PERP,0.57997,-6.7528,4.136090000000077,1.44686,2.8169841095890416,3.62,96.90268000000015,-104.5095141095891,-5.6920223144863265,NOT_INCLUDED_UNVERIFIED
ETH,2026-09-24,2026-09-29,3,5,LONG_FIXED_SHORT_PERP,0.57997,-6.7528,9.45392000000023,2.16638,3.521230136986302,3.62,96.90268000000015,-99.17641013698622,-5.40155931620179,NOT_INCLUDED_UNVERIFIED
ETH,2026-09-25,2026-09-28,1,3,LONG_FIXED_SHORT_PERP,0.92823,-1.0973300000001536,5.824290000000077,0.51863,2.1127380821917816,3.62,96.90268000000015,-97.389828082192,-5.3042546352912465,NOT_INCLUDED_UNVERIFIED
ETH,2026-09-25,2026-09-29,2,4,LONG_FIXED_SHORT_PERP,0.92823,-1.0973300000001536,11.14212000000023,1.23815,2.8169841095890416,3.62,96.90268000000015,-92.05672410958911,-5.01379163700671,NOT_INCLUDED_UNVERIFIED
ETH,2026-09-28,2026-09-29,1,1,LONG_FIXED_SHORT_PERP,0.51863,0.0,5.3178300000001535,0.71952,0.7042460273972604,3.62,96.90268000000015,-95.18957602739725,-5.184419767623089,NOT_INCLUDED_UNVERIFIED
SOL,2026-09-21,2026-09-22,1,1,LONG_FIXED_SHORT_PERP,0.0,-49.80071999999909,55.709279999999715,25.78071,3.4010180821917806,16.08,799.34376,-787.1355080821911,-8.877194478390416,NOT_INCLUDED_UNVERIFIED
SOL,2026-09-21,2026-09-23,2,2,LONG_FIXED_SHORT_PERP,0.0,-328.3471199999989,346.91687999999994,23.34759,6.802036164383561,16.08,799.34376,-780.3084461643825,-8.800199912984441,NOT_INCLUDED_UNVERIFIED
SOL,2026-09-21,2026-09-24,3,3,LONG_FIXED_SHORT_PERP,0.0,-145.1817599999999,146.86991999999958,23.914099999999998,10.203054246575341,16.08,799.34376,-800.0245542465757,-9.02255517965133,NOT_INCLUDED_UNVERIFIED
SOL,2026-09-21,2026-09-25,4,4,LONG_FIXED_SHORT_PERP,0.0,147.714,-169.66008000000045,25.517709999999997,13.604072328767122,16.08,799.34376,-825.4562023287675,-9.309369436680157,NOT_INCLUDED_UNVERIFIED
SOL,2026-09-22,2026-09-23,1,1,LONG_FIXED_SHORT_PERP,25.78071,-278.5463999999998,291.20760000000024,-2.43312,3.4010180821917806,16.08,799.34376,-808.5966980821913,-9.119230513369791,NOT_INCLUDED_UNVERIFIED
SOL,2026-09-22,2026-09-24,2,2,LONG_FIXED_SHORT_PERP,25.78071,-95.38104000000082,91.16063999999986,-1.86661,6.802036164383561,16.08,799.34376,-828.3128061643845,-9.341585780036683,NOT_INCLUDED_UNVERIFIED
SOL,2026-09-22,2026-09-25,3,3,LONG_FIXED_SHORT_PERP,25.78071,197.5147199999991,-225.36936000000014,-0.26300000000000023,10.203054246575341,16.08,799.34376,-853.7444542465763,-9.628400037065509,NOT_INCLUDED_UNVERIFIED
SOL,2026-09-22,2026-09-28,4,6,LONG_FIXED_SHORT_PERP,25.78071,95.38103999999962,-115.63895999999919,-1.4896000000000003,20.406108493150683,16.08,799.34376,-857.5773884931502,-9.671627286224451,NOT_INCLUDED_UNVERIFIED
SOL,2026-09-23,2026-09-24,1,1,SHORT_FIXED_LONG_PERP,-2.43312,-183.16535999999894,200.04696000000038,-0.56651,3.4010180821917806,16.08,799.34376,-802.5096880821903,-9.050582140876001,NOT_INCLUDED_UNVERIFIED
SOL,2026-09-23,2026-09-25,2,2,SHORT_FIXED_LONG_PERP,-2.43312,-476.0611199999989,516.5769600000004,-2.17012,6.802036164383561,16.08,799.34376,-783.880076164382,-8.840480212614295,NOT_INCLUDED_UNVERIFIED
SOL,2026-09-23,2026-09-28,3,5,SHORT_FIXED_LONG_PERP,-2.43312,-373.92743999999936,406.84655999999944,-0.94352,17.005090410958903,16.08,799.34376,-800.4532504109588,-9.027389949756726,NOT_INCLUDED_UNVERIFIED
SOL,2026-09-23,2026-09-29,4,6,SHORT_FIXED_LONG_PERP,-2.43312,-329.1911999999993,351.98136000000017,-0.7317400000000001,20.406108493150683,16.08,799.34376,-813.7714484931498,-9.177590561040788,NOT_INCLUDED_UNVERIFIED
SOL,2026-09-24,2026-09-25,1,1,LONG_FIXED_SHORT_PERP,0.56651,292.8957599999999,-316.53000000000003,1.60361,3.4010180821917806,16.08,799.34376,-840.8554080821918,-9.483039335804595,NOT_INCLUDED_UNVERIFIED
SOL,2026-09-24,2026-09-28,2,4,LONG_FIXED_SHORT_PERP,0.56651,190.76208000000042,-206.79959999999903,0.37701000000000007,13.604072328767122,16.08,799.34376,-844.6883423287657,-9.526266584963535,NOT_INCLUDED_UNVERIFIED
SOL,2026-09-24,2026-09-29,3,5,LONG_FIXED_SHORT_PERP,0.56651,146.02584000000033,-151.93439999999975,0.16523000000000007,17.005090410958903,16.08,799.34376,-838.1721804109583,-9.4527783024466,NOT_INCLUDED_UNVERIFIED
SOL,2026-09-25,2026-09-28,1,3,LONG_FIXED_SHORT_PERP,1.60361,-102.13367999999947,109.73040000000096,-1.2266,10.203054246575341,16.08,799.34376,-819.2566942465738,-9.239452327934709,NOT_INCLUDED_UNVERIFIED
SOL,2026-09-25,2026-09-29,2,4,LONG_FIXED_SHORT_PERP,1.60361,-146.86991999999958,164.59560000000025,-1.43838,13.604072328767122,16.08,799.34376,-812.7405323287664,-9.165964045417772,NOT_INCLUDED_UNVERIFIED
SOL,2026-09-28,2026-09-29,1,1,SHORT_FIXED_LONG_PERP,-1.2266,44.736240000000095,-54.865199999999284,0.21178,3.4010180821917806,16.08,799.34376,-828.741958082191,-9.34642569005983,NOT_INCLUDED_UNVERIFIED
XRP,2026-09-21,2026-09-22,1,1,LONG_FIXED_SHORT_PERP,0.0,497.16311999999954,-649.9415999999995,6.507000000000001,4.841107945205479,20.259999999999998,826.3543200000008,-997.7269079452062,-7.90500392145763,NOT_INCLUDED_UNVERIFIED
XRP,2026-09-21,2026-09-23,2,2,LONG_FIXED_SHORT_PERP,0.0,-75.967200000001,-90.31655999999941,5.986000000000001,9.682215890410959,20.259999999999998,826.3543200000008,-1016.5942958904122,-8.054490493892247,NOT_INCLUDED_UNVERIFIED
XRP,2026-09-21,2026-09-24,3,3,LONG_FIXED_SHORT_PERP,0.0,-38.82767999999947,-166.28375999999855,6.680000000000001,14.52332383561644,20.259999999999998,826.3543200000008,-1059.5690838356154,-8.39498032585466,NOT_INCLUDED_UNVERIFIED
XRP,2026-09-21,2026-09-25,4,4,LONG_FIXED_SHORT_PERP,0.0,456.64728000000025,-679.4844,9.432,19.364431780821917,20.259999999999998,826.3543200000008,-1079.3838717808226,-8.551973161431583,NOT_INCLUDED_UNVERIFIED
XRP,2026-09-22,2026-09-23,1,1,LONG_FIXED_SHORT_PERP,0.06507,-573.1303200000006,559.6250400000001,-0.521,4.841107945205479,20.259999999999998,826.3543200000008,-865.4817079452067,-6.857223395274452,NOT_INCLUDED_UNVERIFIED
XRP,2026-09-22,2026-09-24,2,2,LONG_FIXED_SHORT_PERP,0.06507,-535.990799999999,483.65784000000104,0.17299999999999993,9.682215890410959,20.259999999999998,826.3543200000008,-908.4564958904098,-7.197713227236864,NOT_INCLUDED_UNVERIFIED
XRP,2026-09-22,2026-09-25,3,3,LONG_FIXED_SHORT_PERP,0.06507,-40.51583999999928,-29.542800000000494,2.925,14.52332383561644,20.259999999999998,826.3543200000008,-928.271283835617,-7.354706062813787,NOT_INCLUDED_UNVERIFIED
XRP,2026-09-22,2026-09-28,4,6,LONG_FIXED_SHORT_PERP,0.06507,-695.5219200000001,652.4738399999993,3.6999999999999997,29.04664767123288,20.259999999999998,826.3543200000008,-915.0090476712345,-7.249629184509832,NOT_INCLUDED_UNVERIFIED
XRP,2026-09-23,2026-09-24,1,1,SHORT_FIXED_LONG_PERP,-0.00521,-37.13952000000153,75.96719999999912,-0.694,4.841107945205479,20.259999999999998,826.3543200000008,-813.3217479452087,-6.443959319644548,NOT_INCLUDED_UNVERIFIED
XRP,2026-09-23,2026-09-25,2,2,SHORT_FIXED_LONG_PERP,-0.00521,-532.6144800000013,589.1678400000006,-3.4459999999999997,9.682215890410959,20.259999999999998,826.3543200000008,-803.1891758904125,-6.363678812834747,NOT_INCLUDED_UNVERIFIED
XRP,2026-09-23,2026-09-28,3,5,SHORT_FIXED_LONG_PERP,-0.00521,122.39159999999963,-92.84879999999913,-4.221,24.2055397260274,20.259999999999998,826.3543200000008,-845.4980597260277,-6.698892677440073,NOT_INCLUDED_UNVERIFIED
XRP,2026-09-23,2026-09-29,4,6,SHORT_FIXED_LONG_PERP,-0.00521,-48.11256000000032,85.25207999999998,-9.963,29.04664767123288,20.259999999999998,826.3543200000008,-848.4844476712341,-6.72255386992657,NOT_INCLUDED_UNVERIFIED
XRP,2026-09-24,2026-09-25,1,1,LONG_FIXED_SHORT_PERP,0.00694,495.4749599999997,-513.2006400000015,2.752,4.841107945205479,20.259999999999998,826.3543200000008,-866.4291079452081,-6.864729658416762,NOT_INCLUDED_UNVERIFIED
XRP,2026-09-24,2026-09-28,2,4,LONG_FIXED_SHORT_PERP,0.00694,-159.53112000000115,168.81599999999827,3.5269999999999997,19.364431780821917,20.259999999999998,826.3543200000008,-853.1668717808257,-6.7596527801128055,NOT_INCLUDED_UNVERIFIED
XRP,2026-09-24,2026-09-29,3,5,LONG_FIXED_SHORT_PERP,0.00694,10.973039999998791,-9.28488000000085,9.269,24.2055397260274,20.259999999999998,826.3543200000008,-859.8626997260303,-6.812703916393431,NOT_INCLUDED_UNVERIFIED
XRP,2026-09-25,2026-09-28,1,3,LONG_FIXED_SHORT_PERP,0.02752,-655.0060800000009,682.0166399999998,0.775,14.52332383561644,20.259999999999998,826.3543200000008,-833.3520838356184,-6.602659944535881,NOT_INCLUDED_UNVERIFIED
XRP,2026-09-25,2026-09-29,2,4,LONG_FIXED_SHORT_PERP,0.02752,-484.50192000000095,503.91576000000066,6.517,19.364431780821917,20.259999999999998,826.3543200000008,-840.047911780823,-6.6557110808165065,NOT_INCLUDED_UNVERIFIED
XRP,2026-09-28,2026-09-29,1,1,LONG_FIXED_SHORT_PERP,0.00775,170.50415999999996,-178.1008799999991,5.742,4.841107945205479,20.259999999999998,826.3543200000008,-853.3101479452055,-6.760787959120462,NOT_INCLUDED_UNVERIFIED
TRX,2026-09-21,2026-09-22,1,1,LONG_FIXED_SHORT_PERP,0.0,-30.38687999999993,31.230959999999836,10.158000000000001,0.7577030136986302,4.52,590.01192,-584.2875430136987,-29.57758995533647,NOT_INCLUDED_UNVERIFIED
TRX,2026-09-21,2026-09-23,2,2,LONG_FIXED_SHORT_PERP,0.0,-48.11256000000032,47.26847999999995,9.517000000000001,1.5154060273972605,4.52,590.01192,-587.3744060273976,-29.73385200397874,NOT_INCLUDED_UNVERIFIED
TRX,2026-09-21,2026-09-24,3,3,LONG_FIXED_SHORT_PERP,0.0,-52.33296000000032,52.75499999999981,8.212000000000002,2.273109041095891,4.52,590.01192,-588.1709890410964,-29.774176337479062,NOT_INCLUDED_UNVERIFIED
TRX,2026-09-21,2026-09-25,4,4,LONG_FIXED_SHORT_PERP,0.0,-73.43496000000034,73.01291999999992,6.655000000000001,3.030812054794521,4.52,590.01192,-591.329772054795,-29.934079094014244,NOT_INCLUDED_UNVERIFIED
TRX,2026-09-22,2026-09-23,1,1,LONG_FIXED_SHORT_PERP,0.10158,-17.725680000000388,16.037520000000107,-0.641,0.7577030136986302,4.52,590.01192,-597.6187830136989,-30.252439102868166,NOT_INCLUDED_UNVERIFIED
TRX,2026-09-22,2026-09-24,2,2,LONG_FIXED_SHORT_PERP,0.10158,-21.946080000000393,21.52403999999997,-1.9460000000000002,1.5154060273972605,4.52,590.01192,-598.4153660273977,-30.292763436368485,NOT_INCLUDED_UNVERIFIED
TRX,2026-09-22,2026-09-25,3,3,LONG_FIXED_SHORT_PERP,0.10158,-43.04808000000041,41.78196000000008,-3.503,2.273109041095891,4.52,590.01192,-601.5741490410962,-30.452666192903667,NOT_INCLUDED_UNVERIFIED
TRX,2026-09-22,2026-09-28,4,6,LONG_FIXED_SHORT_PERP,0.10158,-62.46192000000014,58.663560000000096,-4.179,4.546218082191782,4.52,590.01192,-607.0554980821919,-30.730141036032066,NOT_INCLUDED_UNVERIFIED
TRX,2026-09-23,2026-09-24,1,1,SHORT_FIXED_LONG_PERP,-0.00641,4.220400000000003,-5.486519999999864,1.3050000000000002,0.7577030136986302,4.52,590.01192,-595.2507430136985,-30.132565049492694,NOT_INCLUDED_UNVERIFIED
TRX,2026-09-23,2026-09-25,2,2,SHORT_FIXED_LONG_PERP,-0.00641,25.32240000000002,-25.744439999999972,2.862,1.5154060273972605,4.52,590.01192,-593.6073660273972,-30.04937462172464,NOT_INCLUDED_UNVERIFIED
TRX,2026-09-23,2026-09-28,3,5,SHORT_FIXED_LONG_PERP,-0.00641,44.73623999999975,-42.62603999999999,3.5380000000000003,3.7885150684931514,4.52,590.01192,-592.6722350684934,-30.00203676489761,NOT_INCLUDED_UNVERIFIED
TRX,2026-09-23,2026-09-29,4,6,SHORT_FIXED_LONG_PERP,-0.00641,48.11255999999985,-47.6905199999999,3.6630000000000003,4.546218082191782,4.52,590.01192,-594.9930980821919,-30.11952264215526,NOT_INCLUDED_UNVERIFIED
TRX,2026-09-24,2026-09-25,1,1,SHORT_FIXED_LONG_PERP,-0.01305,21.102000000000018,-20.25792000000011,1.557,0.7577030136986302,4.52,590.01192,-592.8885430136987,-30.012986626457838,NOT_INCLUDED_UNVERIFIED
TRX,2026-09-24,2026-09-28,2,4,SHORT_FIXED_LONG_PERP,-0.01305,40.51583999999975,-37.139520000000125,2.233,3.030812054794521,4.52,590.01192,-591.953412054795,-29.965648769630814,NOT_INCLUDED_UNVERIFIED
TRX,2026-09-24,2026-09-29,3,5,SHORT_FIXED_LONG_PERP,-0.01305,43.89215999999985,-42.204000000000036,2.358,3.7885150684931514,4.52,590.01192,-594.2742750684934,-30.08313464688846,NOT_INCLUDED_UNVERIFIED
TRX,2026-09-25,2026-09-28,1,3,SHORT_FIXED_LONG_PERP,-0.01557,19.413839999999734,-16.881600000000013,0.676,2.273109041095891,4.52,590.01192,-593.5967890410961,-30.048839197398863,NOT_INCLUDED_UNVERIFIED
TRX,2026-09-25,2026-09-29,2,4,SHORT_FIXED_LONG_PERP,-0.01557,22.79015999999983,-21.946079999999924,0.801,3.030812054794521,4.52,590.01192,-595.9176520547946,-30.166325074656513,NOT_INCLUDED_UNVERIFIED
TRX,2026-09-28,2026-09-29,1,1,SHORT_FIXED_LONG_PERP,-0.00676,3.3763200000000966,-5.06447999999991,0.125,0.7577030136986302,4.52,590.01192,-596.8527830136985,-30.213662931483544,NOT_INCLUDED_UNVERIFIED
