date,spot,perp_market,perp_settle,basis_bps,swap_rub,swap_bps,perp_volume,perp_trades,perp_oi
2026-01-05,123.72,124.28,124.0,45.26349822179032,0.07861,6.353863562883931,30890.0,3595.0,297524.0
2026-01-06,123.64,123.6,123.55,-3.2351989647372292,0.07686,6.21643481074086,9672.0,1480.0,298412.0
2026-01-08,122.21,122.37,122.16,13.092218312740211,0.15858,12.976024875214796,15397.0,2040.0,304768.0
2026-01-09,123.23,123.25,123.12,1.6229814168622347,0.0765,6.207903919500121,16309.0,2014.0,306986.0
2026-01-12,120.81,120.81,120.67,0.0,0.08746,7.239466931545401,50453.0,7035.0,302546.0
2026-01-13,120.27,120.71,120.86,36.58435187494868,0.0602,5.005404506526981,48203.0,6385.0,292642.0
2026-01-14,121.47,121.96,121.77,40.339178397958975,0.04929,4.057792047419116,48912.0,6813.0,284858.0
2026-01-15,122.0,121.9,121.8,-8.196721311475308,0.09297,7.620491803278688,29518.0,3987.0,292494.0
2026-01-16,123.63,123.6,123.51,-2.4265954865321238,0.06871,5.557712529321362,23767.0,3861.0,296548.0
2026-01-19,123.14,124.2,124.17,86.08088354718157,0.07811,6.34318661685886,21534.0,3917.0,300486.0
2026-01-20,123.42,123.81,123.64,31.59941662615573,0.06462,5.23578026251823,12979.0,2746.0,301174.0
2026-01-21,126.62,126.13,126.13,-38.69846785657938,0.06952,5.490443847733375,35243.0,5333.0,304316.0
2026-01-22,125.74,126.11,126.13,29.42579926833222,0.10849,8.628121520598059,23686.0,3782.0,306944.0
2026-01-23,127.6,126.57,126.43,-80.72100313479602,0.06715,5.262539184952978,14235.0,2242.0,308436.0
2026-01-26,125.6,125.95,126.02,27.86624203821697,0.08513,6.7778662420382165,31454.0,5057.0,316972.0
2026-01-27,128.27,128.39,128.53,9.355266235282489,0.06573,5.124347080377328,24632.0,4526.0,316504.0
2026-01-28,127.07,128.48,128.4,110.96246163531775,0.06107,4.806012434091446,14480.0,3206.0,319738.0
2026-01-29,129.35,128.69,128.13,-51.02435253188986,0.06875,5.315036722071898,54562.0,8700.0,321610.0
2026-01-30,127.6,128.0,127.95,31.347962382446415,0.07798,6.1112852664576796,35472.0,5397.0,315782.0
2026-02-02,127.84,127.37,127.22,-36.764705882352814,0.08555,6.691958698372966,26330.0,4500.0,318246.0
2026-02-03,127.27,127.81,127.6,42.429480631729355,0.06755,5.307613734580027,15384.0,2970.0,315948.0
2026-02-04,126.8,127.56,127.45,59.93690851735067,0.0725,5.717665615141955,15292.0,2698.0,314842.0
2026-02-05,125.59,125.42,125.56,-13.536109562863885,0.10779,8.582689704594316,35830.0,5268.0,306496.0
2026-02-06,125.53,125.44,125.35,-7.169600892217298,0.1109,8.834541543854058,16152.0,2521.0,308442.0
2026-02-09,124.14,124.16,124.21,1.6110842597072406,0.10326,8.318028032866119,16610.0,3100.0,307846.0
2026-02-10,122.95,123.18,122.99,18.706791378608756,0.10142,8.248881659211062,13193.0,2343.0,309024.0
2026-02-11,124.76,125.5,125.25,59.31388265469684,0.07866,6.304905418403334,27189.0,4469.0,306076.0
2026-02-12,125.2,125.89,125.86,55.111821086262225,0.09003,7.190894568690095,20572.0,2879.0,304746.0
2026-02-13,127.5,127.05,126.77,-35.29411764705892,0.06467,5.072156862745099,35274.0,4436.0,302474.0
2026-02-16,126.74,126.82,126.75,6.312135079691306,0.07197,5.678554521066752,29622.0,3319.0,293924.0
2026-02-17,126.18,126.04,125.67,-11.09526073862721,0.07584,6.010461245839277,12789.0,2347.0,296498.0
2026-02-18,126.18,126.32,126.3,11.09526073862721,0.07892,6.254556982089079,19660.0,2889.0,300052.0
2026-02-19,125.7,125.94,125.88,19.09307875894939,0.11183,8.896579156722355,24062.0,2506.0,299250.0
2026-02-20,125.93,126.15,126.08,17.470023028667292,0.0716,5.685698403875168,11560.0,1927.0,298788.0
2026-02-24,126.89,126.49,126.27,-31.52336669556388,0.07196,5.671053668531799,38917.0,5348.0,287612.0
2026-02-25,127.1,127.1,126.97,0.0,0.09182,7.224232887490166,12229.0,1952.0,293682.0
2026-02-26,126.6,126.6,126.57,0.0,0.13488,10.654028436018958,18416.0,2958.0,308136.0
2026-02-27,127.03,127.17,127.05,11.021018657009218,0.07587,5.972604896481147,8332.0,1841.0,308168.0
2026-03-02,130.26,129.5,129.56,-58.34484876400925,0.08103,6.220635651773377,74954.0,11510.0,311010.0
2026-03-03,128.49,129.44,129.32,73.93571484162197,0.09297,7.235582535605883,34687.0,5412.0,313396.0
2026-03-04,127.5,128.25,128.01,58.8235294117645,0.1065,8.352941176470587,24672.0,4345.0,313840.0
2026-03-05,128.49,127.78,127.7,-55.25721846058151,0.15334,11.93400264612032,23582.0,3693.0,318326.0
2026-03-06,132.17,131.99,131.64,-13.618824241505845,0.08204,6.20715744874026,41257.0,6367.0,306824.0
2026-03-09,130.22,134.11,134.0,298.72523421901496,0.11156,8.567040393180772,48669.0,6677.0,321036.0
2026-03-10,130.27,129.55,129.63,-55.269824211253706,0.09568,7.344745528517694,37820.0,7237.0,322786.0
2026-03-11,130.14,130.15,129.96,0.7684032580312916,0.09045,6.950207468879669,18517.0,3532.0,326324.0
2026-03-12,130.32,130.45,130.3,9.975445058316712,0.13296,10.20257826887661,14351.0,2354.0,329296.0
2026-03-13,129.38,129.7,129.63,24.733343638891903,0.10438,8.067707528211471,22568.0,3775.0,331642.0
2026-03-16,128.28,128.35,128.4,5.456813221078605,0.11702,9.122232616152166,38074.0,6151.0,336472.0
2026-03-17,127.64,127.46,127.31,-14.102162331558477,0.11347,8.889846443121279,21116.0,3885.0,345448.0
2026-03-18,129.76,129.14,129.03,-47.780517879162375,0.09692,7.4691738594328,36818.0,6370.0,343638.0
2026-03-19,130.74,130.84,130.71,7.6487685482629075,0.13302,10.174391922900412,61201.0,8836.0,332686.0
2026-03-20,131.89,131.36,131.0,-40.18500265372427,0.08323,6.310561831829555,31935.0,4705.0,326376.0
2026-03-23,131.67,131.8,132.21,9.873167767906477,0.06825,5.183413078149921,70718.0,10299.0,312514.0
2026-03-24,134.28,134.44,135.6,11.915400655346797,0.0539,4.0140005957700335,65057.0,8410.0,302750.0
2026-03-25,136.4,136.57,136.67,12.463343108504166,0.05042,3.696480938416422,31731.0,4980.0,308218.0
2026-03-26,136.79,136.77,137.5,-1.4620951823951511,0.09966,7.2856202938811325,49414.0,7825.0,296954.0
2026-03-27,137.49,137.7,136.56,15.273838097313863,0.05473,3.980653138410066,87419.0,10734.0,319222.0
2026-03-30,136.49,136.73,136.2,17.58370576598889,0.07549,5.530808117810828,58897.0,9130.0,318292.0
2026-03-31,133.27,133.36,134.38,6.753207773693148,0.07488,5.618668867712163,52890.0,7975.0,311048.0
2026-04-01,134.95,135.0,134.45,3.705075954056891,0.06885,5.101889588736569,29391.0,4462.0,317022.0
2026-04-02,133.99,133.94,133.7,-3.7316217628191595,0.10651,7.94910067915516,40440.0,6151.0,319634.0
2026-04-03,133.02,133.27,133.07,18.79416629078312,0.10038,7.546233649075326,28204.0,4068.0,328758.0
2026-04-06,133.32,133.35,133.42,2.2502250225020504,0.08814,6.611161116111611,46904.0,7346.0,333216.0
2026-04-07,133.3,133.4,134.24,7.5018754688671585,0.07447,5.586646661665416,21270.0,4006.0,333146.0
2026-04-08,131.08,131.35,130.8,20.598108025631223,0.08616,6.573085138846506,42279.0,6581.0,341900.0
2026-04-09,128.74,129.0,128.53,20.19574335870633,0.14505,11.266894516078919,67061.0,9923.0,357660.0
2026-04-10,127.84,128.0,128.62,12.515644555695093,0.08783,6.870306633291615,33951.0,5597.0,353584.0
2026-04-13,128.05,128.14,128.42,7.028504490431686,0.09492,7.412729402577118,51866.0,6611.0,357428.0
2026-04-14,127.9,128.13,128.19,17.982799061766475,0.09347,7.3080531665363555,25565.0,4279.0,355260.0
2026-04-15,128.5,128.48,128.48,-1.5564202334639177,0.09009,7.010894941634242,21555.0,3552.0,355642.0
2026-04-16,127.56,127.77,127.79,16.462841015991714,0.13467,10.557384760112889,28116.0,4518.0,364636.0
2026-04-17,124.68,124.83,124.65,12.030798845041879,0.09644,7.735001604106512,50557.0,7547.0,358794.0
2026-04-20,125.83,125.95,125.85,9.536676468251404,0.07672,6.097115155368354,35663.0,5429.0,354242.0
2026-04-21,125.35,125.52,125.65,13.562026326285892,0.06114,4.877542879936179,32925.0,5039.0,355256.0
2026-04-22,125.15,125.22,124.75,5.593288054335233,0.0895,7.151418298042349,13911.0,2472.0,356948.0
2026-04-23,125.17,125.55,125.18,30.358712151472567,0.11098,8.866341775185747,14925.0,2273.0,357508.0
2026-04-24,123.25,123.47,123.33,17.849898580122314,0.07328,5.945638945233266,34394.0,5302.0,368426.0
2026-04-27,123.29,123.45,123.26,12.977532646605283,0.08274,6.711006569875902,19070.0,3539.0,367474.0
2026-04-28,120.51,120.72,120.6,17.425939756037234,0.07811,6.4816197825906565,49991.0,6879.0,355142.0
2026-04-29,119.04,119.2,117.73,13.440860215052641,0.13622,11.443212365591396,65140.0,8959.0,343054.0
2026-04-30,121.13,121.15,120.28,1.651118632874926,0.02273,1.876496326261042,127983.0,14328.0,385232.0
2026-05-04,118.97,119.15,119.1,15.129864671765691,0.0293,2.462805749348575,29846.0,5742.0,385008.0
2026-05-05,119.54,119.68,120.05,11.711560983771463,0.02692,2.251965869165133,24872.0,4553.0,388618.0
2026-05-06,118.24,118.37,118.73,10.994587280108714,0.03012,2.5473612990527745,22463.0,3941.0,389170.0
2026-05-07,117.29,117.44,117.57,12.788814050643804,0.08304,7.079887458436354,16903.0,3556.0,386040.0
2026-05-08,118.42,118.64,116.65,18.577942915047885,0.03739,3.1574058436074983,25396.0,4058.0,387580.0
2026-05-11,120.68,120.88,120.11,16.5727543917793,0.01544,1.2794166390454091,24481.0,4237.0,390164.0
2026-05-12,123.94,124.08,123.7,11.295788284653163,0.01143,0.9222204292399548,60732.0,10243.0,401020.0
2026-05-13,124.24,124.44,124.4,16.097875080489654,0.03933,3.1656471345782355,24745.0,3857.0,401436.0
2026-05-14,121.27,121.39,121.6,9.895275006184256,0.08315,6.856600973035375,32305.0,5213.0,398832.0
2026-05-15,120.6,120.8,120.61,16.583747927032544,0.03793,3.1451077943615253,22468.0,3500.0,397100.0
2026-05-18,124.01,124.2,123.82,15.321345052818902,0.03211,2.589307313926296,70865.0,9479.0,418100.0
2026-05-19,123.38,123.56,123.03,14.589074404280922,0.04388,3.556492138109905,36609.0,5037.0,408886.0
2026-05-20,119.01,119.24,119.76,19.32610704982629,0.05036,4.23157717838837,52532.0,8432.0,401366.0
2026-05-21,118.67,118.82,119.67,12.640094379370304,0.0952,8.022246566107693,63184.0,7327.0,410460.0
2026-05-22,117.29,117.4,117.45,9.378463637139678,0.05168,4.406172734248444,42155.0,6871.0,403142.0
2026-05-25,116.66,116.85,116.61,16.286644951140072,0.05696,4.882564717983884,53016.0,7692.0,403196.0
2026-05-26,115.5,115.54,116.1,3.4632034632031683,0.07078,6.128138528138527,52271.0,7004.0,420872.0
2026-05-27,116.09,116.23,115.57,12.059608924110954,0.07174,6.179688172969248,26247.0,4323.0,420956.0
2026-05-28,115.7,115.85,115.85,12.964563526360884,0.12222,10.56352636127917,26723.0,3934.0,422068.0
2026-05-29,115.52,115.6,115.51,6.925207756232066,0.07466,6.462950138504156,20624.0,3390.0,423412.0
2026-06-01,116.15,116.35,115.7,17.21911321566738,0.0871,7.49892380542402,30472.0,4290.0,427668.0
2026-06-02,118.01,118.1,117.88,7.626472332851186,0.05149,4.363189560206762,49994.0,6663.0,415344.0
2026-06-03,115.97,116.12,116.51,12.934379580926691,0.05922,5.106493058549625,32276.0,4394.0,411230.0
2026-06-04,116.69,116.75,115.86,5.14182877710212,0.11692,10.019710343645556,26707.0,4321.0,415994.0
2026-06-05,115.4,115.49,115.2,7.798960138647448,0.07304,6.3292894280762555,26671.0,3929.0,419758.0
2026-06-08,113.49,113.56,113.6,6.167944312274187,0.06784,5.977619173495462,43508.0,6778.0,419736.0
2026-06-09,113.09,113.31,113.16,19.453532584667865,0.07636,6.752144309841719,41360.0,5938.0,418144.0
2026-06-10,113.05,113.35,113.28,26.536930561698036,0.11408,10.09111012826183,34023.0,4625.0,418948.0
2026-06-11,112.29,112.36,112.55,6.233858758570854,0.07805,6.950752515807284,20191.0,2883.0,420290.0
2026-06-15,114.02,114.17,113.34,13.155586739168612,0.08222,7.211015611296264,41973.0,5278.0,427784.0
2026-06-16,111.54,111.61,111.7,6.275775506543457,0.08491,7.612515689438766,33684.0,5043.0,440002.0
2026-06-17,109.82,110.1,109.98,25.496266618103558,0.08119,7.393006738299035,48092.0,6578.0,439430.0
2026-06-18,106.7,107.03,106.97,30.927835051546282,0.13392,12.551077788191192,84557.0,9865.0,462686.0
2026-06-19,104.49,104.54,105.42,4.785146904011661,0.07152,6.844674131495837,64519.0,9132.0,459436.0
2026-06-22,99.16,99.35,99.6,19.160951996772813,0.05948,5.998386446147641,151587.0,22926.0,416494.0
2026-06-23,101.91,102.13,102.1,21.587675399863393,0.02662,2.612108723383378,86111.0,11308.0,402374.0
2026-06-24,98.02,97.5,97.63,-53.05039787798393,0.05105,5.208120791675169,112933.0,15087.0,420422.0
2026-06-25,98.07,98.26,98.88,19.37391659019294,0.09195,9.375955949831754,104272.0,10644.0,412854.0
2026-06-26,99.07,99.24,99.41,17.159584132431238,0.04455,4.496820429998991,129592.0,13110.0,431672.0
2026-06-29,101.98,102.09,102.15,10.786428711511142,0.06163,6.043341831731712,85712.0,10221.0,424920.0
2026-06-30,100.9,101.03,101.01,12.884043607532814,0.04011,3.9752229930624376,80377.0,9495.0,405534.0
2026-07-01,101.03,101.14,101.01,10.887855092547305,0.06396,6.330792833811739,48829.0,7633.0,414396.0
2026-07-02,97.05,97.15,97.03,10.303967027305294,0.10257,10.568778979907265,101683.0,11526.0,457904.0
2026-07-03,96.84,97.09,97.25,25.815778603883732,0.04472,4.617926476662536,66638.0,8651.0,468382.0
2026-07-06,94.81,94.95,95.4,14.766374854973119,0.05481,5.78103575572197,99854.0,12891.0,505706.0
2026-07-07,94.26,94.24,93.45,-2.12179079142949,0.0723,7.670273711012094,99912.0,12362.0,523122.0
2026-07-08,95.86,96.04,95.5,18.777383684540627,0.05997,6.255998330899228,59521.0,8108.0,522876.0
2026-07-09,93.2,93.19,94.46,-1.0729613733906351,0.0743,7.972103004291846,52943.0,7569.0,524672.0
2026-07-10,92.77,92.81,93.11,4.3117387086355485,0.0244,2.6301606122668972,49979.0,7745.0,537616.0
2026-07-13,94.41,94.44,93.55,3.177629488402278,0.05046,5.3447727994915795,94423.0,12491.0,545518.0
2026-07-14,93.01,93.15,93.58,15.052144930651767,0.05223,5.6155252123427575,82439.0,9573.0,568312.0
2026-07-15,88.44,88.46,89.4,2.2614201718673677,0.05392,6.096788783355948,136037.0,14322.0,586518.0
2026-07-16,83.46,83.37,84.36,-10.783608914448628,0.09023,10.811167026120298,224472.0,20271.0,565814.0
2026-07-17,78.38,78.34,79.28,-5.103342689460888,0.0429,5.4733350344475635,230030.0,23628.0,562656.0
2026-07-20,85.4,85.43,82.72,3.512880562062115,0.02984,3.4941451990632317,212973.0,25816.0,555640.0
2026-07-21,86.45,86.53,86.64,9.253903990746881,0.01432,1.6564488143435512,175865.0,20086.0,565040.0
2026-07-22,91.06,91.22,90.86,17.570832418185578,0.02235,2.4544256534153304,152037.0,18216.0,566418.0
2026-07-23,90.17,90.2,90.5,3.3270489076198118,0.06329,7.018964178773428,83886.0,12525.0,549126.0
2026-07-24,93.22,93.32,92.38,10.727311735678757,0.0313,3.3576485732675394,223279.0,25545.0,574270.0
2026-07-27,93.1,93.21,93.48,11.81525241675585,0.04214,4.526315789473684,91263.0,14248.0,591300.0
2026-07-28,91.65,91.87,91.43,24.004364429897063,0.03431,3.7435897435897436,77583.0,10683.0,598518.0
2026-07-29,92.34,92.41,92.34,7.58068009529822,0.03969,4.298245614035088,68798.0,9106.0,599512.0
2026-07-30,91.81,91.99,91.9,19.605707439276365,0.10143,11.04781614203246,137245.0,16820.0,626288.0
2026-07-31,92.06,92.09,91.81,3.2587442971965253,0.0427,4.63827938301108,54920.0,9472.0,633574.0
2026-08-03,94.12,94.17,93.8,5.312367190819511,0.05445,5.78516787080323,74027.0,8622.0,629572.0
2026-08-04,93.15,93.2,93.34,5.367686527106841,0.06021,6.463768115942028,62596.0,8330.0,646330.0
2026-08-05,95.41,95.4,95.16,-1.0481081647617518,0.05082,5.3264856933235505,99051.0,12155.0,588056.0
2026-08-06,93.19,93.35,93.07,17.169224165682895,0.09715,10.424938298100654,101949.0,13925.0,611516.0
2026-08-07,91.64,91.72,92.04,8.729812309036244,0.06684,7.293758184199039,83656.0,10008.0,623158.0
2026-08-10,93.39,93.53,92.82,14.99089838312484,0.05522,5.9128386336866905,82873.0,10225.0,627264.0
2026-08-11,93.53,93.72,93.59,20.314337645674918,0.04999,5.344809152143697,52640.0,8360.0,637654.0
2026-08-12,91.68,91.84,92.17,17.452006980802626,0.07287,7.9482984293193715,77159.0,8158.0,653162.0
2026-08-13,88.53,88.5,88.96,-3.388681802778404,0.10769,12.164238111374674,107691.0,12747.0,672100.0
2026-08-14,84.59,84.76,84.58,20.096938172360357,0.04683,5.536115380068566,109196.0,15476.0,680096.0
2026-08-17,83.16,83.31,82.6,18.037518037519185,0.05007,6.020923520923522,119888.0,16463.0,678134.0
2026-08-18,85.24,85.35,84.2,12.904739558892153,0.0565,6.628343500703895,94135.0,12971.0,693704.0
2026-08-19,84.86,84.92,84.71,7.0704690077771915,0.04784,5.637520622201273,58023.0,9045.0,691982.0
2026-08-20,82.87,83.01,83.3,16.893930252201983,0.09466,11.422710269096173,119256.0,13394.0,679416.0
2026-08-21,84.78,84.9,84.15,14.154281670206714,0.0494,5.826845954234489,79551.0,10664.0,690766.0
2026-08-24,83.09,83.29,82.97,24.070285232880018,0.04292,5.16548321097605,109901.0,15388.0,701006.0
2026-08-25,85.01,85.05,85.49,4.705328784848639,0.03474,4.0865780496412185,131176.0,15875.0,666614.0
2026-08-26,82.34,82.57,83.03,27.932960893852776,0.04975,6.042020888996842,85600.0,12499.0,660756.0
2026-08-27,85.09,85.14,84.75,5.876131155246878,0.07447,8.751909742625454,112962.0,12621.0,669108.0
2026-08-28,85.09,85.08,84.8,-1.1752262310504857,0.03787,4.450581736984369,106781.0,13182.0,673722.0
2026-08-31,88.91,88.95,88.76,4.498931503769121,0.04004,4.503430435271623,173086.0,17123.0,706876.0
2026-09-01,86.76,86.93,88.59,19.59428307976019,0.04494,5.179806362378977,133747.0,15653.0,690216.0
2026-09-02,87.93,88.03,88.42,11.372682815875557,0.03953,4.495621517115888,53382.0,6820.0,701118.0
2026-09-03,90.61,90.83,89.86,24.279880807858145,0.08194,9.043151969981238,153808.0,15778.0,660734.0
2026-09-04,91.67,91.6,90.9,-7.636085960511796,0.03998,4.361295952874441,73339.0,9200.0,670166.0
2026-09-07,91.13,91.27,91.1,15.36266871502212,0.04399,4.8271699769559975,99795.0,10359.0,683002.0
2026-09-08,90.88,91.08,90.86,22.007042253522346,0.03188,3.507922535211268,138780.0,15207.0,680488.0
2026-09-09,88.74,88.79,89.34,5.634437683119664,0.02303,2.5952219968447148,141739.0,13189.0,654938.0
2026-09-10,93.5,93.72,93.5,23.529411764706687,0.063,6.737967914438503,148479.0,13640.0,611910.0
2026-09-11,92.42,92.42,92.4,0.0,0.03239,3.5046526725816927,106673.0,11176.0,616158.0
2026-09-14,96.65,96.77,97.7,12.415933781686483,0.02382,2.4645628556647696,166958.0,16786.0,612798.0
2026-09-15,96.69,96.8,96.98,11.376564277587597,0.03294,3.406763884579584,112462.0,11305.0,620060.0
2026-09-16,93.58,93.75,93.66,18.166274845052843,0.04716,5.039538362898055,126505.0,11635.0,626002.0
2026-09-17,92.96,93.07,92.3,11.833046471600994,0.08079,8.690834767641997,79564.0,9774.0,628198.0
2026-09-18,95.92,95.94,96.15,2.085070892410279,0.01193,1.243744787322769,173687.0,19262.0,612862.0
2026-09-21,97.19,97.28,96.86,9.260211955963715,0.02461,2.5321535137359814,169827.0,16778.0,648894.0
2026-09-22,100.66,100.8,100.15,13.908205841446364,0.0266,2.6425591098748265,169171.0,17369.0,684074.0
2026-09-23,102.6,102.5,101.56,-9.746588693956282,0.03655,3.562378167641326,189899.0,19939.0,718196.0
2026-09-24,101.16,101.27,101.46,10.873863187030874,0.07419,7.333926453143536,107092.0,11208.0,719014.0
2026-09-25,98.78,98.9,98.52,12.148208139299843,0.04225,4.277181615711683,113778.0,12892.0,720388.0
2026-09-28,96.39,96.49,98.14,10.374520178442204,0.03352,3.477539163813674,118669.0,13981.0,729766.0
