date,spot_price,swaprate_rub_per_share,funding_bps_per_day,key_rate_pct,key_rate_cost_bps_per_day,excess_funding_over_key_bps_per_day,sberf_volume,sberf_numtrades,sberf_openposition
2026-01-05,299.0,0.09768,3.2668896321070235,,,,10806,1945,134504
2026-01-06,299.13,0.15238,5.09410624143349,,,,3973,871,134452
2026-01-08,298.22,0.24808,8.31869089933606,,,,4953,1077,135334
2026-01-09,299.19,0.12841,4.291921521441225,,,,3101,884,134310
2026-01-12,299.43,0.20505,6.84801122132051,,,,8124,1438,132334
2026-01-13,297.44,0.17156,5.767885960193652,,,,8538,1760,134968
2026-01-14,299.42,0.14805,4.944559481664551,,,,8296,1849,132692
2026-01-15,298.0,0.21484,7.209395973154362,,,,5414,1286,131664
2026-01-16,301.77,0.24247,8.034927262484674,,,,15248,2269,141418
2026-01-19,304.01,0.12915,4.248215519226341,,,,9349,2228,139692
2026-01-20,303.86,0.13954,4.59224642927664,,,,7718,1271,140128
2026-01-21,306.0,0.08362,2.7326797385620916,,,,10819,2093,137202
2026-01-22,305.99,0.18948,6.192359227425733,,,,6187,1634,134590
2026-01-23,307.2,0.10391,3.382486979166667,,,,3460,825,134404
2026-01-26,303.35,0.09471,3.1221361463655843,,,,16261,2254,127782
2026-01-27,305.12,0.14917,4.888896171997902,,,,4832,1226,128220
2026-01-28,304.3,0.18573,6.1035162668419325,,,,4246,986,128578
2026-01-29,307.59,0.22623,7.354920511069931,,,,27811,4563,141594
2026-01-30,305.05,0.10951,3.5899032945418785,,,,14209,2494,139816
2026-02-02,302.74,0.20025,6.6145867741296165,,,,15885,2967,136516
2026-02-03,304.2,0.20194,6.638395792241947,,,,8319,1513,139464
2026-02-04,304.84,0.20055,6.5788610418580244,,,,7305,1475,142288
2026-02-05,301.46,0.29076,9.645060704571089,,,,17466,2886,142038
2026-02-06,300.85,0.17421,5.790593318929699,,,,7756,1422,139812
2026-02-09,301.88,0.22502,7.453955213992314,,,,6066,1359,139228
2026-02-10,303.07,0.23085,7.617052166166233,,,,11502,1927,141682
2026-02-11,305.44,0.16892,5.530382399161865,,,,13908,1984,145932
2026-02-12,306.02,0.22899,7.482844258545194,,,,5957,1165,146772
2026-02-13,308.04,0.11675,3.790092195818725,,,,14103,2602,146292
2026-02-16,310.94,0.18363,5.905640959670675,,,,16389,2670,149414
2026-02-17,309.57,0.1365,4.409341990502956,,,,7673,1164,150644
2026-02-18,313.94,0.10855,3.457667070140791,,,,11749,2377,153226
2026-02-19,312.96,0.22012,7.033486707566463,,,,9265,1480,154878
2026-02-20,313.52,0.16055,5.120885429956622,,,,8112,1325,157764
2026-02-24,315.35,0.16367,5.190106231171713,,,,11347,2579,160450
2026-02-25,317.4,0.15999,5.040642722117202,,,,4913,1051,161536
2026-02-26,316.11,0.20809,6.5828350890512795,,,,9565,1659,159172
2026-02-27,315.94,0.18894,5.9802494144457805,,,,10244,2277,160118
2026-03-02,313.52,0.23168,7.389640214340393,,,,15123,3016,161394
2026-03-03,311.2,0.20115,6.463688946015424,,,,13843,2419,162894
2026-03-04,311.25,0.22806,7.327228915662651,,,,6900,1322,164430
2026-03-05,315.42,0.25836,8.190983450637244,,,,12679,2032,159620
2026-03-06,314.47,0.16901,5.374439533182815,,,,8953,1552,156872
2026-03-09,316.35,0.22552,7.128813023549865,,,,14404,1815,161200
2026-03-10,314.28,0.14859,4.72794959908362,,,,18322,3587,156946
2026-03-11,314.71,0.1166,3.704998252359315,,,,10370,1929,156238
2026-03-12,317.17,0.20788,6.554213828546205,,,,8771,1109,153872
2026-03-13,316.63,0.10599,3.3474402299213595,,,,7647,1531,152202
2026-03-16,316.14,0.15506,4.904789017523882,,,,20282,3394,153592
2026-03-17,318.02,0.19582,6.157474372680963,,,,17951,2790,160192
2026-03-18,321.67,0.22808,7.090496471539155,,,,22505,4420,166394
2026-03-19,320.01,0.2148,6.7122902409299705,,,,10330,2032,160620
2026-03-20,320.46,0.1982,6.184859264806841,,,,8645,2085,159596
2026-03-23,317.54,0.18719,5.895005353656233,,,,28301,5017,171164
2026-03-24,317.38,0.14773,4.654672632175941,,,,10479,1866,174462
2026-03-25,317.32,0.18116,5.7090634060254635,,,,9017,1155,177964
2026-03-26,315.56,0.2416,7.656230193940931,,,,10023,1421,175038
2026-03-27,314.16,0.17635,5.613381716322892,,,,14703,2400,175180
2026-03-30,314.5,0.14801,4.706200317965024,,,,24074,4024,167798
2026-03-31,314.35,0.15915,5.062828057897248,,,,6429,1288,166456
2026-04-01,316.5,0.19553,6.177883096366509,,,,14661,2247,172736
2026-04-02,316.2,0.22939,7.254585705249842,,,,6428,1201,171174
2026-04-03,315.0,0.2378,7.549206349206349,,,,7823,1842,173564
2026-04-06,319.47,0.11349,3.5524462390834817,,,,24419,3916,184364
2026-04-07,318.77,0.15113,4.741035856573705,,,,11787,2188,186080
2026-04-08,319.49,0.14749,4.616419919246299,,,,6779,1486,185780
2026-04-09,317.23,0.22241,7.011001481574882,,,,19534,3709,180896
2026-04-10,317.54,0.10243,3.225735340429552,,,,6945,1482,182844
2026-04-13,316.24,0.18185,5.750379458639009,,,,11569,2519,187692
2026-04-14,317.5,0.14975,4.716535433070866,,,,5489,1455,187998
2026-04-15,320.64,0.09024,2.81437125748503,,,,17192,3235,193238
2026-04-16,321.71,0.23049,7.164527058530975,,,,26749,5263,202194
2026-04-17,323.76,0.11188,3.45564615764764,,,,11988,2879,203642
2026-04-20,325.22,0.1772,5.4486193961011,,,,11146,2981,205772
2026-04-21,323.7,0.11147,3.443620636391721,,,,10071,2693,204824
2026-04-22,325.26,0.06344,1.9504396482813748,,,,10382,2513,208296
2026-04-23,327.51,0.17851,5.450520594790999,,,,10195,2242,205468
2026-04-24,324.8,0.11895,3.6622536945812807,,,,20215,3333,198674
2026-04-27,322.98,0.06839,2.117468573905505,,,,22177,3545,192970
2026-04-28,320.0,0.09868,3.08375,,,,15412,3054,186794
2026-04-29,316.46,0.26612,8.409277633824182,,,,28508,5420,181204
2026-04-30,319.59,0.20451,6.399136393504177,,,,34075,2972,218986
2026-05-04,320.12,0.13418,4.191553167562164,,,,18140,3814,219912
2026-05-05,322.0,0.13733,4.264906832298137,,,,15650,3445,225802
2026-05-06,320.0,0.14537,4.5428125,,,,7946,1892,226904
2026-05-07,319.27,0.22463,7.035737776803333,,,,4642,1218,225790
2026-05-08,318.4,0.13943,4.379082914572865,,,,8594,1765,224078
2026-05-11,323.0,0.15803,4.892569659442724,,,,16051,3130,231836
2026-05-12,325.6,0.1506,4.625307125307126,,,,12069,2733,238146
2026-05-13,326.9,0.06872,2.1021719180177425,,,,5310,1706,236302
2026-05-14,325.08,0.17903,5.507259751445798,,,,12774,2633,231540
2026-05-15,322.88,0.08954,2.77316650148662,,,,19899,2579,216642
2026-05-18,325.23,0.14465,4.447621683116563,,,,14917,2620,215976
2026-05-19,323.66,0.08143,2.515911759253538,,,,9449,1820,210752
2026-05-20,323.62,0.09308,2.876212842222359,,,,4000,1198,210688
2026-05-21,323.88,0.20975,6.476164011362233,,,,9102,2119,208836
2026-05-22,322.35,0.11626,3.6066387467038927,,,,9402,2333,208936
2026-05-25,320.6,0.19207,5.9909544603867735,,,,22919,4392,217462
2026-05-26,320.14,0.14533,4.539576435309552,,,,9621,2107,216558
2026-05-27,322.01,0.14755,4.582155833669761,,,,12139,2190,223894
2026-05-28,322.3,0.21473,6.662426310890475,,,,6299,1717,221626
2026-05-29,320.84,0.13376,4.169056227403067,,,,7762,2110,221716
2026-06-01,322.46,0.05911,1.8330955777460771,,,,15560,2704,214192
2026-06-02,326.4,0.14635,4.483762254901961,,,,18232,3958,223482
2026-06-03,324.02,0.16612,5.126844021973952,,,,8126,2183,222394
2026-06-04,322.9,0.23075,7.1461752864663985,,,,7983,1867,219768
2026-06-05,322.18,0.17518,5.4373331677944,,,,7132,1678,217434
2026-06-08,319.5,0.22306,6.9815336463223785,,,,10059,2504,220724
2026-06-09,321.23,0.1745,5.432244809015347,,,,15528,2882,225316
2026-06-10,321.89,0.22355,6.9449190717325795,,,,14703,2724,222592
2026-06-11,321.63,0.11399,3.5441345645617632,,,,2335,733,222458
2026-06-15,323.25,0.07579,2.3446249033255993,,,,9043,2441,220856
2026-06-16,320.11,0.17989,5.619630751929024,,,,11881,3128,225214
2026-06-17,319.0,0.10535,3.302507836990596,,,,9173,1878,220534
2026-06-18,315.47,0.26981,8.55263574983358,,,,37906,5227,241262
2026-06-19,313.86,0.17474,5.567450455617154,,,,19801,3850,240782
2026-06-22,305.44,0.15996,5.237035096909376,,,,61943,8830,241898
2026-06-23,307.94,0.12443,4.040722218614016,,,,30488,4747,241382
2026-06-24,299.35,0.15534,5.189243360614665,,,,47120,6628,233656
2026-06-25,299.01,0.2739,9.16022875489114,,,,48034,6911,233118
2026-06-26,297.85,0.14579,4.894745677354373,,,,69053,8718,231956
2026-06-29,307.14,0.14745,4.800742332486815,,,,48293,6851,220262
2026-06-30,307.15,0.13868,4.515057789353736,,,,28490,5233,213640
2026-07-01,306.68,0.25918,8.451154297639233,,,,26189,4683,236276
2026-07-02,301.8,0.41868,13.872763419483102,,,,54331,9488,283344
2026-07-03,301.75,0.34888,11.561888980944492,,,,34643,6549,304380
2026-07-06,298.68,0.39905,13.360452658363466,,,,42137,8201,327758
2026-07-07,296.93,0.36653,12.343986798235274,,,,25625,6312,330232
2026-07-08,298.49,0.4454,14.921772923716038,,,,24312,5443,342134
2026-07-09,295.0,0.44774,15.177627118644068,,,,26623,3771,325700
2026-07-10,291.03,0.39034,13.412362986633683,,,,37993,7669,298792
2026-07-13,293.3,0.43655,14.884077736106375,,,,29980,5469,307504
2026-07-14,294.79,0.43995,14.924183316937482,,,,20715,2833,317652
2026-07-15,287.9,0.44219,15.359152483501218,,,,40979,6855,331644
2026-07-16,279.02,0.43185,15.477385133682175,,,,74696,12465,326018
2026-07-17,277.23,0.41853,15.09685099015258,,,,72527,11984,337654
2026-07-20,257.26,0.11856,4.608567208271787,,,,125683,16820,277466
2026-07-21,263.13,0.12921,4.910500513054384,,,,76729,11301,264054
2026-07-22,263.59,0.08485,3.2190143783906824,,,,35939,6970,247948
2026-07-23,264.14,0.18473,6.99363973650337,,,,30028,5183,237042
2026-07-24,267.14,0.0729,2.7289061915100703,,,,52377,9716,236036
2026-07-27,274.0,0.05748,2.0978102189781023,,,,47564,8281,227756
2026-07-28,271.88,0.13034,4.794026776519053,,,,35332,6107,222232
2026-07-29,275.3,0.10275,3.7322920450417727,,,,18445,3985,224110
2026-07-30,273.88,0.20196,7.37403242295896,,,,22547,4624,223336
2026-07-31,275.6,0.06811,2.47133526850508,,,,18149,3196,213264
2026-08-03,280.15,0.06993,2.496162769944673,,,,17397,4013,215836
2026-08-04,284.18,0.06735,2.3699767752832708,,,,31451,5873,219000
2026-08-05,287.45,0.09802,3.4099843451034966,,,,19261,4295,221070
2026-08-06,284.91,0.18282,6.416763188375277,,,,34072,6548,211912
2026-08-07,282.53,0.09738,3.4467136233320352,,,,18418,3962,210660
2026-08-10,283.58,0.10791,3.8052754072924753,,,,12902,3197,210676
2026-08-11,286.48,0.15247,5.322186540072605,,,,12210,3424,216110
2026-08-12,284.5,0.15608,5.486115992970123,,,,16407,3568,220468
2026-08-13,278.26,0.16745,6.017753180478689,,,,39093,7296,225990
2026-08-14,272.85,0.12377,4.536192046912222,,,,56893,10568,218126
2026-08-17,270.44,0.09292,3.435882265936992,,,,34409,8403,225682
2026-08-18,276.23,0.11005,3.983998841545089,,,,23734,7135,224076
2026-08-19,276.76,0.16487,5.957146986558751,,,,15269,3468,225232
2026-08-20,270.66,0.22914,8.465972068277543,,,,25572,3895,222110
2026-08-21,272.99,0.12223,4.477453386570937,,,,21670,3660,220454
2026-08-24,269.16,0.14155,5.258953782137018,,,,35696,6714,224504
2026-08-25,271.65,0.1097,4.038284557334807,,,,38185,6952,212046
2026-08-26,267.8,0.11892,4.440627333831217,,,,16229,4553,208366
2026-08-27,269.93,0.16672,6.176416107879821,,,,21581,4581,204690
2026-08-28,268.39,0.1167,4.348150080107307,,,,13437,3270,203046
2026-08-31,275.49,0.11744,4.262949653344949,,,,25147,4784,200886
2026-09-01,275.37,0.12608,4.5785670189199985,,,,23929,4539,211354
2026-09-02,274.49,0.13014,4.7411563262778245,,,,16399,2687,214374
2026-09-03,276.91,0.18677,6.744790726228737,,,,24895,4714,214996
2026-09-04,279.76,0.12083,4.3190591935945095,,,,20562,3863,211932
2026-09-07,279.61,0.11061,3.955867100604413,,,,15635,3116,213884
2026-09-08,278.44,0.1017,3.652492457980175,,,,23238,4459,203490
2026-09-09,277.6,0.13438,4.840778097982708,,,,13490,3169,205738
2026-09-10,285.15,0.18094,6.345432228651587,,,,26273,5735,201610
2026-09-11,283.22,0.11136,3.9319257114610546,,,,28372,5589,197960
2026-09-14,288.11,0.13922,4.83218215265003,,,,19998,3788,199398
2026-09-15,284.31,0.17227,6.059231120959517,,,,15133,3108,201928
2026-09-16,279.68,0.16014,5.7258295194508015,,,,21366,5007,207148
2026-09-17,275.18,0.24493,8.90071952903554,,,,37808,6694,227402
2026-09-18,277.88,0.13686,4.925147545703181,,,,13466,2829,224026
2026-09-21,277.23,0.1218,4.3934639108321605,,,,18748,4088,227460
2026-09-22,281.0,0.09429,3.355516014234875,,,,21183,3871,224690
2026-09-23,279.66,0.15518,5.548880783808911,,,,18038,3697,228790
2026-09-24,279.55,0.18275,6.5372920765516005,,,,11557,2481,225268
2026-09-25,276.2,0.13169,4.767921795800145,,,,16257,3127,228984
2026-09-28,273.0,0.14306,5.240293040293039,,,,26922,5076,231794
