spot,assetcode,future,shortname,expiry,days,lotvolume,spot_ask,future_bid,future_bid_per_share,raw_basis_bps,fair_basis_bps_key14_known_div,known_dividend_rub,known_dividend_events,future_roundtrip_fee_bps,exec_plus_stockfee_buffer_bps,screen_net_excess_bps,screen_net_annualized_pct,screen_net_bps_dividend_tax13_scenario,future_volume,future_value,future_numtrades,openposition,initialmargin,unknown_dividend_risk
TATNP,TATP,TPZ6,TATP-12.26,2026-12-17,78,10.0,603.9,5909.0,590.9,-215.26742838218206,-257.29777301431,32.88,"[{""date"": ""2026-10-13"", ""value"": 32.88, ""status"": ""approved""}]",3.874813710879285,10.0,28.155530921248648,1.3175344597763792,-44.77397487369219,2478.0,14642009.0,256.0,12874.0,1336.2,LOWER
TATN,TATN,TTZ6,TATN-12.26,2026-12-17,78,100.0,631.2,61827.0,618.27,-204.84790874524816,-233.0341541661829,32.88,"[{""date"": ""2026-10-13"", ""value"": 32.88, ""status"": ""approved""}]",3.8910012674271224,10.0,14.295244153507618,0.6689441174397794,-55.47999119117804,642.0,39720141.0,357.0,10026.0,12026.64,LOWER
GMKN,GMKN,GKZ6,GMKN-12.26,2026-12-17,78,10.0,116.96,1188.0,118.8,157.31874145006765,140.7209793839903,1.85,"[{""date"": ""2026-10-12"", ""value"": 1.85, ""status"": ""recommended""}]",4.1039671682626535,10.0,2.493794897814684,0.11669681252594355,-18.69327308534916,72551.0,86307950.0,1858.0,657254.0,224.34,LOWER
HYDR,HYDR,HYZ6,HYDR-12.26,2026-12-17,78,10000.0,0.3807,3927.0,0.3927,315.20882584712416,303.6984254083186,0.0,[],4.045179931704754,10.0,-2.534779492899193,-0.11861468139848787,-2.534779492899193,1328.0,5202766.0,365.0,20706.0,1026.3,LOWER
VTBR,VTBR,VBZ6,VTBR-12.26,2026-12-17,78,100.0,52.03,5365.0,53.65,311.35883144339795,303.6984254083186,0.0,[],4.074572362098789,10.0,-6.414166327019442,-0.3001500909438584,-6.414166327019442,98397.0,529759933.0,11348.0,1024210.0,995.17,LOWER
YDEX,YDEX,YDZ6,YDEX-12.26,2026-12-17,78,1.0,3545.0,3655.0,3655.0,310.29619181946356,303.6984254083186,0.0,[],4.118476727785613,10.0,-7.5207103166406535,-0.35193067507356907,-7.5207103166406535,35772.0,131243693.0,2377.0,522268.0,681.15,LOWER
ALRS,ALRS,ALZ6,ALRS-12.26,2026-12-17,78,100.0,18.5,1907.0,19.07,308.10810810810716,303.6984254083186,0.0,[],4.108108108108108,10.0,-9.698425408319547,-0.4538365735944403,-9.698425408319547,15652.0,30039382.0,821.0,303866.0,415.96,LOWER
ROSN,ROSN,RNZ6,ROSN-12.26,2026-12-17,78,100.0,343.65,35414.0,354.14,305.25243707260285,303.6984254083186,0.0,[],4.149570784228139,10.0,-12.595559119943893,-0.5894075742025026,-12.595559119943893,6927.0,246147825.0,3349.0,42500.0,7750.74,LOWER
GAZP,GAZR,GZZ6,GAZR-12.26,2026-12-17,78,100.0,97.05,10001.0,100.01,304.99742400824425,303.6984254083186,0.0,[],4.121586810922206,10.0,-12.822588210996553,-0.6000313714120181,-12.822588210996553,141372.0,1417616178.0,20815.0,1031542.0,1875.51,LOWER
RUAL,RUAL,RLZ6,RUAL-12.26,2026-12-17,78,100.0,23.475,2419.0,24.19,304.57933972311,303.6984254083186,0.0,[],4.0894568690095845,10.0,-13.208542554218159,-0.6180920554217472,-13.208542554218159,9466.0,22936225.0,995.0,270616.0,450.97,LOWER
FEES,FEES,FSZ6,FEES-12.26,2026-12-17,78,100000.0,0.04882,5030.0,0.0503,303.1544448996293,303.6984254083186,0.0,[],4.055714870954527,10.0,-14.599695379643816,-0.6831908735346144,-14.599695379643816,959.0,4857472.0,263.0,22060.0,1072.91,LOWER
SBER,SBRF,SRZ6,SBRF-12.26,2026-12-17,78,100.0,273.3,28158.0,281.58,302.96377607025084,303.6984254083186,0.0,[],4.120014635931211,10.0,-14.854663973998965,-0.6951220962191823,-14.854663973998965,44128.0,1244711045.0,12578.0,284618.0,5272.02,LOWER
AFLT,AFLT,AFZ6,AFLT-12.26,2026-12-17,78,100.0,32.05,3302.0,33.02,302.6521060842446,303.6984254083186,0.0,[],4.1185647425897045,10.0,-15.164884066663681,-0.7096388056836209,-15.164884066663681,5193.0,17154017.0,371.0,73620.0,876.06,LOWER
MOEX,MOEX,MEZ6,MOEX-12.26,2026-12-17,78,100.0,149.82,15434.0,154.34,301.6953677746637,303.6984254083186,0.0,[],4.138299292484315,10.0,-16.141356926139235,-0.7553327279539513,-16.141356926139235,2498.0,38687720.0,708.0,18124.0,2905.82,LOWER
PHOR,PHOR,PHZ6,PHOR-12.26,2026-12-17,78,1.0,5042.0,5194.0,5194.0,301.467671558906,303.6984254083186,0.0,[],4.085680285600952,10.0,-16.316434135013573,-0.7635254434974299,-16.316434135013573,2501.0,12982467.0,418.0,32418.0,967.7,LOWER
MAGN,MAGN,MGZ6,MAGN-12.26,2026-12-17,78,1000.0,20.39,21001.0,21.001,299.6566944580681,303.6984254083186,0.0,[],4.1000490436488475,10.0,-18.141779993899345,-0.8489422689452899,-18.141779993899345,1934.0,40677067.0,674.0,36296.0,3917.94,LOWER
IRAO,IRAO,IRZ6,IRAO-12.26,2026-12-17,78,10000.0,2.3185,23877.0,2.3877,298.468837610526,303.6984254083186,0.0,[],4.097476816907484,10.0,-19.327064614700074,-0.9044075108160932,-19.327064614700074,235.0,5627254.0,134.0,7050.0,6339.49,LOWER
YDEX,YDEX,YDH7,YDEX-3.27,2027-03-18,169,1.0,3545.0,3780.0,3780.0,662.9055007052176,669.6899928669663,0.0,[],4.231311706629055,10.0,-21.015803868377798,-0.45389162200934297,-21.015803868377798,852.0,3227984.0,106.0,6190.0,743.28,YES
SBERP,SBPR,SPZ6,SBPR-12.26,2026-12-17,78,100.0,274.0,28213.0,282.13,296.7153284671542,303.6984254083186,0.0,[],4.124087591240876,10.0,-21.107184532405252,-0.9877079941446046,-21.107184532405252,1164.0,32904038.0,523.0,9524.0,5288.04,LOWER
VTBR,VTBR,VBH7,VTBR-3.27,2027-03-18,169,100.0,52.03,5547.0,55.47,661.1570247933885,669.6899928669663,0.0,[],4.2283298097251585,10.0,-22.761297883303037,-0.49159016138494727,-22.761297883303037,1994.0,11110046.0,436.0,16304.0,1070.25,YES
TRNFP,TRNF,TNZ6,TRNF-12.26,2026-12-17,78,1.0,1034.6,1065.0,1065.0,293.83336555190544,303.6984254083186,0.0,[],4.059539918809202,10.0,-23.924599775222354,-1.1195485792251485,-23.924599775222354,12497.0,13298817.0,566.0,366772.0,226.99,LOWER
SBER,SBRF,SRH7,SBRF-3.27,2027-03-18,169,100.0,273.3,29128.0,291.28,657.8851079399906,669.6899928669663,0.0,[],4.259055982436883,10.0,-26.063940909412658,-0.5629194338423444,-26.063940909412658,587.0,17147265.0,228.0,9820.0,5808.1,YES
GAZP,GAZR,GZH7,GAZR-3.27,2027-03-18,169,100.0,97.05,10341.0,103.41,655.3323029366309,669.6899928669663,0.0,[],4.2658423493044815,10.0,-28.623532279639964,-0.6182005492348276,-28.623532279639964,1000.0,10363572.0,279.0,50486.0,2164.17,YES
FLOT,FLOT,FLZ6,FLOT-12.26,2026-12-17,78,100.0,81.17,8349.0,83.49,285.8198841936677,303.6984254083186,0.0,[],4.114820746581249,10.0,-31.993361961232157,-1.497125271262787,-31.993361961232157,239.0,1999802.0,104.0,9074.0,1810.4,LOWER
RTKMP,RTKMP,RQZ6,RTKMP-12.26,2026-12-17,78,100.0,40.25,4140.0,41.4,285.7142857142847,303.6984254083186,0.0,[],4.074534161490683,10.0,-32.05867385552458,-1.5001815329828811,-32.05867385552458,28.0,116540.0,4.0,2854.0,1425.07,LOWER
NLMK,NLMK,NMZ6,NLMK-12.26,2026-12-17,78,100.0,68.34,7029.0,70.29,285.33801580333585,303.6984254083186,0.0,[],4.1264266900790165,10.0,-32.486836295061764,-1.520217339448403,-32.486836295061764,3793.0,26773681.0,645.0,52784.0,1315.56,LOWER
RUAL,RUAL,RLH7,RUAL-3.27,2027-03-18,169,100.0,23.475,2499.0,24.99,645.367412140574,669.6899928669663,0.0,[],4.259850905218317,10.0,-38.58243163161072,-0.833289203877983,-38.58243163161072,319.0,798402.0,55.0,2486.0,485.05,YES
SBERP,SBPR,SPH7,SBPR-3.27,2027-03-18,169,100.0,274.0,29168.0,291.68,645.2554744525552,669.6899928669663,0.0,[],4.255474452554744,10.0,-38.689992866965916,-0.8356122719788497,-38.689992866965916,15.0,438850.0,12.0,328.0,5687.15,YES
MAGN,MAGN,MGH7,MAGN-3.27,2027-03-18,169,1000.0,20.39,21705.0,21.705,644.9239823442854,669.6899928669663,0.0,[],4.24717999019127,10.0,-39.01319051287224,-0.8425925761655839,-39.01319051287224,30.0,652272.0,15.0,424.0,4213.76,YES
NLMK,NLMK,NMH7,NLMK-3.27,2027-03-18,169,100.0,68.34,7274.0,72.74,643.8396254023982,669.6899928669663,0.0,[],4.243488440152181,10.0,-40.09385590472037,-0.8659323908415938,-40.09385590472037,23.0,168167.0,9.0,532.0,1415.09,YES
SOFL,SOFL,S0Z6,SOFL-12.26,2026-12-17,78,10.0,46.26,475.0,47.5,268.0501513186351,303.6984254083186,0.0,[],3.891050583657588,10.0,-49.53932467334111,-2.318186346893526,-49.53932467334111,10639.0,5119741.0,162.0,46242.0,164.73,LOWER
SBER,SBRF,SRM7,SBRF-6.27,2027-06-17,260,100.0,273.3,30085.0,300.85,1008.0497621661189,1048.681729965726,0.0,[],4.405415294548115,10.0,-55.037383094155196,-0.7726401857448711,-55.037383094155196,13.0,392047.0,11.0,2416.0,5755.03,YES
ALRS,ALRS,ALH7,ALRS-3.27,2027-03-18,169,100.0,18.5,1965.0,19.65,621.6216216216219,669.6899928669663,0.0,[],4.324324324324325,10.0,-62.392695569668774,-1.3475345492857458,-62.392695569668774,125.0,247382.0,50.0,3764.0,443.45,YES
AFKS,AFKS,AKZ6,AFKS-12.26,2026-12-17,78,1000.0,6.977,7153.0,7.153,252.2574172280345,303.6984254083186,0.0,[],4.127848645549664,10.0,-65.56885682583375,-3.0682862489011944,-65.56885682583375,12231.0,88086135.0,1804.0,82800.0,1928.54,LOWER
FEES,FEES,FSH7,FEES-3.27,2027-03-18,169,100000.0,0.04882,5182.0,0.05182,614.5022531749266,669.6899928669663,0.0,[],4.178615321589512,10.0,-69.36635501362923,-1.4981490875724657,-69.36635501362923,2.0,10368.0,2.0,122.0,1144.23,YES
TRNFP,TRNF,TNH7,TRNF-3.27,2027-03-18,169,1.0,1034.6,1098.0,1098.0,612.797216315486,669.6899928669663,0.0,[],4.059539918809202,10.0,-70.95231647028953,-1.5324021012814013,-70.95231647028953,316.0,344768.0,31.0,3326.0,242.08,YES
HEAD,HEAD,HDZ6,HEAD-12.26,2026-12-17,78,1.0,2720.0,2787.0,2787.0,246.32352941176495,303.6984254083186,0.0,[],4.11764705882353,10.0,-71.49254305537718,-3.345484386565727,-71.49254305537718,1721.0,4804778.0,127.0,100460.0,607.36,LOWER
GMKN,GMKN,GKH7,GMKN-3.27,2027-03-18,169,10.0,116.96,1221.0,122.1,439.46648426812504,500.9235215365648,1.85,"[{""date"": ""2026-10-12"", ""value"": 1.85, ""status"": ""recommended""}]",4.1039671682626535,10.0,-75.56100443670242,-1.631938853218721,-97.50064570965462,166.0,202938.0,47.0,4590.0,240.91,LOWER
IRAO,IRAO,IRH7,IRAO-3.27,2027-03-18,169,10000.0,2.3185,24590.0,2.459,605.9952555531601,669.6899928669663,0.0,[],4.235497088634894,10.0,-77.93023440244119,-1.683108612833789,-77.93023440244119,0,0,0,64.0,6695.76,YES
RTKM,RTKM,RTZ6,RTKM-12.26,2026-12-17,78,100.0,38.64,3956.0,39.56,238.09523809523947,303.6984254083186,0.0,[],4.089026915113871,10.0,-79.69221422819301,-3.72918694785775,-79.69221422819301,447.0,1771891.0,102.0,64842.0,859.8,LOWER
MOEX,MOEX,MEH7,MOEX-3.27,2027-03-18,169,100.0,149.82,15870.0,158.7,592.7112535042056,669.6899928669663,0.0,[],4.271792818048325,10.0,-91.25053218080906,-1.9707955175145153,-91.25053218080906,42.0,671324.0,27.0,190.0,3123.46,YES
GAZP,GAZR,GZM7,GAZR-6.27,2027-06-17,260,100.0,97.05,10647.0,106.47,970.6336939721805,1048.681729965726,0.0,[],4.41009788768676,10.0,-92.45813388123221,-1.297969956409606,-92.45813388123221,72.0,767844.0,54.0,8668.0,2046.99,YES
AFKS,AFKS,AKH7,AFKS-3.27,2027-03-18,169,1000.0,6.977,7377.0,7.377,573.3123118818972,669.6899928669663,0.0,[],4.242511107926043,10.0,-110.62019209299515,-2.3891343262688305,-110.62019209299515,1.0,7510.0,1.0,606.0,2036.16,YES
MGNT,MGNT,MNZ6,MGNT-12.26,2026-12-17,78,1.0,1573.5,1604.0,1604.0,193.83539879250122,303.6984254083186,0.0,[],3.9402605656180487,10.0,-123.80328718143542,-5.793358951438965,-123.80328718143542,33289.0,53516847.0,1056.0,561762.0,380.37,LOWER
SBERP,SBPR,SPM7,SBPR-6.27,2027-06-17,260,100.0,274.0,29946.0,299.46,929.1970802919702,1048.681729965726,0.0,[],4.394160583941606,10.0,-133.87881025769732,-1.879452528617674,-133.87881025769732,0,0,0,188.0,5771.88,YES
ROSN,ROSN,RNH7,ROSN-3.27,2027-03-18,169,100.0,343.65,36247.0,362.47,547.6502255201532,669.6899928669663,0.0,[],4.248508657063874,10.0,-136.28827600387706,-2.943504185882552,-136.28827600387706,64.0,2332832.0,49.0,2052.0,8641.0,YES
AFLT,AFLT,AFH7,AFLT-3.27,2027-03-18,169,100.0,32.05,3380.0,33.8,546.0218408736339,669.6899928669663,0.0,[],4.243369734789392,10.0,-137.91152172812184,-2.978562451524525,-137.91152172812184,77.0,261020.0,18.0,1294.0,924.44,YES
TATNP,TATP,TPH7,TATP-3.27,2027-03-18,169,10.0,603.9,6010.0,601.0,-48.02119556217899,88.76698083605916,32.88,"[{""date"": ""2026-10-13"", ""value"": 32.88, ""status"": ""approved""}]",3.974167908594138,10.0,-150.76234430683226,-3.256109803076555,-226.28233587084927,0,0,0,480.0,1418.95,LOWER
ROSN,ROSN,RNM7,ROSN-6.27,2027-06-17,260,100.0,343.65,37500.0,375.0,912.2653862941954,1048.681729965726,0.0,[],4.394005528881129,10.0,-150.81034920041165,-2.117145286851933,-150.81034920041165,7.0,264334.0,7.0,508.0,8365.8,YES
RTKMP,RTKMP,RQH7,RTKMP-3.27,2027-03-18,169,100.0,40.25,4238.0,42.38,529.192546583852,669.6899928669663,0.0,[],4.22360248447205,10.0,-154.72104876758635,-3.341608449714143,-154.72104876758635,0,0,0,72.0,1490.12,YES
MGNT,MGNT,MNH7,MGNT-3.27,2027-03-18,169,1.0,1573.5,1656.0,1656.0,524.3088655862715,669.6899928669663,0.0,[],4.194470924690181,10.0,-159.57559820538503,-3.446455227512754,-159.57559820538503,89.0,147759.0,12.0,6146.0,403.67,YES
RTKM,RTKM,RTH7,RTKM-3.27,2027-03-18,169,100.0,38.64,4066.0,40.66,522.774327122153,669.6899928669663,0.0,[],4.244306418219462,10.0,-161.15997216303285,-3.4806739550004133,-161.15997216303285,0,0,0,326.0,916.43,YES
PHOR,PHOR,PHH7,PHOR-3.27,2027-03-18,169,1.0,5042.0,5305.0,5305.0,521.6184053946837,669.6899928669663,0.0,[],4.204680682268941,10.0,-162.2762681545516,-3.5047833062965283,-162.2762681545516,2.0,10611.0,2.0,558.0,1039.76,YES
GAZP,GAZR,GZU7,GAZR-9.27,2027-09-16,351,100.0,97.05,10950.0,109.5,1282.843894899537,1441.1354080285755,0.0,[],4.554353426069037,10.0,-172.8458665551076,-1.7974000368266172,-172.8458665551076,15.0,164990.0,15.0,582.0,2059.72,YES
TATN,TATN,TTH7,TATN-3.27,2027-03-18,169,100.0,631.2,62749.0,627.49,-58.77693282636321,113.8924533145813,32.88,"[{""date"": ""2026-10-13"", ""value"": 32.88, ""status"": ""approved""}]",3.9416983523447398,10.0,-186.61108449328924,-4.030357742014827,-258.8647646350987,1.0,62783.0,1.0,136.0,12864.07,LOWER
HYDR,HYDR,HYH7,HYDR-3.27,2027-03-18,169,10000.0,0.3807,3982.0,0.3982,459.6795376937224,669.6899928669663,0.0,[],4.097714736012609,10.0,-224.10816990925656,-4.840206036501695,-224.10816990925656,0,0,0,60.0,1081.78,YES
HEAD,HEAD,HDH7,HEAD-3.27,2027-03-18,169,1.0,2720.0,2841.0,2841.0,444.8529411764701,669.6899928669663,0.0,[],4.1911764705882355,10.0,-239.02822816108448,-5.162443980993837,-239.02822816108448,2.0,5715.0,2.0,782.0,647.27,YES
FLOT,FLOT,FLH7,FLOT-3.27,2027-03-18,169,100.0,81.17,8457.0,84.57,418.8739682148568,669.6899928669663,0.0,[],4.164100036959467,10.0,-264.98012468906904,-5.722943521391136,-264.98012468906904,0,0,0,50.0,1926.98,YES
SOFL,SOFL,S0H7,SOFL-3.27,2027-03-18,169,10.0,46.26,475.0,47.5,268.0501513186351,669.6899928669663,0.0,[],4.32338953739732,10.0,-415.9632310857286,-8.98382126309414,-415.9632310857286,0,0,0,654.0,172.04,YES
ROSN,ROSN,RNU7,ROSN-9.27,2027-09-16,351,100.0,343.65,37100.0,371.0,795.8678888403914,1441.1354080285755,0.0,[],4.300887530918085,10.0,-659.5684067191022,-6.8587597849707205,-659.5684067191022,0,0,0,16.0,8350.36,YES
SIBN,SIBN,SOZ6,SIBN-12.26,2026-12-17,78,10.0,549.4,5244.0,524.4,-455.04186385147415,303.6984254083186,0.0,[],3.8223516563523847,10.0,-772.562640916145,-36.15196973517858,-772.562640916145,2695.0,14190576.0,394.0,53530.0,1112.31,LOWER
LKOH,LKOH,LKZ6,LKOH-12.26,2026-12-17,78,10.0,5361.0,51080.0,5108.0,-471.92687931356113,303.6984254083186,0.0,[],3.7903376235776904,10.0,-789.4156423454574,-36.940603776422044,-789.4156423454574,7269.0,371908097.0,2933.0,46254.0,10222.79,LOWER
SIBN,SIBN,SOH7,SIBN-3.27,2027-03-18,169,10.0,549.4,5399.0,539.9,-172.91590826356008,669.6899928669663,0.0,[],3.9679650527848565,10.0,-856.5738661833113,-18.49996811579341,-856.5738661833113,24.0,130800.0,16.0,644.0,1188.08,YES
LKOH,LKOH,LKH7,LKOH-3.27,2027-03-18,169,10.0,5361.0,51866.0,5186.6,-325.31244170863613,669.6899928669663,0.0,[],3.8612199216564074,10.0,-1008.8636544972588,-21.789067094171568,-1008.8636544972588,54.0,2810091.0,38.0,2098.0,11842.0,YES
SBER,SBRF,SRU7,SBRF-9.27,2027-09-16,351,100.0,273.3,28111.0,281.11,285.76655689718234,1441.1354080285755,0.0,[],4.083424807903403,10.0,-1169.4522759392964,-12.160970960622311,-1169.4522759392964,2.0,56514.0,2.0,148.0,5696.45,YES
SBERP,SBPR,SPU7,SBPR-9.27,2027-09-16,351,100.0,274.0,27990.0,279.9,215.328467153284,1441.1354080285755,0.0,[],4.262773722627737,10.0,-1240.0697145979193,-12.89531184695842,-1240.0697145979193,0,0,0,18.0,5751.65,YES
LKOH,LKOH,LKM7,LKOH-6.27,2027-06-17,260,10.0,5361.0,51051.0,5105.1,-477.33631785114693,1048.681729965726,0.0,[],3.8127215071814966,10.0,-1539.8307693240545,-21.616855030895383,-1539.8307693240545,11.0,561572.0,6.0,262.0,11006.51,YES
LKOH,LKOH,LKU7,LKOH-9.27,2027-09-16,351,10.0,5361.0,52441.0,5244.1,-218.05633277373505,1441.1354080285755,0.0,[],3.879873157992912,10.0,-1673.0716139603035,-17.398038150869255,-1673.0716139603035,0,0,0,10.0,11047.92,YES
