start,end,trading_days,cum_funding_minus_ruonia_rub,entry_exit_exchange_plus_buffer_rub,net_after_fixed_cost_rub,avg_excess_annualized_pct,max_excess_annualized_pct
2025-01-13,2025-01-14,2,6.9119,47.178,-40.2661,4.5082,8.2899
2025-01-16,2025-01-30,11,80.1949,47.398,32.7969,9.5083,16.5514
2025-02-03,2025-02-06,4,30.3001,47.1505,-16.8504,9.7958,18.12
2025-02-11,2025-02-11,1,3.1377,48.7466,-45.6089,3.8946,3.8946
2025-02-13,2025-02-17,3,21.304,50.511,-29.207,8.2305,12.7402
2025-02-19,2025-04-25,48,588.3975,51.1501,537.2474,14.3806,33.6599
2025-04-29,2025-05-07,6,32.6885,50.4351,-17.7466,6.6059,18.225
2025-05-12,2025-05-12,1,6.7188,50.5891,-43.8703,7.8902,7.8902
2025-05-15,2025-06-05,16,129.9801,49.9192,80.0609,9.6901,29.6412
2025-06-09,2025-07-17,28,460.864,50.6287,410.2353,19.036,35.3076
2025-07-22,2025-07-22,1,2.296,50.5737,-48.2777,2.6976,2.6976
2025-07-24,2025-07-31,6,35.3647,50.5913,-15.2266,7.0128,11.3413
2025-08-04,2025-08-04,1,2.0065,50.2745,-48.268,2.3782,2.3782
2025-08-07,2025-08-07,1,0.8477,50.8773,-50.0296,0.9872,0.9872
2025-08-13,2025-08-14,2,12.0145,51.3261,-39.3116,6.8802,13.2801
2025-08-18,2025-08-18,1,0.8422,51.4218,-50.5796,0.9655,0.9655
2025-08-20,2025-08-21,2,11.9668,50.9587,-38.9919,7.0133,9.2647
2025-08-25,2025-08-25,1,4.6051,50.6562,-46.0511,5.3975,5.3975
2025-08-27,2025-10-03,28,230.1134,50.8058,179.3076,9.9993,32.7413
2025-10-07,2025-11-07,24,281.4248,48.7279,232.6969,14.6638,26.9647
2025-11-11,2025-12-30,36,293.5605,49.5232,244.0373,9.8393,33.7276
2026-01-06,2026-01-08,2,14.118,49.2988,-35.1808,8.6411,14.5356
2026-01-12,2026-01-16,5,34.2043,49.3076,-15.1033,8.3336,13.4718
2026-01-20,2026-01-20,1,0.8182,49.8433,-49.0251,0.9823,0.9823
2026-01-22,2026-01-22,1,5.7428,50.0842,-44.3414,6.8451,6.8451
2026-01-27,2026-01-29,3,16.5914,49.9412,-33.3498,6.5871,10.8745
2026-02-02,2026-02-12,9,76.7425,49.8576,26.8849,10.2702,19.6856
2026-02-16,2026-02-17,2,6.3416,50.61,-44.2684,3.7217,6.5314
2026-02-19,2026-03-10,13,84.812,50.8454,33.9666,7.5799,14.5674
2026-03-12,2026-03-12,1,7.8203,51.2029,-43.3826,9.0219,9.0219
2026-03-16,2026-04-03,15,96.5344,51.204,45.3304,7.4038,13.1434
2026-04-07,2026-04-09,3,13.3276,51.3657,-38.0381,5.102,10.7576
2026-04-13,2026-04-14,2,7.8211,51.248,-43.4269,4.5042,6.2618
2026-04-16,2026-04-16,1,10.2509,51.8376,-41.5867,11.614,11.614
2026-04-20,2026-04-20,1,4.8684,52.183,-47.3146,5.4626,5.4626
2026-04-23,2026-04-23,1,4.8989,52.4129,-47.514,5.4617,5.4617
2026-04-29,2026-05-12,9,43.779,51.6099,-7.8309,5.5403,15.7958
2026-05-14,2026-05-14,1,5.2903,52.062,-46.7717,5.9561,5.9561
2026-05-18,2026-05-18,1,1.8389,52.1753,-50.3364,2.0638,2.0638
2026-05-21,2026-05-21,1,8.3818,51.9069,-43.5251,9.4778,9.4778
2026-05-25,2026-05-29,5,20.7836,51.6418,-30.8582,4.7207,10.0979
2026-06-02,2026-06-10,7,46.6737,52.3425,-5.6688,7.5585,11.9619
2026-06-16,2026-06-16,1,5.9072,51.6275,-45.7203,6.7327,6.7327
2026-06-18,2026-07-21,24,429.9934,51.094,378.8994,22.2254,42.2703
2026-07-23,2026-07-23,1,8.3403,45.3971,-37.0568,11.5481,11.5481
2026-07-28,2026-07-28,1,2.8067,46.3728,-43.5661,3.7597,3.7597
2026-07-30,2026-07-30,1,9.7169,46.474,-36.7571,12.9725,12.9725
2026-08-06,2026-08-06,1,7.6955,47.7225,-40.027,9.8643,9.8643
2026-08-10,2026-08-14,5,17.6425,47.673,-30.0305,4.5815,8.0442
2026-08-18,2026-09-07,15,51.3033,46.9492,4.3541,4.5696,17.0395
2026-09-09,2026-09-21,9,43.0909,46.8744,-3.7835,6.2369,18.254
2026-09-23,2026-09-28,4,18.3407,47.2814,-28.9407,6.0236,9.7799
