date,instrument,spot_price,future_per_share,raw_basis_pct,futures_volume,futures_numtrades,openposition,swaprate
2026-01-05,SBERF,299.0,299.0,0.0,10806,1945,134504,0.09768
2026-01-06,SBERF,299.13,299.13,0.0,3973,871,134452,0.15238
2026-01-08,SBERF,298.22,298.22,0.0,4953,1077,135334,0.24808
2026-01-09,SBERF,299.19,299.19,0.0,3101,884,134310,0.12841
2026-01-12,SBERF,299.43,299.43,0.0,8124,1438,132334,0.20505
2026-01-13,SBERF,297.44,297.44,0.0,8538,1760,134968,0.17156
2026-01-14,SBERF,299.42,299.42,0.0,8296,1849,132692,0.14805
2026-01-15,SBERF,298.0,298.0,0.0,5414,1286,131664,0.21484
2026-01-16,SBERF,301.77,301.77,0.0,15248,2269,141418,0.24247
2026-01-19,SBERF,304.01,304.01,0.0,9349,2228,139692,0.12915
2026-01-20,SBERF,303.86,303.86,0.0,7718,1271,140128,0.13954
2026-01-21,SBERF,306.0,306.0,0.0,10819,2093,137202,0.08362
2026-01-22,SBERF,305.99,305.99,0.0,6187,1634,134590,0.18948
2026-01-23,SBERF,307.2,307.2,0.0,3460,825,134404,0.10391
2026-01-26,SBERF,303.35,303.35,0.0,16261,2254,127782,0.09471
2026-01-27,SBERF,305.12,305.12,0.0,4832,1226,128220,0.14917
2026-01-28,SBERF,304.3,304.3,0.0,4246,986,128578,0.18573
2026-01-29,SBERF,307.59,307.59,0.0,27811,4563,141594,0.22623
2026-01-30,SBERF,305.05,305.05,0.0,14209,2494,139816,0.10951
2026-02-02,SBERF,302.74,302.74,0.0,15885,2967,136516,0.20025
2026-02-03,SBERF,304.2,304.2,0.0,8319,1513,139464,0.20194
2026-02-04,SBERF,304.84,304.84,0.0,7305,1475,142288,0.20055
2026-02-05,SBERF,301.46,301.46,0.0,17466,2886,142038,0.29076
2026-02-06,SBERF,300.85,300.85,0.0,7756,1422,139812,0.17421
2026-02-09,SBERF,301.88,301.88,0.0,6066,1359,139228,0.22502
2026-02-10,SBERF,303.07,303.07,0.0,11502,1927,141682,0.23085
2026-02-11,SBERF,305.44,305.44,0.0,13908,1984,145932,0.16892
2026-02-12,SBERF,306.02,306.02,0.0,5957,1165,146772,0.22899
2026-02-13,SBERF,308.04,308.04,0.0,14103,2602,146292,0.11675
2026-02-16,SBERF,310.94,310.94,0.0,16389,2670,149414,0.18363
2026-02-17,SBERF,309.57,309.57,0.0,7673,1164,150644,0.1365
2026-02-18,SBERF,313.94,313.94,0.0,11749,2377,153226,0.10855
2026-02-19,SBERF,312.96,312.96,0.0,9265,1480,154878,0.22012
2026-02-20,SBERF,313.52,313.52,0.0,8112,1325,157764,0.16055
2026-02-24,SBERF,315.35,315.35,0.0,11347,2579,160450,0.16367
2026-02-25,SBERF,317.4,317.4,0.0,4913,1051,161536,0.15999
2026-02-26,SBERF,316.11,316.11,0.0,9565,1659,159172,0.20809
2026-02-27,SBERF,315.94,315.94,0.0,10244,2277,160118,0.18894
2026-03-02,SBERF,313.52,313.52,0.0,15123,3016,161394,0.23168
2026-03-03,SBERF,311.2,311.2,0.0,13843,2419,162894,0.20115
2026-03-04,SBERF,311.25,311.25,0.0,6900,1322,164430,0.22806
2026-03-05,SBERF,315.42,315.42,0.0,12679,2032,159620,0.25836
2026-03-06,SBERF,314.47,314.47,0.0,8953,1552,156872,0.16901
2026-03-09,SBERF,316.35,316.35,0.0,14404,1815,161200,0.22552
2026-03-10,SBERF,314.28,314.28,0.0,18322,3587,156946,0.14859
2026-03-11,SBERF,314.71,314.71,0.0,10370,1929,156238,0.1166
2026-03-12,SBERF,317.17,317.17,0.0,8771,1109,153872,0.20788
2026-03-13,SBERF,316.63,316.63,0.0,7647,1531,152202,0.10599
2026-03-16,SBERF,316.14,316.14,0.0,20282,3394,153592,0.15506
2026-03-17,SBERF,318.02,318.02,0.0,17951,2790,160192,0.19582
2026-03-18,SBERF,321.67,321.67,0.0,22505,4420,166394,0.22808
2026-03-19,SBERF,320.01,320.01,0.0,10330,2032,160620,0.2148
2026-03-20,SBERF,320.46,320.46,0.0,8645,2085,159596,0.1982
2026-03-23,SBERF,317.54,317.54,0.0,28301,5017,171164,0.18719
2026-03-24,SBERF,317.38,317.38,0.0,10479,1866,174462,0.14773
2026-03-25,SBERF,317.32,317.32,0.0,9017,1155,177964,0.18116
2026-03-26,SBERF,315.56,315.56,0.0,10023,1421,175038,0.2416
2026-03-27,SBERF,314.16,314.16,0.0,14703,2400,175180,0.17635
2026-03-30,SBERF,314.5,314.5,0.0,24074,4024,167798,0.14801
2026-03-31,SBERF,314.35,314.35,0.0,6429,1288,166456,0.15915
2026-04-01,SBERF,316.5,316.5,0.0,14661,2247,172736,0.19553
2026-04-02,SBERF,316.2,316.2,0.0,6428,1201,171174,0.22939
2026-04-03,SBERF,315.0,315.0,0.0,7823,1842,173564,0.2378
2026-04-06,SBERF,319.47,319.47,0.0,24419,3916,184364,0.11349
2026-04-07,SBERF,318.77,318.77,0.0,11787,2188,186080,0.15113
2026-04-08,SBERF,319.49,319.49,0.0,6779,1486,185780,0.14749
2026-04-09,SBERF,317.23,317.23,0.0,19534,3709,180896,0.22241
2026-04-10,SBERF,317.54,317.54,0.0,6945,1482,182844,0.10243
2026-04-13,SBERF,316.24,316.24,0.0,11569,2519,187692,0.18185
2026-04-14,SBERF,317.5,317.5,0.0,5489,1455,187998,0.14975
2026-04-15,SBERF,320.64,320.64,0.0,17192,3235,193238,0.09024
2026-04-16,SBERF,321.71,321.71,0.0,26749,5263,202194,0.23049
2026-04-17,SBERF,323.76,323.76,0.0,11988,2879,203642,0.11188
2026-04-20,SBERF,325.22,325.22,0.0,11146,2981,205772,0.1772
2026-04-21,SBERF,323.7,323.7,0.0,10071,2693,204824,0.11147
2026-04-22,SBERF,325.26,325.26,0.0,10382,2513,208296,0.06344
2026-04-23,SBERF,327.51,327.51,0.0,10195,2242,205468,0.17851
2026-04-24,SBERF,324.8,324.8,0.0,20215,3333,198674,0.11895
2026-04-27,SBERF,322.98,322.98,0.0,22177,3545,192970,0.06839
2026-04-28,SBERF,320.0,320.0,0.0,15412,3054,186794,0.09868
2026-04-29,SBERF,316.46,316.46,0.0,28508,5420,181204,0.26612
2026-04-30,SBERF,319.59,319.59,0.0,34075,2972,218986,0.20451
2026-05-04,SBERF,320.12,320.12,0.0,18140,3814,219912,0.13418
2026-05-05,SBERF,322.0,322.0,0.0,15650,3445,225802,0.13733
2026-05-06,SBERF,320.0,320.0,0.0,7946,1892,226904,0.14537
2026-05-07,SBERF,319.27,319.27,0.0,4642,1218,225790,0.22463
2026-05-08,SBERF,318.4,318.4,0.0,8594,1765,224078,0.13943
2026-05-11,SBERF,323.0,323.0,0.0,16051,3130,231836,0.15803
2026-05-12,SBERF,325.6,325.6,0.0,12069,2733,238146,0.1506
2026-05-13,SBERF,326.9,326.9,0.0,5310,1706,236302,0.06872
2026-05-14,SBERF,325.08,325.08,0.0,12774,2633,231540,0.17903
2026-05-15,SBERF,322.88,322.88,0.0,19899,2579,216642,0.08954
2026-05-18,SBERF,325.23,325.23,0.0,14917,2620,215976,0.14465
2026-05-19,SBERF,323.66,323.66,0.0,9449,1820,210752,0.08143
2026-05-20,SBERF,323.62,323.62,0.0,4000,1198,210688,0.09308
2026-05-21,SBERF,323.88,323.88,0.0,9102,2119,208836,0.20975
2026-05-22,SBERF,322.35,322.35,0.0,9402,2333,208936,0.11626
2026-05-25,SBERF,320.6,320.6,0.0,22919,4392,217462,0.19207
2026-05-26,SBERF,320.14,320.14,0.0,9621,2107,216558,0.14533
2026-05-27,SBERF,322.01,322.01,0.0,12139,2190,223894,0.14755
2026-05-28,SBERF,322.3,322.3,0.0,6299,1717,221626,0.21473
2026-05-29,SBERF,320.84,320.84,0.0,7762,2110,221716,0.13376
2026-06-01,SBERF,322.46,322.46,0.0,15560,2704,214192,0.05911
2026-06-02,SBERF,326.4,326.4,0.0,18232,3958,223482,0.14635
2026-06-03,SBERF,324.02,324.02,0.0,8126,2183,222394,0.16612
2026-06-04,SBERF,322.9,322.9,0.0,7983,1867,219768,0.23075
2026-06-05,SBERF,322.18,322.18,0.0,7132,1678,217434,0.17518
2026-06-08,SBERF,319.5,319.5,0.0,10059,2504,220724,0.22306
2026-06-09,SBERF,321.23,321.23,0.0,15528,2882,225316,0.1745
2026-06-10,SBERF,321.89,321.89,0.0,14703,2724,222592,0.22355
2026-06-11,SBERF,321.63,321.63,0.0,2335,733,222458,0.11399
2026-06-15,SBERF,323.25,323.25,0.0,9043,2441,220856,0.07579
2026-06-16,SBERF,320.11,320.11,0.0,11881,3128,225214,0.17989
2026-06-17,SBERF,319.0,319.0,0.0,9173,1878,220534,0.10535
2026-06-18,SBERF,315.47,315.47,0.0,37906,5227,241262,0.26981
2026-06-19,SBERF,313.86,313.86,0.0,19801,3850,240782,0.17474
2026-06-22,SBERF,305.44,305.44,0.0,61943,8830,241898,0.15996
2026-06-23,SBERF,307.94,307.94,0.0,30488,4747,241382,0.12443
2026-06-24,SBERF,299.35,299.35,0.0,47120,6628,233656,0.15534
2026-06-25,SBERF,299.01,299.01,0.0,48034,6911,233118,0.2739
2026-06-26,SBERF,297.85,297.85,0.0,69053,8718,231956,0.14579
2026-06-29,SBERF,307.14,307.14,0.0,48293,6851,220262,0.14745
2026-06-30,SBERF,307.15,307.15,0.0,28490,5233,213640,0.13868
2026-07-01,SBERF,306.68,306.68,0.0,26189,4683,236276,0.25918
2026-07-02,SBERF,301.8,301.8,0.0,54331,9488,283344,0.41868
2026-07-03,SBERF,301.75,301.75,0.0,34643,6549,304380,0.34888
2026-07-06,SBERF,298.68,298.68,0.0,42137,8201,327758,0.39905
2026-07-07,SBERF,296.93,296.93,0.0,25625,6312,330232,0.36653
2026-07-08,SBERF,298.49,298.49,0.0,24312,5443,342134,0.4454
2026-07-09,SBERF,295.0,295.0,0.0,26623,3771,325700,0.44774
2026-07-10,SBERF,291.03,291.03,0.0,37993,7669,298792,0.39034
2026-07-13,SBERF,293.3,293.3,0.0,29980,5469,307504,0.43655
2026-07-14,SBERF,294.79,294.79,0.0,20715,2833,317652,0.43995
2026-07-15,SBERF,287.9,287.9,0.0,40979,6855,331644,0.44219
2026-07-16,SBERF,279.02,279.02,0.0,74696,12465,326018,0.43185
2026-07-17,SBERF,277.23,277.23,0.0,72527,11984,337654,0.41853
2026-07-20,SBERF,257.26,257.26,0.0,125683,16820,277466,0.11856
2026-07-21,SBERF,263.13,263.13,0.0,76729,11301,264054,0.12921
2026-07-22,SBERF,263.59,263.59,0.0,35939,6970,247948,0.08485
2026-07-23,SBERF,264.14,264.14,0.0,30028,5183,237042,0.18473
2026-07-24,SBERF,267.14,267.14,0.0,52377,9716,236036,0.0729
2026-07-27,SBERF,274.0,274.0,0.0,47564,8281,227756,0.05748
2026-07-28,SBERF,271.88,271.88,0.0,35332,6107,222232,0.13034
2026-07-29,SBERF,275.3,275.3,0.0,18445,3985,224110,0.10275
2026-07-30,SBERF,273.88,273.88,0.0,22547,4624,223336,0.20196
2026-07-31,SBERF,275.6,275.6,0.0,18149,3196,213264,0.06811
2026-08-03,SBERF,280.15,280.15,0.0,17397,4013,215836,0.06993
2026-08-04,SBERF,284.18,284.18,0.0,31451,5873,219000,0.06735
2026-08-05,SBERF,287.45,287.45,0.0,19261,4295,221070,0.09802
2026-08-06,SBERF,284.91,284.91,0.0,34072,6548,211912,0.18282
2026-08-07,SBERF,282.53,282.53,0.0,18418,3962,210660,0.09738
2026-08-10,SBERF,283.58,283.58,0.0,12902,3197,210676,0.10791
2026-08-11,SBERF,286.48,286.48,0.0,12210,3424,216110,0.15247
2026-08-12,SBERF,284.5,284.5,0.0,16407,3568,220468,0.15608
2026-08-13,SBERF,278.26,278.26,0.0,39093,7296,225990,0.16745
2026-08-14,SBERF,272.85,272.85,0.0,56893,10568,218126,0.12377
2026-08-17,SBERF,270.44,270.44,0.0,34409,8403,225682,0.09292
2026-08-18,SBERF,276.23,276.23,0.0,23734,7135,224076,0.11005
2026-08-19,SBERF,276.76,276.76,0.0,15269,3468,225232,0.16487
2026-08-20,SBERF,270.66,270.66,0.0,25572,3895,222110,0.22914
2026-08-21,SBERF,272.99,272.99,0.0,21670,3660,220454,0.12223
2026-08-24,SBERF,269.16,269.16,0.0,35696,6714,224504,0.14155
2026-08-25,SBERF,271.65,271.65,0.0,38185,6952,212046,0.1097
2026-08-26,SBERF,267.8,267.8,0.0,16229,4553,208366,0.11892
2026-08-27,SBERF,269.93,269.93,0.0,21581,4581,204690,0.16672
2026-08-28,SBERF,268.39,268.39,0.0,13437,3270,203046,0.1167
2026-08-31,SBERF,275.49,275.49,0.0,25147,4784,200886,0.11744
2026-09-01,SBERF,275.37,275.37,0.0,23929,4539,211354,0.12608
2026-09-02,SBERF,274.49,274.49,0.0,16399,2687,214374,0.13014
2026-09-03,SBERF,276.91,276.91,0.0,24895,4714,214996,0.18677
2026-09-04,SBERF,279.76,279.76,0.0,20562,3863,211932,0.12083
2026-09-07,SBERF,279.61,279.61,0.0,15635,3116,213884,0.11061
2026-09-08,SBERF,278.44,278.44,0.0,23238,4459,203490,0.1017
2026-09-09,SBERF,277.6,277.6,0.0,13490,3169,205738,0.13438
2026-09-10,SBERF,285.15,285.15,0.0,26273,5735,201610,0.18094
2026-09-11,SBERF,283.22,283.22,0.0,28372,5589,197960,0.11136
2026-09-14,SBERF,288.11,288.11,0.0,19998,3788,199398,0.13922
2026-09-15,SBERF,284.31,284.31,0.0,15133,3108,201928,0.17227
2026-09-16,SBERF,279.68,279.68,0.0,21366,5007,207148,0.16014
2026-09-17,SBERF,275.18,275.18,0.0,37808,6694,227402,0.24493
2026-09-18,SBERF,277.88,277.88,0.0,13466,2829,224026,0.13686
2026-09-21,SBERF,277.23,277.23,0.0,18748,4088,227460,0.1218
2026-09-22,SBERF,281.0,281.0,0.0,21183,3871,224690,0.09429
2026-09-23,SBERF,279.66,279.66,0.0,18038,3697,228790,0.15518
2026-09-24,SBERF,279.55,279.55,0.0,11557,2481,225268,0.18275
2026-09-25,SBERF,276.2,276.2,0.0,16257,3127,228984,0.13169
2026-09-28,SBERF,273.0,273.0,0.0,26922,5076,231794,0.14306
2026-09-29,SBERF,275.5,275.5,0.0,20957,4293,231750,0.13571
2026-01-05,SBRF-12.26,299.0,319.16,6.742474916387975,,0,12,0.0
2026-01-06,SBRF-12.26,299.13,322.0,7.645505298699562,94,39,158,0.0
2026-01-08,SBRF-12.26,298.22,313.91,5.261216551539127,32,17,144,0.0
2026-01-09,SBRF-12.26,299.19,313.77,4.873157525318361,,0,144,0.0
2026-01-12,SBRF-12.26,299.43,315.85,5.48375246301307,,0,144,0.0
2026-01-13,SBRF-12.26,297.44,310.65,4.441231845077986,49,26,168,0.0
2026-01-14,SBRF-12.26,299.42,317.72,6.111816177944029,4,4,174,0.0
2026-01-15,SBRF-12.26,298.0,317.45,6.526845637583878,2,1,178,0.0
2026-01-16,SBRF-12.26,301.77,313.0,3.721377207807275,9,4,196,0.0
2026-01-19,SBRF-12.26,304.01,316.21,4.013025887306343,2,2,198,0.0
2026-01-20,SBRF-12.26,303.86,321.01,5.64404660040807,9,8,202,0.0
2026-01-21,SBRF-12.26,306.0,324.49,6.042483660130715,5,4,198,0.0
2026-01-22,SBRF-12.26,305.99,323.02,5.565541357560688,24,9,212,0.0
2026-01-23,SBRF-12.26,307.2,323.63,5.348307291666665,8,4,214,0.0
2026-01-26,SBRF-12.26,303.35,319.91,5.4590407120487905,46,27,264,0.0
2026-01-27,SBRF-12.26,305.12,315.06,3.2577346617724157,119,59,272,0.0
2026-01-28,SBRF-12.26,304.3,319.62,5.034505422280633,35,10,324,0.0
2026-01-29,SBRF-12.26,307.59,322.73,4.922136610422978,39,19,316,0.0
2026-01-30,SBRF-12.26,305.05,318.89,4.53696115390918,12,9,318,0.0
2026-02-02,SBRF-12.26,302.74,316.72,4.61782387527252,28,18,326,0.0
2026-02-03,SBRF-12.26,304.2,315.06,3.5700197238658804,6,6,330,0.0
2026-02-04,SBRF-12.26,304.84,315.42,3.470673140007885,21,12,338,0.0
2026-02-05,SBRF-12.26,301.46,317.0,5.154912757911512,7,6,348,0.0
2026-02-06,SBRF-12.26,300.85,311.11,3.4103373774306167,15,8,336,0.0
2026-02-09,SBRF-12.26,301.88,317.18,5.068239035378297,14,6,338,0.0
2026-02-10,SBRF-12.26,303.07,319.32,5.361797604513807,5,5,340,0.0
2026-02-11,SBRF-12.26,305.44,318.0,4.112100576217914,3,3,344,0.0
2026-02-12,SBRF-12.26,306.02,321.25,4.976798902032553,17,10,368,0.0
2026-02-13,SBRF-12.26,308.04,320.01,3.8858589793533183,16,12,390,0.0
2026-02-16,SBRF-12.26,310.94,325.99,4.840162089149036,203,74,574,0.0
2026-02-17,SBRF-12.26,309.57,325.54,5.158768614529841,28,12,616,0.0
2026-02-18,SBRF-12.26,313.94,325.92,3.816015799197303,19,15,634,0.0
2026-02-19,SBRF-12.26,312.96,324.55,3.7033486707566565,40,12,702,0.0
2026-02-20,SBRF-12.26,313.52,324.78,3.5914774177085995,98,42,770,0.0
2026-02-24,SBRF-12.26,315.35,326.26,3.4596480101474425,37,19,788,0.0
2026-02-25,SBRF-12.26,317.4,329.48,3.8059231253938286,72,33,838,0.0
2026-02-26,SBRF-12.26,316.11,330.0,4.394040049349912,45,36,908,0.0
2026-02-27,SBRF-12.26,315.94,328.79,4.067227954674935,4,4,906,0.0
2026-03-02,SBRF-12.26,313.52,324.17,3.3969124776728865,90,48,992,0.0
2026-03-03,SBRF-12.26,311.2,324.21,4.1805912596400985,26,5,1044,0.0
2026-03-04,SBRF-12.26,311.25,324.2,4.160642570281126,44,20,1104,0.0
2026-03-05,SBRF-12.26,315.42,324.79,2.97064231817894,15,6,1126,0.0
2026-03-06,SBRF-12.26,314.47,321.05,2.092409450822008,105,31,1170,0.0
2026-03-09,SBRF-12.26,316.35,322.0,1.7859965228386177,27,13,1182,0.0
2026-03-10,SBRF-12.26,314.28,321.99,2.4532264222985933,18,9,1170,0.0
2026-03-11,SBRF-12.26,314.71,323.0,2.6341711416860036,41,21,1244,0.0
2026-03-12,SBRF-12.26,317.17,325.89,2.749314247879675,2,2,1246,0.0
2026-03-13,SBRF-12.26,316.63,325.02,2.6497805009001008,97,24,1436,0.0
2026-03-16,SBRF-12.26,316.14,324.83,2.7487821851078564,440,54,2266,0.0
2026-03-17,SBRF-12.26,318.02,326.9,2.7922772152694897,62,25,2316,0.0
2026-03-18,SBRF-12.26,321.67,325.88,1.3087947275157719,55,36,2384,0.0
2026-03-19,SBRF-12.26,320.01,326.67,2.0811849629699175,132,64,2538,0.0
2026-03-20,SBRF-12.26,320.46,324.97,1.407351931598333,67,35,2536,0.0
2026-03-23,SBRF-12.26,317.54,321.6,1.2785790766517646,758,245,3604,0.0
2026-03-24,SBRF-12.26,317.38,321.0,1.1405885689079298,70,26,3684,0.0
2026-03-25,SBRF-12.26,317.32,321.0,1.1597125929661,76,27,3650,0.0
2026-03-26,SBRF-12.26,315.56,319.0,1.0901254911902747,271,120,3690,0.0
2026-03-27,SBRF-12.26,314.16,315.99,0.582505729564553,211,128,3772,0.0
2026-03-30,SBRF-12.26,314.5,315.0,0.15898251192367763,129,91,3694,0.0
2026-03-31,SBRF-12.26,314.35,315.47,0.35629075870844407,24,19,3706,0.0
2026-04-01,SBRF-12.26,316.5,318.0,0.4739336492890933,166,92,3776,0.0
2026-04-02,SBRF-12.26,316.2,317.21,0.31941808981656994,6,3,3766,0.0
2026-04-03,SBRF-12.26,315.0,315.24,0.07619047619047414,29,19,3748,0.0
2026-04-06,SBRF-12.26,319.47,317.43,-0.6385576110433,26,23,3740,0.0
2026-04-07,SBRF-12.26,318.77,318.15,-0.19449760015057826,100,87,3848,0.0
2026-04-08,SBRF-12.26,319.49,318.72,-0.24100910826629907,59,48,3926,0.0
2026-04-09,SBRF-12.26,317.23,316.15,-0.3404469942943744,51,45,3960,0.0
2026-04-10,SBRF-12.26,317.54,316.8,-0.23304150658185474,29,28,3976,0.0
2026-04-13,SBRF-12.26,316.24,314.73,-0.47748545408550225,18,18,3982,0.0
2026-04-14,SBRF-12.26,317.5,316.78,-0.22677165354331175,6,5,3984,0.0
2026-04-15,SBRF-12.26,320.64,318.79,-0.5769710578842235,37,31,3992,0.0
2026-04-16,SBRF-12.26,321.71,317.37,-1.349041061825862,88,53,3952,0.0
2026-04-17,SBRF-12.26,323.76,319.0,-1.4702248579194444,53,32,3954,0.0
2026-04-20,SBRF-12.26,325.22,321.0,-1.2975831744665212,134,61,4034,0.0
2026-04-21,SBRF-12.26,323.7,317.71,-1.850478838430647,30,22,4040,0.0
2026-04-22,SBRF-12.26,325.26,319.9,-1.6479124392793532,24,19,4056,0.0
2026-04-23,SBRF-12.26,327.51,322.2,-1.6213245397087128,172,22,4126,0.0
2026-04-24,SBRF-12.26,324.8,319.0,-1.7857142857142905,28,19,4120,0.0
2026-04-27,SBRF-12.26,322.98,317.3,-1.7586228249427238,44,32,4112,0.0
2026-04-28,SBRF-12.26,320.0,315.0,-1.5625,155,60,4268,0.0
2026-04-29,SBRF-12.26,316.46,311.36,-1.6115780825380677,221,90,4380,0.0
2026-04-30,SBRF-12.26,319.59,313.45,-1.9212115523013829,32,13,4388,0.0
2026-05-04,SBRF-12.26,320.12,312.13,-2.4959390228664224,153,79,4318,0.0
2026-05-05,SBRF-12.26,322.0,315.51,-2.0155279503105583,21,18,4328,0.0
2026-05-06,SBRF-12.26,320.0,314.0,-1.8750000000000044,14,12,4336,0.0
2026-05-07,SBRF-12.26,319.27,312.0,-2.2770695649450223,27,19,4344,0.0
2026-05-08,SBRF-12.26,318.4,311.86,-2.054020100502496,23,12,4356,0.0
2026-05-11,SBRF-12.26,323.0,315.69,-2.2631578947368447,26,21,4356,0.0
2026-05-12,SBRF-12.26,325.6,316.47,-2.8040540540540504,34,26,4316,0.0
2026-05-13,SBRF-12.26,326.9,317.68,-2.820434383603543,10,10,4316,0.0
2026-05-14,SBRF-12.26,325.08,316.66,-2.5901316598990864,19,17,4292,0.0
2026-05-15,SBRF-12.26,322.88,315.01,-2.437438057482655,160,65,4322,0.0
2026-05-18,SBRF-12.26,325.23,316.1,-2.807244104172435,55,39,4308,0.0
2026-05-19,SBRF-12.26,323.66,315.0,-2.6756472841871215,18,13,4308,0.0
2026-05-20,SBRF-12.26,323.62,315.0,-2.663617823373088,34,20,4304,0.0
2026-05-21,SBRF-12.26,323.88,315.14,-2.6985303198715616,32,32,4308,0.0
2026-05-22,SBRF-12.26,322.35,314.44,-2.4538545059717753,69,46,4268,0.0
2026-05-25,SBRF-12.26,320.6,312.53,-2.5171553337492325,235,166,4456,0.0
2026-05-26,SBRF-12.26,320.14,311.86,-2.586368463797084,82,68,4518,0.0
2026-05-27,SBRF-12.26,322.01,312.8,-2.8601596223719716,31,31,4518,0.0
2026-05-28,SBRF-12.26,322.3,312.31,-3.0995966490847016,22,16,4526,0.0
2026-05-29,SBRF-12.26,320.84,310.15,-3.331878818102485,91,52,4592,0.0
2026-06-01,SBRF-12.26,322.46,311.21,-3.488804813000057,20,20,4600,0.0
2026-06-02,SBRF-12.26,326.4,315.5,-3.339460784313719,109,71,4514,0.0
2026-06-03,SBRF-12.26,324.02,313.53,-3.23745447811864,32,21,4530,0.0
2026-06-04,SBRF-12.26,322.9,312.94,-3.084546299163826,63,49,4602,0.0
2026-06-05,SBRF-12.26,322.18,311.66,-3.2652554472655027,127,44,4640,0.0
2026-06-08,SBRF-12.26,319.5,309.55,-3.1142410015649435,441,244,5056,0.0
2026-06-09,SBRF-12.26,321.23,310.21,-3.4305637705071224,217,131,5198,0.0
2026-06-10,SBRF-12.26,321.89,310.07,-3.672061884494704,99,51,5186,0.0
2026-06-11,SBRF-12.26,321.63,309.89,-3.6501570127164817,12,7,5192,0.0
2026-06-15,SBRF-12.26,323.25,310.47,-3.9535962877030095,361,134,4928,0.0
2026-06-16,SBRF-12.26,320.11,308.18,-3.7268438974102702,567,294,5576,0.0
2026-06-17,SBRF-12.26,319.0,306.71,-3.8526645768025114,468,295,5760,0.0
2026-06-18,SBRF-12.26,315.47,302.41,-4.139854819792688,920,592,5836,0.0
2026-06-19,SBRF-12.26,313.86,300.32,-4.314025361626205,1265,847,6832,0.0
2026-06-22,SBRF-12.26,305.44,291.37,-4.606469355683607,2151,1153,7618,0.0
2026-06-23,SBRF-12.26,307.94,293.95,-4.543092810287719,2742,1354,8454,0.0
2026-06-24,SBRF-12.26,299.35,284.52,-4.954067145481888,2731,1448,8030,0.0
2026-06-25,SBRF-12.26,299.01,284.29,-4.922912277181357,1735,1054,8336,0.0
2026-06-26,SBRF-12.26,297.85,282.62,-5.113312069833819,1749,1270,8730,0.0
2026-06-29,SBRF-12.26,307.14,292.47,-4.77632350068371,2089,1443,8614,0.0
2026-06-30,SBRF-12.26,307.15,292.37,-4.811981116718211,1928,1272,8222,0.0
2026-07-01,SBRF-12.26,306.68,291.71,-4.881309508282261,886,600,8266,0.0
2026-07-02,SBRF-12.26,301.8,287.42,-4.76474486414844,3066,1795,9752,0.0
2026-07-03,SBRF-12.26,301.75,286.43,-5.077050538525263,1537,968,10830,0.0
2026-07-06,SBRF-12.26,298.68,282.56,-5.3970804874782345,1309,837,10874,0.0
2026-07-07,SBRF-12.26,296.93,280.63,-5.489509311959051,1586,891,12248,0.0
2026-07-08,SBRF-12.26,298.49,281.92,-5.551274749572843,1275,664,12974,0.0
2026-07-09,SBRF-12.26,295.0,278.53,-5.583050847457638,706,419,13004,0.0
2026-07-10,SBRF-12.26,291.03,273.95,-5.868810775521416,1334,862,13834,0.0
2026-07-13,SBRF-12.26,293.3,276.65,-5.676781452437785,1236,663,14044,0.0
2026-07-14,SBRF-12.26,294.79,278.08,-5.668441941721236,1762,828,14974,0.0
2026-07-15,SBRF-12.26,287.9,270.36,-6.09239319208057,2049,1097,15636,0.0
2026-07-16,SBRF-12.26,279.02,261.06,-6.436814565264138,3605,1835,16714,0.0
2026-07-17,SBRF-12.26,277.23,258.32,-6.821051112794441,3263,1620,17068,0.0
2026-07-20,SBRF-12.26,257.26,272.98,6.11054963849802,11555,5657,20944,0.0
2026-07-21,SBRF-12.26,263.13,278.35,5.784213126591431,22499,8408,24200,0.0
2026-07-22,SBRF-12.26,263.59,278.87,5.796881520543273,7067,2760,24618,0.0
2026-07-23,SBRF-12.26,264.14,279.02,5.633376239872789,1052,609,24650,0.0
2026-07-24,SBRF-12.26,267.14,281.96,5.547652916073975,3672,2096,23686,0.0
2026-07-27,SBRF-12.26,274.0,288.52,5.29927007299269,2972,1644,23696,0.0
2026-07-28,SBRF-12.26,271.88,286.75,5.469324702074441,1304,787,23980,0.0
2026-07-29,SBRF-12.26,275.3,290.38,5.4776607337450045,1714,991,24374,0.0
2026-07-30,SBRF-12.26,273.88,288.37,5.290638235723688,1628,885,24878,0.0
2026-07-31,SBRF-12.26,275.6,289.43,5.018142235123357,738,546,24820,0.0
2026-08-03,SBRF-12.26,280.15,294.59,5.1543815812957305,1830,1081,24914,0.0
2026-08-04,SBRF-12.26,284.18,298.29,4.965162924906763,3625,2316,24976,0.0
2026-08-05,SBRF-12.26,287.45,300.97,4.703426682901379,3840,2634,24428,0.0
2026-08-06,SBRF-12.26,284.91,299.23,5.026148608332459,1608,1055,24812,0.0
2026-08-07,SBRF-12.26,282.53,296.66,5.001238806498454,1105,769,24944,0.0
2026-08-10,SBRF-12.26,283.58,297.55,4.926299456943384,1567,978,25702,0.0
2026-08-11,SBRF-12.26,286.48,300.44,4.872940519407987,1633,1176,25868,0.0
2026-08-12,SBRF-12.26,284.5,298.45,4.903339191564138,2276,1383,25966,0.0
2026-08-13,SBRF-12.26,278.26,291.9,4.901890318407243,3257,2190,26728,0.0
2026-08-14,SBRF-12.26,272.85,286.29,4.92578339747114,3927,2363,26754,0.0
2026-08-17,SBRF-12.26,270.44,283.44,4.80698121579648,3755,2267,27196,0.0
2026-08-18,SBRF-12.26,276.23,289.32,4.738804619338954,3301,2032,27252,0.0
2026-08-19,SBRF-12.26,276.76,289.71,4.679144385026723,1659,1046,27750,0.0
2026-08-20,SBRF-12.26,270.66,283.7,4.817852656469368,2944,1818,28994,0.0
2026-08-21,SBRF-12.26,272.99,285.44,4.560606615626939,1924,1279,29212,0.0
2026-08-24,SBRF-12.26,269.16,281.23,4.484321593104479,5457,3202,30392,0.0
2026-08-25,SBRF-12.26,271.65,283.66,4.421130130682882,6395,3639,31812,0.0
2026-08-26,SBRF-12.26,267.8,280.57,4.7684839432412085,5043,2675,34296,0.0
2026-08-27,SBRF-12.26,269.93,281.68,4.352980402326523,7096,3160,32182,0.0
2026-08-28,SBRF-12.26,268.39,279.75,4.232646521852534,6463,4252,33976,0.0
2026-08-31,SBRF-12.26,275.49,287.17,4.239718320084207,10281,5682,34340,0.0
2026-09-01,SBRF-12.26,275.37,286.82,4.158041907252064,7878,3749,38304,0.0
2026-09-02,SBRF-12.26,274.49,285.71,4.087580604029273,6263,2660,39960,0.0
2026-09-03,SBRF-12.26,276.91,288.25,4.095193384132023,8686,3986,40440,0.0
2026-09-04,SBRF-12.26,279.76,291.29,4.121389762653704,9504,3874,44770,0.0
2026-09-07,SBRF-12.26,279.61,291.3,4.180823289581914,11113,4826,51054,0.0
2026-09-08,SBRF-12.26,278.44,290.0,4.151702341617591,16906,6939,61420,0.0
2026-09-09,SBRF-12.26,277.6,288.5,3.9265129682997113,14431,5029,68754,0.0
2026-09-10,SBRF-12.26,285.15,296.1,3.840084166228319,33940,12284,80220,0.0
2026-09-11,SBRF-12.26,283.22,293.89,3.767389308664626,28780,8474,84976,0.0
2026-09-14,SBRF-12.26,288.11,299.08,3.8075734962340624,41721,10553,107124,0.0
2026-09-15,SBRF-12.26,284.31,295.03,3.7705321655938873,44678,12259,128042,0.0
2026-09-16,SBRF-12.26,279.68,290.5,3.8687070938214996,168898,38939,234470,0.0
2026-09-17,SBRF-12.26,275.18,285.05,3.5867432226179163,179052,43201,259974,0.0
2026-09-18,SBRF-12.26,277.88,287.46,3.4475313084784798,70946,21237,256692,0.0
2026-09-21,SBRF-12.26,277.23,286.83,3.4628286981928325,94985,26708,267850,0.0
2026-09-22,SBRF-12.26,281.0,290.7,3.4519572953736644,108096,31640,279020,0.0
2026-09-23,SBRF-12.26,279.66,288.76,3.2539512264893045,85200,25864,270870,0.0
2026-09-24,SBRF-12.26,279.55,289.22,3.4591307458415432,55671,17596,273600,0.0
2026-09-25,SBRF-12.26,276.2,284.56,3.026792179580018,90016,23433,301558,0.0
2026-09-28,SBRF-12.26,273.0,281.78,3.216117216117209,163079,43375,289812,0.0
2026-09-29,SBRF-12.26,275.5,284.26,3.179673321234122,104419,29406,278140,0.0
2026-03-05,SBRF-3.27,315.42,324.98,3.0308794623042257,,0,0,0.0
2026-03-06,SBRF-3.27,314.47,324.19,3.090914872642858,,0,0,0.0
2026-03-09,SBRF-3.27,316.35,325.54,2.90501027343133,,0,0,0.0
2026-03-10,SBRF-3.27,314.28,322.78,2.704594628993262,,0,0,0.0
2026-03-11,SBRF-3.27,314.71,322.89,2.599218327984487,,0,0,0.0
2026-03-12,SBRF-3.27,317.17,325.35,2.5790585490431006,,0,0,0.0
2026-03-13,SBRF-3.27,316.63,325.02,2.6497805009001008,,0,0,0.0
2026-03-16,SBRF-3.27,316.14,324.73,2.717150629467957,8,8,10,0.0
2026-03-17,SBRF-3.27,318.02,337.0,5.968178102006161,2,2,10,0.0
2026-03-18,SBRF-3.27,321.67,340.04,5.710821649516595,2,2,12,0.0
2026-03-19,SBRF-3.27,320.01,341.38,6.677916315115162,3,3,14,0.0
2026-03-20,SBRF-3.27,320.46,339.46,5.928977095425325,4,4,20,0.0
2026-03-23,SBRF-3.27,317.54,330.47,4.0719279460855295,2,2,20,0.0
2026-03-24,SBRF-3.27,317.38,329.42,3.793559770621968,1,1,22,0.0
2026-03-25,SBRF-3.27,317.32,334.96,5.5590571032396285,1,1,24,0.0
2026-03-26,SBRF-3.27,315.56,329.49,4.414374445430358,2,2,24,0.0
2026-03-27,SBRF-3.27,314.16,328.0,4.405398523045578,0,0,24,0.0
2026-03-30,SBRF-3.27,314.5,324.11,3.0556438791732976,18,16,46,0.0
2026-03-31,SBRF-3.27,314.35,325.18,3.445204390011125,2,2,46,0.0
2026-04-01,SBRF-3.27,316.5,326.54,3.172195892575047,0,0,46,0.0
2026-04-02,SBRF-3.27,316.2,326.1,3.130929791271364,0,0,46,0.0
2026-04-03,SBRF-3.27,315.0,323.83,2.8031746031746074,13,11,50,0.0
2026-04-06,SBRF-3.27,319.47,327.5,2.513538047390984,6,6,52,0.0
2026-04-07,SBRF-3.27,318.77,328.95,3.193525112149831,3,3,54,0.0
2026-04-08,SBRF-3.27,319.49,331.83,3.8624057090988595,6,6,60,0.0
2026-04-09,SBRF-3.27,317.23,324.33,2.2381237587869807,11,9,54,0.0
2026-04-10,SBRF-3.27,317.54,326.12,2.702021792530074,0,0,54,0.0
2026-04-13,SBRF-3.27,316.24,326.4,3.2127498102706653,6,6,62,0.0
2026-04-14,SBRF-3.27,317.5,325.64,2.5637795275590403,0,0,62,0.0
2026-04-15,SBRF-3.27,320.64,327.9,2.2642215568862145,1,1,64,0.0
2026-04-16,SBRF-3.27,321.71,330.0,2.5768549314600264,2,2,68,0.0
2026-04-17,SBRF-3.27,323.76,329.0,1.6184828267852724,1,1,68,0.0
2026-04-20,SBRF-3.27,325.22,330.0,1.469774306623206,3,3,72,0.0
2026-04-21,SBRF-3.27,323.7,328.0,1.3283904850169836,4,3,76,0.0
2026-04-22,SBRF-3.27,325.26,329.0,1.1498493512882124,4,4,84,0.0
2026-04-23,SBRF-3.27,327.51,333.0,1.676284693597152,29,12,134,0.0
2026-04-24,SBRF-3.27,324.8,332.0,2.2167487684729092,1,1,134,0.0
2026-04-27,SBRF-3.27,322.98,330.0,2.1735091956158303,6,6,138,0.0
2026-04-28,SBRF-3.27,320.0,325.33,1.665625000000004,6,6,136,0.0
2026-04-29,SBRF-3.27,316.46,320.89,1.3998609618909308,9,9,144,0.0
2026-04-30,SBRF-3.27,319.59,321.27,0.525673519196479,3,3,150,0.0
2026-05-04,SBRF-3.27,320.12,327.71,2.3709858802948736,8,7,154,0.0
2026-05-05,SBRF-3.27,322.0,325.55,1.102484472049703,3,2,160,0.0
2026-05-06,SBRF-3.27,320.0,326.4,2.0000000000000018,4,4,162,0.0
2026-05-07,SBRF-3.27,319.27,322.03,0.8644720769254821,5,5,170,0.0
2026-05-08,SBRF-3.27,318.4,321.2,0.8793969849246297,2,2,170,0.0
2026-05-11,SBRF-3.27,323.0,324.9,0.588235294117645,5,4,172,0.0
2026-05-12,SBRF-3.27,325.6,326.28,0.20884520884518754,3,3,178,0.0
2026-05-13,SBRF-3.27,326.9,325.83,-0.327317222392165,5,5,182,0.0
2026-05-14,SBRF-3.27,325.08,327.86,0.8551741109880773,2,2,180,0.0
2026-05-15,SBRF-3.27,322.88,324.17,0.3995292368681902,2,2,184,0.0
2026-05-18,SBRF-3.27,325.23,325.0,-0.07071918334717875,4,4,188,0.0
2026-05-19,SBRF-3.27,323.66,325.02,0.42019403077302453,0,0,188,0.0
2026-05-20,SBRF-3.27,323.62,324.72,0.3399048266485405,1,1,188,0.0
2026-05-21,SBRF-3.27,323.88,327.69,1.176361615413124,30,20,218,0.0
2026-05-22,SBRF-3.27,322.35,324.35,0.6204436171862948,0,0,218,0.0
2026-05-25,SBRF-3.27,320.6,325.5,1.5283842794759694,48,37,264,0.0
2026-05-26,SBRF-3.27,320.14,325.0,1.518085837446126,16,14,274,0.0
2026-05-27,SBRF-3.27,322.01,324.81,0.8695382130989859,21,18,274,0.0
2026-05-28,SBRF-3.27,322.3,318.41,-1.2069500465404892,33,14,246,0.0
2026-05-29,SBRF-3.27,320.84,317.4,-1.072185513028301,22,15,276,0.0
2026-06-01,SBRF-3.27,322.46,318.21,-1.3179929293555825,13,11,298,0.0
2026-06-02,SBRF-3.27,326.4,324.5,-0.5821078431372473,2,2,300,0.0
2026-06-03,SBRF-3.27,324.02,325.11,0.33639898771682386,5,5,302,0.0
2026-06-04,SBRF-3.27,322.9,321.81,-0.33756580984823925,10,9,304,0.0
2026-06-05,SBRF-3.27,322.18,323.6,0.4407474082810836,6,4,304,0.0
2026-06-08,SBRF-3.27,319.5,322.47,0.9295774647887445,158,91,478,0.0
2026-06-09,SBRF-3.27,321.23,323.93,0.8405192541169892,84,29,522,0.0
2026-06-10,SBRF-3.27,321.89,322.28,0.12115940228027977,45,24,448,0.0
2026-06-11,SBRF-3.27,321.63,321.57,-0.01865497621490464,0,0,448,0.0
2026-06-15,SBRF-3.27,323.25,323.15,-0.030935808197996018,8,8,452,0.0
2026-06-16,SBRF-3.27,320.11,320.55,0.13745275061698425,36,28,516,0.0
2026-06-17,SBRF-3.27,319.0,318.0,-0.31347962382445305,105,67,580,0.0
2026-06-18,SBRF-3.27,315.47,313.3,-0.687862554284091,81,52,676,0.0
2026-06-19,SBRF-3.27,313.86,311.5,-0.7519276110367734,106,68,828,0.0
2026-06-22,SBRF-3.27,305.44,301.13,-1.4110790990047195,186,118,978,0.0
2026-06-23,SBRF-3.27,307.94,304.99,-0.9579788270442258,131,77,952,0.0
2026-06-24,SBRF-3.27,299.35,295.5,-1.2861199265074452,92,60,1008,0.0
2026-06-25,SBRF-3.27,299.01,295.17,-1.284237985351655,67,56,1048,0.0
2026-06-26,SBRF-3.27,297.85,293.39,-1.4973980191371639,163,118,1174,0.0
2026-06-29,SBRF-3.27,307.14,303.72,-1.11349873022073,310,179,1162,0.0
2026-06-30,SBRF-3.27,307.15,303.13,-1.3088067719355334,127,85,1170,0.0
2026-07-01,SBRF-3.27,306.68,302.45,-1.3792878570497047,102,60,1168,0.0
2026-07-02,SBRF-3.27,301.8,298.53,-1.083499005964228,142,65,1260,0.0
2026-07-03,SBRF-3.27,301.75,296.68,-1.6801988400994228,226,65,1546,0.0
2026-07-06,SBRF-3.27,298.68,293.0,-1.9017008169278204,80,73,1564,0.0
2026-07-07,SBRF-3.27,296.93,291.61,-1.7916680699154641,136,87,1638,0.0
2026-07-08,SBRF-3.27,298.49,293.85,-1.5544909377198546,83,70,1692,0.0
2026-07-09,SBRF-3.27,295.0,290.0,-1.6949152542372836,86,45,1820,0.0
2026-07-10,SBRF-3.27,291.03,285.6,-1.8657870322646986,226,96,2062,0.0
2026-07-13,SBRF-3.27,293.3,288.32,-1.6979202182066166,106,88,1980,0.0
2026-07-14,SBRF-3.27,294.79,288.83,-2.021778215000525,55,53,1998,0.0
2026-07-15,SBRF-3.27,287.9,281.22,-2.3202500868356846,270,145,1696,0.0
2026-07-16,SBRF-3.27,279.02,272.76,-2.2435667694072126,378,227,1688,0.0
2026-07-17,SBRF-3.27,277.23,269.27,-2.8712621289182394,311,229,1642,0.0
2026-07-20,SBRF-3.27,257.26,283.42,10.168700925134111,361,257,1724,0.0
2026-07-21,SBRF-3.27,263.13,288.53,9.653023220461353,115,94,1784,0.0
2026-07-22,SBRF-3.27,263.59,288.62,9.495807883455388,145,106,1722,0.0
2026-07-23,SBRF-3.27,264.14,289.0,9.411675626561689,37,27,1770,0.0
2026-07-24,SBRF-3.27,267.14,291.48,9.111327393875879,366,163,1510,0.0
2026-07-27,SBRF-3.27,274.0,298.18,8.824817518248175,180,123,1480,0.0
2026-07-28,SBRF-3.27,271.88,297.0,9.239370310431072,62,32,1458,0.0
2026-07-29,SBRF-3.27,275.3,300.07,8.99745731928805,148,90,1528,0.0
2026-07-30,SBRF-3.27,273.88,298.77,9.087921717540514,46,32,1526,0.0
2026-07-31,SBRF-3.27,275.6,299.5,8.67198838896952,19,16,1530,0.0
2026-08-03,SBRF-3.27,280.15,304.5,8.69177226485811,204,147,1422,0.0
2026-08-04,SBRF-3.27,284.18,308.57,8.582588500246313,351,182,1734,0.0
2026-08-05,SBRF-3.27,287.45,310.61,8.057053400591418,379,236,1532,0.0
2026-08-06,SBRF-3.27,284.91,309.39,8.592187006423057,76,54,1600,0.0
2026-08-07,SBRF-3.27,282.53,306.73,8.565462074823937,104,68,1718,0.0
2026-08-10,SBRF-3.27,283.58,307.7,8.505536356583686,220,121,2106,0.0
2026-08-11,SBRF-3.27,286.48,310.76,8.47528623289584,75,64,2182,0.0
2026-08-12,SBRF-3.27,284.5,308.56,8.456942003514945,46,34,2182,0.0
2026-08-13,SBRF-3.27,278.26,302.85,8.837058865808967,197,138,2284,0.0
2026-08-14,SBRF-3.27,272.85,296.01,8.488180318856497,413,210,2318,0.0
2026-08-17,SBRF-3.27,270.44,293.49,8.523147463392998,118,86,2350,0.0
2026-08-18,SBRF-3.27,276.23,299.08,8.272092097165395,123,86,2444,0.0
2026-08-19,SBRF-3.27,276.76,300.06,8.418846654140765,43,29,2516,0.0
2026-08-20,SBRF-3.27,270.66,293.89,8.582723712406693,198,105,2556,0.0
2026-08-21,SBRF-3.27,272.99,295.86,8.377596248946851,163,108,2674,0.0
2026-08-24,SBRF-3.27,269.16,291.49,8.296180710358136,413,282,2898,0.0
2026-08-25,SBRF-3.27,271.65,293.4,8.006626173384879,166,117,3026,0.0
2026-08-26,SBRF-3.27,267.8,290.51,8.48020911127707,504,259,3326,0.0
2026-08-27,SBRF-3.27,269.93,291.91,8.14285185047976,198,114,3404,0.0
2026-08-28,SBRF-3.27,268.39,289.69,7.936212228473494,90,69,3450,0.0
2026-08-31,SBRF-3.27,275.49,296.86,7.7570873715924415,594,412,3572,0.0
2026-09-01,SBRF-3.27,275.37,296.39,7.633366016632159,709,394,4426,0.0
2026-09-02,SBRF-3.27,274.49,295.5,7.654195052643087,196,136,4306,0.0
2026-09-03,SBRF-3.27,276.91,298.3,7.724531436206705,548,345,4372,0.0
2026-09-04,SBRF-3.27,279.76,301.3,7.699456677151861,480,250,4342,0.0
2026-09-07,SBRF-3.27,279.61,301.15,7.7035871392296285,304,178,4218,0.0
2026-09-08,SBRF-3.27,278.44,299.75,7.6533544031029965,370,216,4380,0.0
2026-09-09,SBRF-3.27,277.6,298.19,7.417146974063393,251,159,4568,0.0
2026-09-10,SBRF-3.27,285.15,305.07,6.985796948974232,621,290,4198,0.0
2026-09-11,SBRF-3.27,283.22,303.83,7.277028458442181,239,159,4338,0.0
2026-09-14,SBRF-3.27,288.11,308.32,7.014681892332786,727,336,3758,0.0
2026-09-15,SBRF-3.27,284.31,304.67,7.161197284654075,315,200,4130,0.0
2026-09-16,SBRF-3.27,279.68,300.5,7.444221967963394,1141,653,5406,0.0
2026-09-17,SBRF-3.27,275.18,295.2,7.275238026019326,2279,854,7740,0.0
2026-09-18,SBRF-3.27,277.88,297.53,7.071397725636963,883,328,7820,0.0
2026-09-21,SBRF-3.27,277.23,296.84,7.073549038704319,1572,718,8044,0.0
2026-09-22,SBRF-3.27,281.0,300.62,6.982206405693958,1409,582,6748,0.0
2026-09-23,SBRF-3.27,279.66,298.72,6.815418722734745,987,445,6676,0.0
2026-09-24,SBRF-3.27,279.55,299.22,7.036308352709719,505,240,6778,0.0
2026-09-25,SBRF-3.27,276.2,294.6,6.661839246922541,1253,498,7624,0.0
2026-09-28,SBRF-3.27,273.0,291.69,6.846153846153835,3991,1977,8910,0.0
2026-09-29,SBRF-3.27,275.5,293.91,6.682395644283123,1456,962,9280,0.0
2026-06-03,SBRF-6.27,324.02,328.12,1.265353990494411,0,0,0,0.0
2026-06-04,SBRF-6.27,322.9,326.73,1.1861257355218369,3,1,6,0.0
2026-06-05,SBRF-6.27,322.18,325.52,1.0366875659569175,0,0,6,0.0
2026-06-08,SBRF-6.27,319.5,327.0,2.3474178403755763,4,4,14,0.0
2026-06-09,SBRF-6.27,321.23,325.0,1.1736139214892694,2,2,18,0.0
2026-06-10,SBRF-6.27,321.89,324.89,0.9319954021560051,7,7,26,0.0
2026-06-11,SBRF-6.27,321.63,324.56,0.9109846718278858,0,0,26,0.0
2026-06-15,SBRF-6.27,323.25,321.15,-0.6496519721577831,2,2,24,0.0
2026-06-16,SBRF-6.27,320.11,322.15,0.6372809346786967,2,2,26,0.0
2026-06-17,SBRF-6.27,319.0,321.15,0.6739811912225724,5,3,28,0.0
2026-06-18,SBRF-6.27,315.47,318.5,0.9604716771800748,0,0,28,0.0
2026-06-19,SBRF-6.27,313.86,319.5,1.796979545020072,5,2,38,0.0
2026-06-22,SBRF-6.27,305.44,314.49,2.9629387113672134,6,6,42,0.0
2026-06-23,SBRF-6.27,307.94,308.37,0.13963759173865053,18,13,66,0.0
2026-06-24,SBRF-6.27,299.35,303.15,1.269417070319001,4,4,68,0.0
2026-06-25,SBRF-6.27,299.01,304.96,1.9899000033443581,5,5,70,0.0
2026-06-26,SBRF-6.27,297.85,300.84,1.003861003860984,26,21,90,0.0
2026-06-29,SBRF-6.27,307.14,312.5,1.7451325128605921,70,40,202,0.0
2026-06-30,SBRF-6.27,307.15,307.51,0.11720657659124445,101,33,170,0.0
2026-07-01,SBRF-6.27,306.68,311.43,1.5488457023607571,7,6,174,0.0
2026-07-02,SBRF-6.27,301.8,307.0,1.7229953611663351,7,4,174,0.0
2026-07-03,SBRF-6.27,301.75,307.0,1.73985086992543,37,10,190,0.0
2026-07-06,SBRF-6.27,298.68,300.56,0.6294361858845576,33,24,196,0.0
2026-07-07,SBRF-6.27,296.93,302.12,1.7478867073047466,58,33,272,0.0
2026-07-08,SBRF-6.27,298.49,300.63,0.7169419411035438,47,25,246,0.0
2026-07-09,SBRF-6.27,295.0,300.31,1.8000000000000016,4,2,250,0.0
2026-07-10,SBRF-6.27,291.03,299.0,2.7385492904511644,74,26,284,0.0
2026-07-13,SBRF-6.27,293.3,298.94,1.9229457892942392,10,10,282,0.0
2026-07-14,SBRF-6.27,294.79,297.95,1.0719495233895149,108,30,492,0.0
2026-07-15,SBRF-6.27,287.9,291.0,1.0767627648489153,25,14,526,0.0
2026-07-16,SBRF-6.27,279.02,285.54,2.3367500537595953,213,78,536,0.0
2026-07-17,SBRF-6.27,277.23,278.75,0.5482812105471968,243,115,606,0.0
2026-07-20,SBRF-6.27,257.26,295.1,14.7088548550105,74,44,594,0.0
2026-07-21,SBRF-6.27,263.13,298.13,13.301409949454634,18,16,602,0.0
2026-07-22,SBRF-6.27,263.59,300.2,13.888994271406352,11,11,612,0.0
2026-07-23,SBRF-6.27,264.14,301.0,13.954720981297797,11,8,630,0.0
2026-07-24,SBRF-6.27,267.14,300.34,12.427940405779747,24,18,624,0.0
2026-07-27,SBRF-6.27,274.0,307.33,12.164233576642335,91,47,658,0.0
2026-07-28,SBRF-6.27,271.88,306.27,12.648962777696028,11,10,656,0.0
2026-07-29,SBRF-6.27,275.3,309.0,12.241191427533593,16,6,678,0.0
2026-07-30,SBRF-6.27,273.88,308.71,12.717248429969331,28,14,696,0.0
2026-07-31,SBRF-6.27,275.6,307.5,11.57474600870827,8,7,694,0.0
2026-08-03,SBRF-6.27,280.15,310.85,10.958415134749266,123,45,756,0.0
2026-08-04,SBRF-6.27,284.18,312.5,9.965514814554144,114,24,940,0.0
2026-08-05,SBRF-6.27,287.45,315.11,9.622543050965394,24,18,960,0.0
2026-08-06,SBRF-6.27,284.91,317.27,11.357972693131146,16,12,956,0.0
2026-08-07,SBRF-6.27,282.53,316.99,12.196934838778194,11,11,956,0.0
2026-08-10,SBRF-6.27,283.58,315.87,11.38655758516116,7,7,962,0.0
2026-08-11,SBRF-6.27,286.48,313.88,9.56436749511309,31,22,962,0.0
2026-08-12,SBRF-6.27,284.5,315.11,10.75922671353251,3,3,962,0.0
2026-08-13,SBRF-6.27,278.26,310.86,11.715661611442552,28,16,958,0.0
2026-08-14,SBRF-6.27,272.85,305.11,11.823346160894266,87,37,950,0.0
2026-08-17,SBRF-6.27,270.44,300.51,11.118917319923094,9,9,944,0.0
2026-08-18,SBRF-6.27,276.23,305.5,10.596242261883205,17,9,930,0.0
2026-08-19,SBRF-6.27,276.76,307.01,10.930047694753586,0,0,930,0.0
2026-08-20,SBRF-6.27,270.66,303.0,11.948570161826645,55,25,908,0.0
2026-08-21,SBRF-6.27,272.99,303.51,11.179896699512803,27,15,896,0.0
2026-08-24,SBRF-6.27,269.16,302.15,12.25665031951253,261,71,1274,0.0
2026-08-25,SBRF-6.27,271.65,305.38,12.416712681759634,56,17,1196,0.0
2026-08-26,SBRF-6.27,267.8,298.78,11.568334578043293,81,42,1284,0.0
2026-08-27,SBRF-6.27,269.93,301.99,11.877153336050084,42,14,1288,0.0
2026-08-28,SBRF-6.27,268.39,298.36,11.166585938373274,27,16,1314,0.0
2026-08-31,SBRF-6.27,275.49,305.01,10.715452466514197,93,67,1338,0.0
2026-09-01,SBRF-6.27,275.37,305.5,10.941642154192532,20,18,1362,0.0
2026-09-02,SBRF-6.27,274.49,304.46,10.91843054391779,11,11,1370,0.0
2026-09-03,SBRF-6.27,276.91,305.4,10.28854140334403,290,114,1686,0.0
2026-09-04,SBRF-6.27,279.76,308.69,10.34100657706607,41,22,1722,0.0
2026-09-07,SBRF-6.27,279.61,308.56,10.353706948964625,55,31,1776,0.0
2026-09-08,SBRF-6.27,278.44,308.04,10.630656514868564,34,27,1808,0.0
2026-09-09,SBRF-6.27,277.6,307.1,10.626801152737752,63,36,1838,0.0
2026-09-10,SBRF-6.27,285.15,314.0,10.117482027003334,70,43,1812,0.0
2026-09-11,SBRF-6.27,283.22,311.51,9.98870136289809,52,29,1788,0.0
2026-09-14,SBRF-6.27,288.11,315.0,9.333240776092456,205,50,2018,0.0
2026-09-15,SBRF-6.27,284.31,312.0,9.739368998628262,23,13,2046,0.0
2026-09-16,SBRF-6.27,279.68,309.99,10.837385583524028,122,55,2082,0.0
2026-09-17,SBRF-6.27,275.18,305.32,10.952830874336783,518,178,2166,0.0
2026-09-18,SBRF-6.27,277.88,307.7,10.73125089966891,35,23,2212,0.0
2026-09-21,SBRF-6.27,277.23,307.06,10.760018756988776,41,22,2218,0.0
2026-09-22,SBRF-6.27,281.0,309.99,10.3167259786477,71,41,2204,0.0
2026-09-23,SBRF-6.27,279.66,308.17,10.194521919473631,34,19,2206,0.0
2026-09-24,SBRF-6.27,279.55,308.47,10.345197639062786,28,4,2174,0.0
2026-09-25,SBRF-6.27,276.2,304.27,10.162925416364942,36,25,2196,0.0
2026-09-28,SBRF-6.27,273.0,302.0,10.62271062271063,113,67,2326,0.0
2026-09-29,SBRF-6.27,275.5,303.64,10.214156079854808,136,75,2402,0.0
2026-03-16,CAL_12.26_3.27,316.14,-10.0,-103.16315556399063,,0,0,0.0
2026-03-17,CAL_12.26_3.27,318.02,1010.0,217.59008867366836,,0,0,0.0
2026-03-18,CAL_12.26_3.27,321.67,1416.0,340.20269220008083,,0,0,0.0
2026-03-19,CAL_12.26_3.27,320.01,1471.0,359.67313521452456,,0,0,0.0
2026-03-20,CAL_12.26_3.27,320.46,1449.0,352.16251638269995,,0,0,0.0
