family,year,month,cycle,quarter,entry,exit,days,business_days,direction,entry_swaprate,required_swaprate,swaprate_ratio,entry_gap_rub,quarter_pnl_rub,perp_pnl_rub,funding_rub,imoexdiv_points,dividend_adjustment_rub,capital_cost_rub,fees_rub,execution_buffer_rub,net_rub,return_on_im_pct,stress_net_rub,stress_return_on_im_pct,combined_im_rub,ratio_threshold
CNY,2025,3,CNY-2025-03,CRH5,2025-01-03,2025-03-20,76,54,LONG_QUARTERLY_SHORT_PERP,0.0111,0.010688309122273053,1.038517867795294,472.0,-2645.7999999999993,2275.0000000000005,608.33,0.0,-0.0,98.82869260273989,2.34,4.0000000000048885,132.36130739725644,5.856228592291606,78.94696109588196,3.492950167503559,2260.1800000000003,1.0
CNY,2025,6,CNY-2025-06,CRM5,2025-03-25,2025-06-19,86,62,LONG_QUARTERLY_SHORT_PERP,0.01115,0.010218600653999198,1.0911474454808336,516.0,-1158.900000000001,650.9999999999998,524.97,0.0,-0.0,111.21324054794539,2.34,4.0000000000048885,-100.48324054795148,-4.445806995369902,-160.08986082192857,-7.083058022897669,2260.1800000000003,1.0
CNY,2025,9,CNY-2025-09,CRU5,2025-07-03,2025-09-18,77,55,LONG_QUARTERLY_SHORT_PERP,0.01097,0.009783187018680039,1.1213114886850122,443.0,223.20000000000027,-714.9999999999999,470.13,0.0,-0.0,88.73528602739722,2.34,4.0000000000048885,-116.74528602740173,-5.165309224371587,-165.1129290411052,-7.305299977926766,2260.1800000000003,1.0
CNY,2025,12,CNY-2025-12,CRZ5,2025-09-25,2025-12-18,84,60,LONG_QUARTERLY_SHORT_PERP,0.01341,0.009119261351598257,1.470513836918353,454.0,-850.200000000001,339.0000000000004,369.34,0.0,-0.0,86.81568109589061,2.34,4.0000000000048885,-235.0156810958961,-10.398095775376124,-282.4235216438459,-12.495620775506636,2260.1800000000003,1.0
CNY,2026,3,CNY-2026-03,CRH6,2026-01-15,2026-03-19,63,45,LONG_QUARTERLY_SHORT_PERP,0.00894,0.007439962648401936,1.2016189358047737,267.0,925.4999999999995,-1318.0000000000014,128.71,0.0,-0.0,61.45831917808224,2.34,4.0000000000048885,-331.5883191780889,-14.670881043903089,-366.3174787671349,-16.207447139924025,2260.1800000000003,1.0
CNY,2026,6,CNY-2026-06,CRM6,2026-03-20,2026-06-18,90,64,SHORT_QUARTERLY_LONG_PERP,-0.01193,0.0010065404922945977,11.852478952737737,-24.0,1235.6,-1230.0000000000005,-280.06,0.0,0.0,82.07859150684936,2.34,4.0000000000048885,-362.8785915068548,-16.055296105038302,-407.917887260284,-18.048026584620867,2260.1800000000003,1.0
CNY,2026,9,CNY-2026-09,CRU6,2026-06-25,2026-09-17,84,60,LONG_QUARTERLY_SHORT_PERP,0.00835,0.00577760873059369,1.4452345926066161,267.0,1150.6000000000008,-1410.0000000000002,230.09,0.0,-0.0,73.31652383561651,2.34,4.0000000000048885,-108.9665238356208,-4.821143618456087,-149.624785753434,-6.620038481600314,2260.1800000000003,1.0
USD,2025,3,USD-2025-03,SiH5,2025-01-06,2025-03-20,73,53,LONG_QUARTERLY_SHORT_PERP,0.10168,0.07668239849056588,1.3259887797133725,2905.0,-20189.0,17280.0,4784.68,0.0,-0.0,1101.5071199999998,15.66,41.99999999999204,716.5128800000085,2.7320332672929393,123.75932000001475,0.4718890459828003,26226.36,1.0
USD,2025,6,USD-2025-06,SiM5,2025-03-21,2025-06-19,90,64,LONG_QUARTERLY_SHORT_PERP,0.0844,0.0837108933219177,1.0082319833266178,3949.0,-10105.0,6159.999999999996,5683.37,0.0,-0.0,1350.837172602741,15.66,41.99999999999204,329.87282739726317,1.2577911208313437,-387.5457589040993,-1.4776955662322155,26226.36,1.0
USD,2025,9,USD-2025-09,SiU5,2025-06-20,2025-09-18,90,64,LONG_QUARTERLY_SHORT_PERP,0.11772,0.07942393727739717,1.4821728062768968,3809.0,864.0,-4670.000000000002,3894.33,0.0,-0.0,1216.4719857534278,15.66,41.99999999999204,-1185.8019857534218,-4.52141275325063,-1836.0379786301216,-7.000735056752526,26226.36,1.0
USD,2025,12,USD-2025-12,SiZ5,2025-09-22,2025-12-18,87,63,SHORT_QUARTERLY_LONG_PERP,-0.06851,-0.023417703378995538,99.0,-2577.0,6567.0,-3989.999999999995,-3220.07,0.0,0.0,1044.024687123289,15.66,41.99999999999204,-1744.7546871232762,-6.652675732062232,-2308.767030684909,-8.803230912276462,26226.36,1.0
USD,2026,3,USD-2026-03,SiH6,2026-01-05,2026-03-19,73,53,LONG_QUARTERLY_SHORT_PERP,0.11735,0.07856162827604017,1.493731769250887,3278.0,3330.0,-6609.999999999999,1987.6,0.0,-0.0,828.1062986301378,15.66,41.99999999999204,-2178.166298630129,-8.305255851860986,-2634.2194479451878,-10.044167196458783,26226.36,1.0
USD,2026,6,USD-2026-06,SiM6,2026-03-20,2026-06-18,90,64,SHORT_QUARTERLY_LONG_PERP,-0.12726,0.03290737593321906,3.8672181050915904,1096.0,9545.0,-10640.0,-3803.88,0.0,0.0,952.4120597260276,15.66,41.99999999999204,-5908.952059726019,-22.530583961045373,-6427.158089589022,-24.50648160701303,26226.36,1.0
USD,2026,9,USD-2026-09,SiU6,2026-06-22,2026-09-17,87,63,LONG_QUARTERLY_SHORT_PERP,0.11016,0.05312884415307662,2.0734499640647797,2408.0,8331.0,-10740.00000000001,706.36,0.0,-0.0,881.457181643835,15.66,41.99999999999204,-2641.757181643836,-10.07290825583053,-3124.4857724657477,-11.913531929195464,26226.36,1.0
EUR,2025,3,EUR-2025-03,EuH5,2025-01-03,2025-03-20,76,54,LONG_QUARTERLY_SHORT_PERP,0.1061,0.06012017286656537,1.7647986514524046,1896.0,-15533.0,13640.0,3979.48,0.0,-0.0,1304.6893347945197,17.8,28.000000000010232,735.9906652054701,2.4666368561961636,55.64599780819658,0.18649485052258033,29837.82,1.0
EUR,2025,6,EUR-2025-06,EuM5,2025-03-21,2025-06-19,90,64,LONG_QUARTERLY_SHORT_PERP,0.09246,0.08752581404109602,1.056374065331026,4019.0,-5611.0,1590.0000000000034,5387.69,0.0,-0.0,1536.8520986301355,17.8,28.000000000010232,-215.96209863014252,-0.7237864516581389,-1012.3881479452268,-3.3929695532221418,29837.82,1.0
EUR,2025,9,EUR-2025-09,EuU5,2025-06-20,2025-09-18,90,64,LONG_QUARTERLY_SHORT_PERP,0.13476,0.08963725567637004,1.5033927464997692,4307.0,4530.0,-8840.000000000004,2161.12,0.0,-0.0,1383.984363287673,17.8,28.000000000010232,-3578.6643632876867,-11.993719257263722,-4298.656544931528,-14.406737975266045,29837.82,1.0
EUR,2025,12,EUR-2025-12,EuZ5,2025-09-19,2025-12-18,90,64,SHORT_QUARTERLY_LONG_PERP,-0.0517,-0.032839348767123126,99.0,-3377.0,8005.0,-4629.999999999995,-2552.27,0.0,0.0,1229.4816789041095,17.8,28.000000000010232,-452.55167890411514,-1.5167049030529547,-1095.2925183561847,-3.6708195114662687,29837.82,1.0
EUR,2026,3,EUR-2026-03,EuH6,2026-01-05,2026-03-19,73,53,LONG_QUARTERLY_SHORT_PERP,0.13814,0.08496112047040595,1.625920176607341,3515.0,1311.0,-4829.999999999998,2689.38,0.0,-0.0,942.1393849315057,17.8,28.000000000010232,-1817.559384931514,-6.091461725191431,-2316.6290773972787,-7.764069484289665,29837.82,1.0
EUR,2026,6,EUR-2026-06,EuM6,2026-03-20,2026-06-18,90,64,SHORT_QUARTERLY_LONG_PERP,-0.14538,0.03472441370291112,4.1866797591981255,1093.0,11166.0,-12260.000000000005,-2681.22,0.0,0.0,1083.5624769863014,17.8,28.000000000010232,-4904.582476986317,-16.43746921519842,-5474.3637154794815,-18.347063275666525,29837.82,1.0
EUR,2026,9,EUR-2026-09,EuU6,2026-06-19,2026-09-17,90,64,LONG_QUARTERLY_SHORT_PERP,0.12755,0.05054995327696936,2.5232466447820037,2151.0,11177.0,-13329.999999999998,606.0699999999999,0.0,-0.0,1038.3970097260292,17.8,28.000000000010232,-2631.1270097260376,-8.818093981819173,-3178.325514589057,-10.652003110780402,29837.82,1.0
IMOEX,2025,3,IMOEX-2025-03,MMH5,2025-01-03,2025-03-20,76,54,LONG_QUARTERLY_SHORT_PERP,3.12257,2.3581156225266398,1.3241801929348458,1035.5,2641.2999999999965,-3945.0,2091.9779,13.22,-132.20000000000002,218.88243616438385,6.0,13.000000000001819,418.19546383561067,8.35426845091985,295.75424575341754,5.908266775209759,5005.77,1.0
IMOEX,2025,6,IMOEX-2025-06,MMM5,2025-03-21,2025-06-19,90,64,LONG_QUARTERLY_SHORT_PERP,4.8345,2.8372366267123317,1.703946704509455,1539.0,-5769.100000000003,4075.0,1995.851,65.64,-656.4,257.8314410958906,6.0,13.000000000001819,-631.4804410958955,-12.615051053002743,-773.3961616438422,-15.45009382460325,5005.77,1.0
IMOEX,2025,9,IMOEX-2025-09,MMU5,2025-06-20,2025-09-18,90,64,LONG_QUARTERLY_SHORT_PERP,4.176,1.1620085021404143,3.593777491565533,492.5,-149.20000000000073,-425.0,1741.7305,93.47999999999999,-934.8,232.18544136986336,6.0,13.000000000001819,-18.454941369865963,-0.3686733783187394,-147.54766205479882,-2.9475517663575994,5005.77,1.0
IMOEX,2025,12,IMOEX-2025-12,MMZ5,2025-09-19,2025-12-18,90,64,LONG_QUARTERLY_SHORT_PERP,2.99219,1.8558830513698656,1.6122729273223346,962.5,-798.6000000000013,-50.0,1424.1058,19.46,-194.60000000000002,206.2651528767122,6.0,13.000000000001819,155.64064712328474,3.1092248969346317,39.50807068492617,0.7892506184847918,5005.77,1.0
IMOEX,2026,3,IMOEX-2026-03,MMH6,2026-01-05,2026-03-19,73,53,LONG_QUARTERLY_SHORT_PERP,1.80323,1.3331300038769747,1.3526287719546426,529.5,648.100000000004,-1120.0,816.132,45.37,-453.7,158.05890205479477,6.0,13.000000000001819,-286.52690205479263,-5.723932622849085,-378.55635308219144,-7.562400051983839,5005.77,1.0
IMOEX,2026,6,IMOEX-2026-06,MMM6,2026-03-24,2026-06-18,86,62,LONG_QUARTERLY_SHORT_PERP,1.50352,1.4352427432611605,1.0475719226308016,697.5,-4767.199999999998,3965.0,953.7518,42.22,-422.2,173.35050082191762,6.0,13.000000000001819,-462.9987008219174,-9.249300323864608,-562.6739512328788,-11.240507479026778,5005.77,1.0
IMOEX,2026,9,IMOEX-2026-09,MMU6,2026-06-19,2026-09-17,90,64,LONG_QUARTERLY_SHORT_PERP,1.47845,0.39329320815496815,3.7591546697075193,58.5,-1684.2000000000007,1715.0,653.1945000000001,89.28,-892.8,174.20765321917779,6.0,13.000000000001819,-402.01315321918025,-8.030995295812238,-502.1169798287716,-10.03076409481002,5005.77,1.0
CNY,2025,3,CNY-2025-03,CRH5,2025-01-08,2025-03-20,71,51,LONG_QUARTERLY_SHORT_PERP,0.0114,0.010091505979049254,1.1296629089520713,416.0,-2357.7999999999993,2043.0000000000011,589.89,0.0,-0.0,92.326804931507,2.34,4.0000000000048885,176.42319506848995,7.805714370912491,126.25979260273189,5.586271562562799,2260.1800000000003,1.1
CNY,2025,6,CNY-2025-06,CRM5,2025-03-27,2025-06-19,84,60,LONG_QUARTERLY_SHORT_PERP,0.01568,0.01048254142465762,1.4958204661244292,514.0,-1073.9,567.9999999999997,500.88,0.0,-0.0,108.61248547945223,2.34,4.0000000000048885,-119.97248547945756,-5.308094288041552,-178.27872821918808,-7.887811068993976,2260.1800000000003,1.1
CNY,2025,9,CNY-2025-09,CRU5,2025-07-03,2025-09-18,77,55,LONG_QUARTERLY_SHORT_PERP,0.01097,0.009783187018680039,1.1213114886850122,443.0,223.20000000000027,-714.9999999999999,470.13,0.0,-0.0,88.73528602739722,2.34,4.0000000000048885,-116.74528602740173,-5.165309224371587,-165.1129290411052,-7.305299977926766,2260.1800000000003,1.1
CNY,2025,12,CNY-2025-12,CRZ5,2025-09-25,2025-12-18,84,60,LONG_QUARTERLY_SHORT_PERP,0.01341,0.009119261351598257,1.470513836918353,454.0,-850.200000000001,339.0000000000004,369.34,0.0,-0.0,86.81568109589061,2.34,4.0000000000048885,-235.0156810958961,-10.398095775376124,-282.4235216438459,-12.495620775506636,2260.1800000000003,1.1
CNY,2026,3,CNY-2026-03,CRH6,2026-01-15,2026-03-19,63,45,LONG_QUARTERLY_SHORT_PERP,0.00894,0.007439962648401936,1.2016189358047737,267.0,925.4999999999995,-1318.0000000000014,128.71,0.0,-0.0,61.45831917808224,2.34,4.0000000000048885,-331.5883191780889,-14.670881043903089,-366.3174787671349,-16.207447139924025,2260.1800000000003,1.1
CNY,2026,6,CNY-2026-06,CRM6,2026-03-20,2026-06-18,90,64,SHORT_QUARTERLY_LONG_PERP,-0.01193,0.0010065404922945977,11.852478952737737,-24.0,1235.6,-1230.0000000000005,-280.06,0.0,0.0,82.07859150684936,2.34,4.0000000000048885,-362.8785915068548,-16.055296105038302,-407.917887260284,-18.048026584620867,2260.1800000000003,1.1
CNY,2026,9,CNY-2026-09,CRU6,2026-06-25,2026-09-17,84,60,LONG_QUARTERLY_SHORT_PERP,0.00835,0.00577760873059369,1.4452345926066161,267.0,1150.6000000000008,-1410.0000000000002,230.09,0.0,-0.0,73.31652383561651,2.34,4.0000000000048885,-108.9665238356208,-4.821143618456087,-149.624785753434,-6.620038481600314,2260.1800000000003,1.1
USD,2025,3,USD-2025-03,SiH5,2025-01-06,2025-03-20,73,53,LONG_QUARTERLY_SHORT_PERP,0.10168,0.07668239849056588,1.3259887797133725,2905.0,-20189.0,17280.0,4784.68,0.0,-0.0,1101.5071199999998,15.66,41.99999999999204,716.5128800000085,2.7320332672929393,123.75932000001475,0.4718890459828003,26226.36,1.1
USD,2025,6,USD-2025-06,SiM5,2025-04-01,2025-06-19,79,57,LONG_QUARTERLY_SHORT_PERP,0.0855,0.0746932745205478,1.1446813725709577,3015.0,-9401.0,6390.000000000001,5093.45,0.0,-0.0,1184.856647671233,15.66,41.99999999999204,839.9333523287756,3.202630301455389,205.50502849316587,0.7835819705562108,26226.36,1.1
USD,2025,9,USD-2025-09,SiU5,2025-06-20,2025-09-18,90,64,LONG_QUARTERLY_SHORT_PERP,0.11772,0.07942393727739717,1.4821728062768968,3809.0,864.0,-4670.000000000002,3894.33,0.0,-0.0,1216.4719857534278,15.66,41.99999999999204,-1185.8019857534218,-4.52141275325063,-1836.0379786301216,-7.000735056752526,26226.36,1.1
USD,2025,12,USD-2025-12,SiZ5,2025-09-22,2025-12-18,87,63,SHORT_QUARTERLY_LONG_PERP,-0.06851,-0.023417703378995538,99.0,-2577.0,6567.0,-3989.999999999995,-3220.07,0.0,0.0,1044.024687123289,15.66,41.99999999999204,-1744.7546871232762,-6.652675732062232,-2308.767030684909,-8.803230912276462,26226.36,1.1
USD,2026,3,USD-2026-03,SiH6,2026-01-05,2026-03-19,73,53,LONG_QUARTERLY_SHORT_PERP,0.11735,0.07856162827604017,1.493731769250887,3278.0,3330.0,-6609.999999999999,1987.6,0.0,-0.0,828.1062986301378,15.66,41.99999999999204,-2178.166298630129,-8.305255851860986,-2634.2194479451878,-10.044167196458783,26226.36,1.1
USD,2026,6,USD-2026-06,SiM6,2026-03-20,2026-06-18,90,64,SHORT_QUARTERLY_LONG_PERP,-0.12726,0.03290737593321906,3.8672181050915904,1096.0,9545.0,-10640.0,-3803.88,0.0,0.0,952.4120597260276,15.66,41.99999999999204,-5908.952059726019,-22.530583961045373,-6427.158089589022,-24.50648160701303,26226.36,1.1
USD,2026,9,USD-2026-09,SiU6,2026-06-22,2026-09-17,87,63,LONG_QUARTERLY_SHORT_PERP,0.11016,0.05312884415307662,2.0734499640647797,2408.0,8331.0,-10740.00000000001,706.36,0.0,-0.0,881.457181643835,15.66,41.99999999999204,-2641.757181643836,-10.07290825583053,-3124.4857724657477,-11.913531929195464,26226.36,1.1
EUR,2025,3,EUR-2025-03,EuH5,2025-01-03,2025-03-20,76,54,LONG_QUARTERLY_SHORT_PERP,0.1061,0.06012017286656537,1.7647986514524046,1896.0,-15533.0,13640.0,3979.48,0.0,-0.0,1304.6893347945197,17.8,28.000000000010232,735.9906652054701,2.4666368561961636,55.64599780819658,0.18649485052258033,29837.82,1.1
EUR,2025,6,EUR-2025-06,EuM5,2025-03-27,2025-06-19,84,60,LONG_QUARTERLY_SHORT_PERP,0.092,0.08091083848401842,1.1370540921803933,3375.0,-4077.0,700.0000000000028,5178.33,0.0,-0.0,1433.850309041095,17.8,28.000000000010232,321.6796909588974,1.0780938116755763,-423.2454635616644,-1.4184865501623927,29837.82,1.1
EUR,2025,9,EUR-2025-09,EuU5,2025-06-20,2025-09-18,90,64,LONG_QUARTERLY_SHORT_PERP,0.13476,0.08963725567637004,1.5033927464997692,4307.0,4530.0,-8840.000000000004,2161.12,0.0,-0.0,1383.984363287673,17.8,28.000000000010232,-3578.6643632876867,-11.993719257263722,-4298.656544931528,-14.406737975266045,29837.82,1.1
EUR,2025,12,EUR-2025-12,EuZ5,2025-09-19,2025-12-18,90,64,SHORT_QUARTERLY_LONG_PERP,-0.0517,-0.032839348767123126,99.0,-3377.0,8005.0,-4629.999999999995,-2552.27,0.0,0.0,1229.4816789041095,17.8,28.000000000010232,-452.55167890411514,-1.5167049030529547,-1095.2925183561847,-3.6708195114662687,29837.82,1.1
EUR,2026,3,EUR-2026-03,EuH6,2026-01-05,2026-03-19,73,53,LONG_QUARTERLY_SHORT_PERP,0.13814,0.08496112047040595,1.625920176607341,3515.0,1311.0,-4829.999999999998,2689.38,0.0,-0.0,942.1393849315057,17.8,28.000000000010232,-1817.559384931514,-6.091461725191431,-2316.6290773972787,-7.764069484289665,29837.82,1.1
EUR,2026,6,EUR-2026-06,EuM6,2026-03-20,2026-06-18,90,64,SHORT_QUARTERLY_LONG_PERP,-0.14538,0.03472441370291112,4.1866797591981255,1093.0,11166.0,-12260.000000000005,-2681.22,0.0,0.0,1083.5624769863014,17.8,28.000000000010232,-4904.582476986317,-16.43746921519842,-5474.3637154794815,-18.347063275666525,29837.82,1.1
EUR,2026,9,EUR-2026-09,EuU6,2026-06-19,2026-09-17,90,64,LONG_QUARTERLY_SHORT_PERP,0.12755,0.05054995327696936,2.5232466447820037,2151.0,11177.0,-13329.999999999998,606.0699999999999,0.0,-0.0,1038.3970097260292,17.8,28.000000000010232,-2631.1270097260376,-8.818093981819173,-3178.325514589057,-10.652003110780402,29837.82,1.1
IMOEX,2025,3,IMOEX-2025-03,MMH5,2025-01-03,2025-03-20,76,54,LONG_QUARTERLY_SHORT_PERP,3.12257,2.3581156225266398,1.3241801929348458,1035.5,2641.2999999999965,-3945.0,2091.9779,13.22,-132.20000000000002,218.88243616438385,6.0,13.000000000001819,418.19546383561067,8.35426845091985,295.75424575341754,5.908266775209759,5005.77,1.1
IMOEX,2025,6,IMOEX-2025-06,MMM5,2025-03-21,2025-06-19,90,64,LONG_QUARTERLY_SHORT_PERP,4.8345,2.8372366267123317,1.703946704509455,1539.0,-5769.100000000003,4075.0,1995.851,65.64,-656.4,257.8314410958906,6.0,13.000000000001819,-631.4804410958955,-12.615051053002743,-773.3961616438422,-15.45009382460325,5005.77,1.1
IMOEX,2025,9,IMOEX-2025-09,MMU5,2025-06-20,2025-09-18,90,64,LONG_QUARTERLY_SHORT_PERP,4.176,1.1620085021404143,3.593777491565533,492.5,-149.20000000000073,-425.0,1741.7305,93.47999999999999,-934.8,232.18544136986336,6.0,13.000000000001819,-18.454941369865963,-0.3686733783187394,-147.54766205479882,-2.9475517663575994,5005.77,1.1
IMOEX,2025,12,IMOEX-2025-12,MMZ5,2025-09-19,2025-12-18,90,64,LONG_QUARTERLY_SHORT_PERP,2.99219,1.8558830513698656,1.6122729273223346,962.5,-798.6000000000013,-50.0,1424.1058,19.46,-194.60000000000002,206.2651528767122,6.0,13.000000000001819,155.64064712328474,3.1092248969346317,39.50807068492617,0.7892506184847918,5005.77,1.1
IMOEX,2026,3,IMOEX-2026-03,MMH6,2026-01-05,2026-03-19,73,53,LONG_QUARTERLY_SHORT_PERP,1.80323,1.3331300038769747,1.3526287719546426,529.5,648.100000000004,-1120.0,816.132,45.37,-453.7,158.05890205479477,6.0,13.000000000001819,-286.52690205479263,-5.723932622849085,-378.55635308219144,-7.562400051983839,5005.77,1.1
IMOEX,2026,6,IMOEX-2026-06,MMM6,2026-03-26,2026-06-18,84,60,LONG_QUARTERLY_SHORT_PERP,2.26858,1.3520602821917835,1.6778689751336193,623.0,-4527.7,3800.0,919.4617,42.22,-422.2,169.23616931506834,6.0,13.000000000001819,-418.67446931507004,-8.363837517805853,-516.2925539726068,-10.313948782557064,5005.77,1.1
IMOEX,2026,9,IMOEX-2026-09,MMU6,2026-06-19,2026-09-17,90,64,LONG_QUARTERLY_SHORT_PERP,1.47845,0.39329320815496815,3.7591546697075193,58.5,-1684.2000000000007,1715.0,653.1945000000001,89.28,-892.8,174.20765321917779,6.0,13.000000000001819,-402.01315321918025,-8.030995295812238,-502.1169798287716,-10.03076409481002,5005.77,1.1
CNY,2025,3,CNY-2025-03,CRH5,2025-01-09,2025-03-20,70,50,LONG_QUARTERLY_SHORT_PERP,0.02085,0.012187328547945308,1.7107932979713716,512.0,-2510.7999999999997,2099.9999999999995,569.04,0.0,-0.0,91.02642739726042,2.34,4.0000000000048885,60.87357260273447,2.6933064004961755,11.360358904099687,0.502630715434155,2260.1800000000003,1.25
CNY,2025,6,CNY-2025-06,CRM5,2025-03-27,2025-06-19,84,60,LONG_QUARTERLY_SHORT_PERP,0.01568,0.01048254142465762,1.4958204661244292,514.0,-1073.9,567.9999999999997,500.88,0.0,-0.0,108.61248547945223,2.34,4.0000000000048885,-119.97248547945756,-5.308094288041552,-178.27872821918808,-7.887811068993976,2260.1800000000003,1.25
CNY,2025,9,CNY-2025-09,CRU5,2025-07-23,2025-09-18,57,41,LONG_QUARTERLY_SHORT_PERP,0.01341,0.009324541222853443,1.4381404596221357,312.0,381.19999999999976,-741.9999999999991,358.87,0.0,-0.0,63.96619013698625,2.34,4.0000000000048885,-72.23619013699047,-3.196037047358638,-108.21928520548852,-4.788082595434369,2260.1800000000003,1.25
CNY,2025,12,CNY-2025-12,CRZ5,2025-09-25,2025-12-18,84,60,LONG_QUARTERLY_SHORT_PERP,0.01341,0.009119261351598257,1.470513836918353,454.0,-850.200000000001,339.0000000000004,369.34,0.0,-0.0,86.81568109589061,2.34,4.0000000000048885,-235.0156810958961,-10.398095775376124,-282.4235216438459,-12.495620775506636,2260.1800000000003,1.25
CNY,2026,3,CNY-2026-03,CRH6,2026-01-28,2026-03-19,50,36,LONG_QUARTERLY_SHORT_PERP,0.01015,0.007803288592085372,1.3007336432866037,226.0,1176.5000000000007,-1528.0000000000005,72.67,0.0,-0.0,48.578389315068506,2.34,4.0000000000048885,-333.7483893150731,-14.766451756721723,-362.03758397261237,-16.01808634589335,2260.1800000000003,1.25
CNY,2026,6,CNY-2026-06,CRM6,2026-03-20,2026-06-18,90,64,SHORT_QUARTERLY_LONG_PERP,-0.01193,0.0010065404922945977,11.852478952737737,-24.0,1235.6,-1230.0000000000005,-280.06,0.0,0.0,82.07859150684936,2.34,4.0000000000048885,-362.8785915068548,-16.055296105038302,-407.917887260284,-18.048026584620867,2260.1800000000003,1.25
CNY,2026,9,CNY-2026-09,CRU6,2026-06-25,2026-09-17,84,60,LONG_QUARTERLY_SHORT_PERP,0.00835,0.00577760873059369,1.4452345926066161,267.0,1150.6000000000008,-1410.0000000000002,230.09,0.0,-0.0,73.31652383561651,2.34,4.0000000000048885,-108.9665238356208,-4.821143618456087,-149.624785753434,-6.620038481600314,2260.1800000000003,1.25
USD,2025,3,USD-2025-03,SiH5,2025-01-06,2025-03-20,73,53,LONG_QUARTERLY_SHORT_PERP,0.10168,0.07668239849056588,1.3259887797133725,2905.0,-20189.0,17280.0,4784.68,0.0,-0.0,1101.5071199999998,15.66,41.99999999999204,716.5128800000085,2.7320332672929393,123.75932000001475,0.4718890459828003,26226.36,1.25
USD,2025,6,USD-2025-06,SiM5,2025-04-24,2025-06-19,56,40,LONG_QUARTERLY_SHORT_PERP,0.12354,0.09873666147945183,1.2512069797469303,3054.0,-7430.0,4379.999999999995,3510.35,0.0,-0.0,837.8064591780814,15.66,41.99999999999204,-435.11645917807806,-1.6590806317692508,-896.0196887671126,-3.416485127051991,26226.36,1.25
USD,2025,9,USD-2025-09,SiU5,2025-06-20,2025-09-18,90,64,LONG_QUARTERLY_SHORT_PERP,0.11772,0.07942393727739717,1.4821728062768968,3809.0,864.0,-4670.000000000002,3894.33,0.0,-0.0,1216.4719857534278,15.66,41.99999999999204,-1185.8019857534218,-4.52141275325063,-1836.0379786301216,-7.000735056752526,26226.36,1.25
USD,2025,12,USD-2025-12,SiZ5,2025-09-22,2025-12-18,87,63,SHORT_QUARTERLY_LONG_PERP,-0.06851,-0.023417703378995538,99.0,-2577.0,6567.0,-3989.999999999995,-3220.07,0.0,0.0,1044.024687123289,15.66,41.99999999999204,-1744.7546871232762,-6.652675732062232,-2308.767030684909,-8.803230912276462,26226.36,1.25
USD,2026,3,USD-2026-03,SiH6,2026-01-05,2026-03-19,73,53,LONG_QUARTERLY_SHORT_PERP,0.11735,0.07856162827604017,1.493731769250887,3278.0,3330.0,-6609.999999999999,1987.6,0.0,-0.0,828.1062986301378,15.66,41.99999999999204,-2178.166298630129,-8.305255851860986,-2634.2194479451878,-10.044167196458783,26226.36,1.25
USD,2026,6,USD-2026-06,SiM6,2026-03-20,2026-06-18,90,64,SHORT_QUARTERLY_LONG_PERP,-0.12726,0.03290737593321906,3.8672181050915904,1096.0,9545.0,-10640.0,-3803.88,0.0,0.0,952.4120597260276,15.66,41.99999999999204,-5908.952059726019,-22.530583961045373,-6427.158089589022,-24.50648160701303,26226.36,1.25
USD,2026,9,USD-2026-09,SiU6,2026-06-22,2026-09-17,87,63,LONG_QUARTERLY_SHORT_PERP,0.11016,0.05312884415307662,2.0734499640647797,2408.0,8331.0,-10740.00000000001,706.36,0.0,-0.0,881.457181643835,15.66,41.99999999999204,-2641.757181643836,-10.07290825583053,-3124.4857724657477,-11.913531929195464,26226.36,1.25
EUR,2025,3,EUR-2025-03,EuH5,2025-01-03,2025-03-20,76,54,LONG_QUARTERLY_SHORT_PERP,0.1061,0.06012017286656537,1.7647986514524046,1896.0,-15533.0,13640.0,3979.48,0.0,-0.0,1304.6893347945197,17.8,28.000000000010232,735.9906652054701,2.4666368561961636,55.64599780819658,0.18649485052258033,29837.82,1.25
EUR,2025,6,EUR-2025-06,EuM5,2025-04-01,2025-06-19,79,57,LONG_QUARTERLY_SHORT_PERP,0.09243,0.06755816639269424,1.3681543614244007,2457.0,-4579.0,2119.9999999999905,4905.7,0.0,-0.0,1348.0154843835612,17.8,28.000000000010232,1052.8845156164189,3.528691156446479,350.87677342462615,1.1759464110468731,29837.82,1.25
EUR,2025,9,EUR-2025-09,EuU5,2025-06-20,2025-09-18,90,64,LONG_QUARTERLY_SHORT_PERP,0.13476,0.08963725567637004,1.5033927464997692,4307.0,4530.0,-8840.000000000004,2161.12,0.0,-0.0,1383.984363287673,17.8,28.000000000010232,-3578.6643632876867,-11.993719257263722,-4298.656544931528,-14.406737975266045,29837.82,1.25
EUR,2025,12,EUR-2025-12,EuZ5,2025-09-19,2025-12-18,90,64,SHORT_QUARTERLY_LONG_PERP,-0.0517,-0.032839348767123126,99.0,-3377.0,8005.0,-4629.999999999995,-2552.27,0.0,0.0,1229.4816789041095,17.8,28.000000000010232,-452.55167890411514,-1.5167049030529547,-1095.2925183561847,-3.6708195114662687,29837.82,1.25
EUR,2026,3,EUR-2026-03,EuH6,2026-01-05,2026-03-19,73,53,LONG_QUARTERLY_SHORT_PERP,0.13814,0.08496112047040595,1.625920176607341,3515.0,1311.0,-4829.999999999998,2689.38,0.0,-0.0,942.1393849315057,17.8,28.000000000010232,-1817.559384931514,-6.091461725191431,-2316.6290773972787,-7.764069484289665,29837.82,1.25
EUR,2026,6,EUR-2026-06,EuM6,2026-03-20,2026-06-18,90,64,SHORT_QUARTERLY_LONG_PERP,-0.14538,0.03472441370291112,4.1866797591981255,1093.0,11166.0,-12260.000000000005,-2681.22,0.0,0.0,1083.5624769863014,17.8,28.000000000010232,-4904.582476986317,-16.43746921519842,-5474.3637154794815,-18.347063275666525,29837.82,1.25
EUR,2026,9,EUR-2026-09,EuU6,2026-06-19,2026-09-17,90,64,LONG_QUARTERLY_SHORT_PERP,0.12755,0.05054995327696936,2.5232466447820037,2151.0,11177.0,-13329.999999999998,606.0699999999999,0.0,-0.0,1038.3970097260292,17.8,28.000000000010232,-2631.1270097260376,-8.818093981819173,-3178.325514589057,-10.652003110780402,29837.82,1.25
IMOEX,2025,3,IMOEX-2025-03,MMH5,2025-01-03,2025-03-20,76,54,LONG_QUARTERLY_SHORT_PERP,3.12257,2.3581156225266398,1.3241801929348458,1035.5,2641.2999999999965,-3945.0,2091.9779,13.22,-132.20000000000002,218.88243616438385,6.0,13.000000000001819,418.19546383561067,8.35426845091985,295.75424575341754,5.908266775209759,5005.77,1.25
IMOEX,2025,6,IMOEX-2025-06,MMM5,2025-03-21,2025-06-19,90,64,LONG_QUARTERLY_SHORT_PERP,4.8345,2.8372366267123317,1.703946704509455,1539.0,-5769.100000000003,4075.0,1995.851,65.64,-656.4,257.8314410958906,6.0,13.000000000001819,-631.4804410958955,-12.615051053002743,-773.3961616438422,-15.45009382460325,5005.77,1.25
IMOEX,2025,9,IMOEX-2025-09,MMU5,2025-06-20,2025-09-18,90,64,LONG_QUARTERLY_SHORT_PERP,4.176,1.1620085021404143,3.593777491565533,492.5,-149.20000000000073,-425.0,1741.7305,93.47999999999999,-934.8,232.18544136986336,6.0,13.000000000001819,-18.454941369865963,-0.3686733783187394,-147.54766205479882,-2.9475517663575994,5005.77,1.25
IMOEX,2025,12,IMOEX-2025-12,MMZ5,2025-09-19,2025-12-18,90,64,LONG_QUARTERLY_SHORT_PERP,2.99219,1.8558830513698656,1.6122729273223346,962.5,-798.6000000000013,-50.0,1424.1058,19.46,-194.60000000000002,206.2651528767122,6.0,13.000000000001819,155.64064712328474,3.1092248969346317,39.50807068492617,0.7892506184847918,5005.77,1.25
IMOEX,2026,3,IMOEX-2026-03,MMH6,2026-01-05,2026-03-19,73,53,LONG_QUARTERLY_SHORT_PERP,1.80323,1.3331300038769747,1.3526287719546426,529.5,648.100000000004,-1120.0,816.132,45.37,-453.7,158.05890205479477,6.0,13.000000000001819,-286.52690205479263,-5.723932622849085,-378.55635308219144,-7.562400051983839,5005.77,1.25
IMOEX,2026,6,IMOEX-2026-06,MMM6,2026-03-26,2026-06-18,84,60,LONG_QUARTERLY_SHORT_PERP,2.26858,1.3520602821917835,1.6778689751336193,623.0,-4527.7,3800.0,919.4617,42.22,-422.2,169.23616931506834,6.0,13.000000000001819,-418.67446931507004,-8.363837517805853,-516.2925539726068,-10.313948782557064,5005.77,1.25
IMOEX,2026,9,IMOEX-2026-09,MMU6,2026-06-19,2026-09-17,90,64,LONG_QUARTERLY_SHORT_PERP,1.47845,0.39329320815496815,3.7591546697075193,58.5,-1684.2000000000007,1715.0,653.1945000000001,89.28,-892.8,174.20765321917779,6.0,13.000000000001819,-402.01315321918025,-8.030995295812238,-502.1169798287716,-10.03076409481002,5005.77,1.25
CNY,2025,3,CNY-2025-03,CRH5,2025-01-09,2025-03-20,70,50,LONG_QUARTERLY_SHORT_PERP,0.02085,0.012187328547945308,1.7107932979713716,512.0,-2510.7999999999997,2099.9999999999995,569.04,0.0,-0.0,91.02642739726042,2.34,4.0000000000048885,60.87357260273447,2.6933064004961755,11.360358904099687,0.502630715434155,2260.1800000000003,1.5
CNY,2025,6,CNY-2025-06,CRM5,2025-04-29,2025-06-19,51,37,LONG_QUARTERLY_SHORT_PERP,0.01912,0.010541622347278918,1.8137625661514423,318.0,-636.9000000000007,326.99999999999994,276.37,0.0,-0.0,65.70002684931514,2.34,4.0000000000048885,-105.57002684932074,-4.670868110031977,-142.42004027398306,-6.301269822491264,2260.1800000000003,1.5
CNY,2025,12,CNY-2025-12,CRZ5,2025-09-29,2025-12-18,80,58,LONG_QUARTERLY_SHORT_PERP,0.0194,0.008688705772319408,2.232783628351736,415.0,-645.2000000000008,173.00000000000006,339.7,0.0,-0.0,82.60493479452074,2.34,4.0000000000048885,-221.44493479452643,-9.79766809698902,-266.7474021917913,-11.802042412188024,2260.1800000000003,1.5
CNY,2026,3,CNY-2026-03,CRH6,2026-01-29,2026-03-19,49,35,LONG_QUARTERLY_SHORT_PERP,0.01314,0.007569360727984484,1.7359458046992597,211.0,1371.5000000000011,-1708.0000000000002,59.53,0.0,-0.0,47.587625479452065,2.34,4.0000000000048885,-330.89762547945605,-14.640321809743295,-358.69143821918703,-15.87003859069574,2260.1800000000003,1.5
CNY,2026,6,CNY-2026-06,CRM6,2026-03-20,2026-06-18,90,64,SHORT_QUARTERLY_LONG_PERP,-0.01193,0.0010065404922945977,11.852478952737737,-24.0,1235.6,-1230.0000000000005,-280.06,0.0,0.0,82.07859150684936,2.34,4.0000000000048885,-362.8785915068548,-16.055296105038302,-407.917887260284,-18.048026584620867,2260.1800000000003,1.5
USD,2025,3,USD-2025-03,SiH5,2025-01-08,2025-03-20,71,51,LONG_QUARTERLY_SHORT_PERP,0.10168,0.06543115377921015,1.5539998017321748,2208.0,-19492.0,17280.0,4683.0,0.0,-0.0,1071.3288427397256,15.66,41.99999999999204,1342.0111572602823,5.117031708785673,764.3467358904255,2.914421734050877,26226.36,1.5
USD,2025,6,USD-2025-06,SiM5,2025-04-28,2025-06-19,52,38,LONG_QUARTERLY_SHORT_PERP,0.12398,0.07921341854361909,1.5651388650993527,2175.0,-6241.0,4069.999999999993,3262.08,0.0,-0.0,777.4499046575335,15.66,41.99999999999204,255.97009534246757,0.9760031332692283,-174.75485698629282,-0.6663328688628266,26226.36,1.5
USD,2025,9,USD-2025-09,SiU5,2025-07-01,2025-09-18,79,57,LONG_QUARTERLY_SHORT_PERP,0.1178,0.07589570693583264,1.552129952483295,3210.0,1543.0,-4750.0,3274.89,0.0,-0.0,1058.3952953424682,15.66,41.99999999999204,-1048.1652953424605,-3.9966098815941686,-1619.3629430136814,-6.174562322082368,26226.36,1.5
USD,2025,12,USD-2025-12,SiZ5,2025-09-22,2025-12-18,87,63,SHORT_QUARTERLY_LONG_PERP,-0.06851,-0.023417703378995538,99.0,-2577.0,6567.0,-3989.999999999995,-3220.07,0.0,0.0,1044.024687123289,15.66,41.99999999999204,-1744.7546871232762,-6.652675732062232,-2308.767030684909,-8.803230912276462,26226.36,1.5
USD,2026,3,USD-2026-03,SiH6,2026-01-06,2026-03-19,72,52,LONG_QUARTERLY_SHORT_PERP,0.11735,0.06662057330874592,1.7614678795415641,2590.0,4018.0,-6609.999999999999,1870.25,0.0,-0.0,816.6098120547953,15.66,41.99999999999204,-1596.0198120547866,-6.08555595231205,-2046.3247180821743,-7.802549488690669,26226.36,1.5
USD,2026,6,USD-2026-06,SiM6,2026-03-20,2026-06-18,90,64,SHORT_QUARTERLY_LONG_PERP,-0.12726,0.03290737593321906,3.8672181050915904,1096.0,9545.0,-10640.0,-3803.88,0.0,0.0,952.4120597260276,15.66,41.99999999999204,-5908.952059726019,-22.530583961045373,-6427.158089589022,-24.50648160701303,26226.36,1.5
USD,2026,9,USD-2026-09,SiU6,2026-06-22,2026-09-17,87,63,LONG_QUARTERLY_SHORT_PERP,0.11016,0.05312884415307662,2.0734499640647797,2408.0,8331.0,-10740.00000000001,706.36,0.0,-0.0,881.457181643835,15.66,41.99999999999204,-2641.757181643836,-10.07290825583053,-3124.4857724657477,-11.913531929195464,26226.36,1.5
EUR,2025,3,EUR-2025-03,EuH5,2025-01-03,2025-03-20,76,54,LONG_QUARTERLY_SHORT_PERP,0.1061,0.06012017286656537,1.7647986514524046,1896.0,-15533.0,13640.0,3979.48,0.0,-0.0,1304.6893347945197,17.8,28.000000000010232,735.9906652054701,2.4666368561961636,55.64599780819658,0.18649485052258033,29837.82,1.5
EUR,2025,6,EUR-2025-06,EuM5,2025-04-11,2025-06-19,69,49,LONG_QUARTERLY_SHORT_PERP,0.0946,0.06194175173609193,1.5272412766602292,1813.0,-8195.0,6379.999999999995,4158.15,0.0,-0.0,1176.3458350684937,17.8,28.000000000010232,1121.0041649314912,3.7569908422649214,504.8312473972346,1.691917329742034,29837.82,1.5
EUR,2025,9,EUR-2025-09,EuU5,2025-06-20,2025-09-18,90,64,LONG_QUARTERLY_SHORT_PERP,0.13476,0.08963725567637004,1.5033927464997692,4307.0,4530.0,-8840.000000000004,2161.12,0.0,-0.0,1383.984363287673,17.8,28.000000000010232,-3578.6643632876867,-11.993719257263722,-4298.656544931528,-14.406737975266045,29837.82,1.5
EUR,2025,12,EUR-2025-12,EuZ5,2025-09-19,2025-12-18,90,64,SHORT_QUARTERLY_LONG_PERP,-0.0517,-0.032839348767123126,99.0,-3377.0,8005.0,-4629.999999999995,-2552.27,0.0,0.0,1229.4816789041095,17.8,28.000000000010232,-452.55167890411514,-1.5167049030529547,-1095.2925183561847,-3.6708195114662687,29837.82,1.5
EUR,2026,3,EUR-2026-03,EuH6,2026-01-05,2026-03-19,73,53,LONG_QUARTERLY_SHORT_PERP,0.13814,0.08496112047040595,1.625920176607341,3515.0,1311.0,-4829.999999999998,2689.38,0.0,-0.0,942.1393849315057,17.8,28.000000000010232,-1817.559384931514,-6.091461725191431,-2316.6290773972787,-7.764069484289665,29837.82,1.5
EUR,2026,6,EUR-2026-06,EuM6,2026-03-20,2026-06-18,90,64,SHORT_QUARTERLY_LONG_PERP,-0.14538,0.03472441370291112,4.1866797591981255,1093.0,11166.0,-12260.000000000005,-2681.22,0.0,0.0,1083.5624769863014,17.8,28.000000000010232,-4904.582476986317,-16.43746921519842,-5474.3637154794815,-18.347063275666525,29837.82,1.5
EUR,2026,9,EUR-2026-09,EuU6,2026-06-19,2026-09-17,90,64,LONG_QUARTERLY_SHORT_PERP,0.12755,0.05054995327696936,2.5232466447820037,2151.0,11177.0,-13329.999999999998,606.0699999999999,0.0,-0.0,1038.3970097260292,17.8,28.000000000010232,-2631.1270097260376,-8.818093981819173,-3178.325514589057,-10.652003110780402,29837.82,1.5
IMOEX,2025,3,IMOEX-2025-03,MMH5,2025-01-20,2025-03-20,59,43,LONG_QUARTERLY_SHORT_PERP,4.41825,2.6347020726346018,1.6769448226766368,944.0,1722.7999999999975,-2935.0,1780.1341,0.0,-0.0,169.9218912328769,6.0,13.000000000001819,379.01220876711875,7.571506656660588,281.05126315067855,5.614546076840896,5005.77,1.5
IMOEX,2025,6,IMOEX-2025-06,MMM5,2025-03-21,2025-06-19,90,64,LONG_QUARTERLY_SHORT_PERP,4.8345,2.8372366267123317,1.703946704509455,1539.0,-5769.100000000003,4075.0,1995.851,65.64,-656.4,257.8314410958906,6.0,13.000000000001819,-631.4804410958955,-12.615051053002743,-773.3961616438422,-15.45009382460325,5005.77,1.5
IMOEX,2025,9,IMOEX-2025-09,MMU5,2025-06-20,2025-09-18,90,64,LONG_QUARTERLY_SHORT_PERP,4.176,1.1620085021404143,3.593777491565533,492.5,-149.20000000000073,-425.0,1741.7305,93.47999999999999,-934.8,232.18544136986336,6.0,13.000000000001819,-18.454941369865963,-0.3686733783187394,-147.54766205479882,-2.9475517663575994,5005.77,1.5
IMOEX,2025,12,IMOEX-2025-12,MMZ5,2025-09-19,2025-12-18,90,64,LONG_QUARTERLY_SHORT_PERP,2.99219,1.8558830513698656,1.6122729273223346,962.5,-798.6000000000013,-50.0,1424.1058,19.46,-194.60000000000002,206.2651528767122,6.0,13.000000000001819,155.64064712328474,3.1092248969346317,39.50807068492617,0.7892506184847918,5005.77,1.5
IMOEX,2026,3,IMOEX-2026-03,MMH6,2026-01-08,2026-03-19,70,50,LONG_QUARTERLY_SHORT_PERP,3.13494,1.5769519432876755,1.9879743408440116,618.0,944.6000000000004,-1505.0,763.1326,32.85,-328.5,151.47597164383586,6.0,13.000000000001819,-296.2433716438373,-5.918038017005121,-384.9813574657566,-7.690752021482342,5005.77,1.5
IMOEX,2026,6,IMOEX-2026-06,MMM6,2026-03-26,2026-06-18,84,60,LONG_QUARTERLY_SHORT_PERP,2.26858,1.3520602821917835,1.6778689751336193,623.0,-4527.7,3800.0,919.4617,42.22,-422.2,169.23616931506834,6.0,13.000000000001819,-418.67446931507004,-8.363837517805853,-516.2925539726068,-10.313948782557064,5005.77,1.5
IMOEX,2026,9,IMOEX-2026-09,MMU6,2026-06-19,2026-09-17,90,64,LONG_QUARTERLY_SHORT_PERP,1.47845,0.39329320815496815,3.7591546697075193,58.5,-1684.2000000000007,1715.0,653.1945000000001,89.28,-892.8,174.20765321917779,6.0,13.000000000001819,-402.01315321918025,-8.030995295812238,-502.1169798287716,-10.03076409481002,5005.77,1.5
CNY,2025,3,CNY-2025-03,CRH5,2025-01-23,2025-03-20,56,40,LONG_QUARTERLY_SHORT_PERP,0.03241,0.01282902854794533,2.5263019626837386,434.0,-2364.8000000000006,2032.0,420.82,0.0,-0.0,72.82114191780832,2.34,4.0000000000048885,8.85885808218615,0.39195365334558074,-31.55171287672267,-1.3959823056890455,2260.1800000000003,2.0
CNY,2025,12,CNY-2025-12,CRZ5,2025-09-29,2025-12-18,80,58,LONG_QUARTERLY_SHORT_PERP,0.0194,0.008688705772319408,2.232783628351736,415.0,-645.2000000000008,173.00000000000006,339.7,0.0,-0.0,82.60493479452074,2.34,4.0000000000048885,-221.44493479452643,-9.79766809698902,-266.7474021917913,-11.802042412188024,2260.1800000000003,2.0
CNY,2026,3,CNY-2026-03,CRH6,2026-02-12,2026-03-19,35,25,LONG_QUARTERLY_SHORT_PERP,0.01184,0.005562277271233072,2.128624558368205,99.0,1092.5000000000011,-1317.0000000000002,-17.84,0.0,-0.0,33.7169317808219,2.34,4.0000000000048885,-282.39693178082587,-12.4944443265946,-303.2553976712418,-13.417311792478554,2260.1800000000003,2.0
CNY,2026,6,CNY-2026-06,CRM6,2026-03-20,2026-06-18,90,64,SHORT_QUARTERLY_LONG_PERP,-0.01193,0.0010065404922945977,11.852478952737737,-24.0,1235.6,-1230.0000000000005,-280.06,0.0,0.0,82.07859150684936,2.34,4.0000000000048885,-362.8785915068548,-16.055296105038302,-407.917887260284,-18.048026584620867,2260.1800000000003,2.0
USD,2025,3,USD-2025-03,SiH5,2025-02-05,2025-03-20,43,31,LONG_QUARTERLY_SHORT_PERP,0.09853,0.02772557939018974,3.5537580157788624,153.0,-13817.0,13659.999999999996,2776.25,0.0,-0.0,648.8329610958899,15.66,41.99999999999204,1912.7570389041143,7.29326158454362,1546.340558356176,5.8961310618636205,26226.36,2.0
USD,2025,6,USD-2025-06,SiM5,2025-06-10,2025-06-19,9,7,LONG_QUARTERLY_SHORT_PERP,0.11873,-0.003572075146772172,99.0,-212.0,96.0,119.99999999999034,166.9,0.0,-0.0,129.33547397260276,15.66,41.99999999999204,195.90452602739552,0.7469756612331849,89.23678904110204,0.34025609745729885,26226.36,2.0
USD,2025,9,USD-2025-09,SiU5,2025-07-25,2025-09-18,55,39,SHORT_QUARTERLY_LONG_PERP,-0.08923,-0.026739469279943986,99.0,-1814.0,-1809.0,3620.0000000000045,-1972.36,0.0,0.0,713.5006980821925,15.66,41.99999999999204,-932.5206980821798,-3.55566192976143,-1331.2710471232665,-5.076080123674298,26226.36,2.0
USD,2025,12,USD-2025-12,SiZ5,2025-09-22,2025-12-18,87,63,SHORT_QUARTERLY_LONG_PERP,-0.06851,-0.023417703378995538,99.0,-2577.0,6567.0,-3989.999999999995,-3220.07,0.0,0.0,1044.024687123289,15.66,41.99999999999204,-1744.7546871232762,-6.652675732062232,-2308.767030684909,-8.803230912276462,26226.36,2.0
USD,2026,3,USD-2026-03,SiH6,2026-01-09,2026-03-19,69,49,LONG_QUARTERLY_SHORT_PERP,0.11735,0.0510567418842604,2.2984231987622437,1662.0,4946.0,-6609.999999999999,1635.55,0.0,-0.0,782.1203523287678,15.66,41.99999999999204,-868.230352328759,-3.3105255640842226,-1301.2905284931337,-4.961765675805311,26226.36,2.0
USD,2026,6,USD-2026-06,SiM6,2026-03-20,2026-06-18,90,64,SHORT_QUARTERLY_LONG_PERP,-0.12726,0.03290737593321906,3.8672181050915904,1096.0,9545.0,-10640.0,-3803.88,0.0,0.0,952.4120597260276,15.66,41.99999999999204,-5908.952059726019,-22.530583961045373,-6427.158089589022,-24.50648160701303,26226.36,2.0
USD,2026,9,USD-2026-09,SiU6,2026-06-22,2026-09-17,87,63,LONG_QUARTERLY_SHORT_PERP,0.11016,0.05312884415307662,2.0734499640647797,2408.0,8331.0,-10740.00000000001,706.36,0.0,-0.0,881.457181643835,15.66,41.99999999999204,-2641.757181643836,-10.07290825583053,-3124.4857724657477,-11.913531929195464,26226.36,2.0
EUR,2025,3,EUR-2025-03,EuH5,2025-01-08,2025-03-20,71,51,SHORT_QUARTERLY_LONG_PERP,-0.1061,0.024463813924254826,4.3370179453010955,-17.0,13654.0,-13640.0,-4085.58,0.0,0.0,1218.854510136986,17.8,28.000000000010232,-5336.234510136996,-17.88412997376147,-5973.661765205501,-20.020436362996698,29837.82,2.0
EUR,2025,6,EUR-2025-06,EuM5,2025-04-22,2025-06-19,58,42,SHORT_QUARTERLY_LONG_PERP,-0.14051,-0.037206923313763615,99.0,-2596.0,6798.0,-4200.000000000003,-3689.68,0.0,0.0,987.509220821918,17.8,28.000000000010232,-2124.9892208219308,-7.121797841872935,-2646.743831232899,-8.870432998231436,29837.82,2.0
EUR,2025,9,EUR-2025-09,EuU5,2025-06-24,2025-09-18,86,62,SHORT_QUARTERLY_LONG_PERP,-0.12563,-0.029671187070260528,99.0,-3204.0,-4033.0,7240.000000000009,-2151.54,0.0,0.0,1318.586401643837,17.8,28.000000000010232,-308.9264016438381,-1.0353517838898354,-996.2196024657617,-3.3387814607962705,29837.82,2.0
EUR,2025,12,EUR-2025-12,EuZ5,2025-09-19,2025-12-18,90,64,SHORT_QUARTERLY_LONG_PERP,-0.0517,-0.032839348767123126,99.0,-3377.0,8005.0,-4629.999999999995,-2552.27,0.0,0.0,1229.4816789041095,17.8,28.000000000010232,-452.55167890411514,-1.5167049030529547,-1095.2925183561847,-3.6708195114662687,29837.82,2.0
EUR,2026,3,EUR-2026-03,EuH6,2026-01-08,2026-03-19,70,50,LONG_QUARTERLY_SHORT_PERP,0.13814,0.0661340121589043,2.088789043496748,2358.0,2468.0,-4829.999999999998,2413.1,0.0,-0.0,902.9006079452043,17.8,28.000000000010232,-897.6006079452128,-3.008264705481878,-1377.0509119178266,-4.615119039922577,29837.82,2.0
EUR,2026,6,EUR-2026-06,EuM6,2026-03-20,2026-06-18,90,64,SHORT_QUARTERLY_LONG_PERP,-0.14538,0.03472441370291112,4.1866797591981255,1093.0,11166.0,-12260.000000000005,-2681.22,0.0,0.0,1083.5624769863014,17.8,28.000000000010232,-4904.582476986317,-16.43746921519842,-5474.3637154794815,-18.347063275666525,29837.82,2.0
EUR,2026,9,EUR-2026-09,EuU6,2026-06-19,2026-09-17,90,64,LONG_QUARTERLY_SHORT_PERP,0.12755,0.05054995327696936,2.5232466447820037,2151.0,11177.0,-13329.999999999998,606.0699999999999,0.0,-0.0,1038.3970097260292,17.8,28.000000000010232,-2631.1270097260376,-8.818093981819173,-3178.325514589057,-10.652003110780402,29837.82,2.0
IMOEX,2025,6,IMOEX-2025-06,MMM5,2025-04-09,2025-06-19,71,51,LONG_QUARTERLY_SHORT_PERP,4.1113,1.7051192785388165,2.4111509685839305,647.5,532.3999999999978,-1335.0,1551.617,65.64,-656.4,203.1108320547946,6.0,13.000000000001819,-129.49383205479862,-2.586891368456773,-244.049248082198,-4.875358797591539,5005.77,2.0
IMOEX,2025,9,IMOEX-2025-09,MMU5,2025-06-20,2025-09-18,90,64,LONG_QUARTERLY_SHORT_PERP,4.176,1.1620085021404143,3.593777491565533,492.5,-149.20000000000073,-425.0,1741.7305,93.47999999999999,-934.8,232.18544136986336,6.0,13.000000000001819,-18.454941369865963,-0.3686733783187394,-147.54766205479882,-2.9475517663575994,5005.77,2.0
IMOEX,2025,12,IMOEX-2025-12,MMZ5,2025-09-25,2025-12-18,84,60,LONG_QUARTERLY_SHORT_PERP,3.3025,1.640460709589044,2.0131539760116035,773.0,-214.1000000000031,-445.0,1330.2796,19.46,-194.60000000000002,192.2764257534245,6.0,13.000000000001819,265.3031742465706,5.299947345694481,156.16496136985592,3.119699094641901,5005.77,2.0
IMOEX,2026,6,IMOEX-2026-06,MMM6,2026-04-02,2026-06-18,77,55,LONG_QUARTERLY_SHORT_PERP,3.48831,1.2606109255292686,2.767158311384165,519.5,-3959.199999999996,3335.0,793.2257,42.22,-422.2,154.83600904109585,6.0,13.000000000001819,-427.0103090410939,-8.53036214290896,-517.4283135616441,-10.336637791221811,5005.77,2.0
IMOEX,2026,9,IMOEX-2026-09,MMU6,2026-06-19,2026-09-17,90,64,LONG_QUARTERLY_SHORT_PERP,1.47845,0.39329320815496815,3.7591546697075193,58.5,-1684.2000000000007,1715.0,653.1945000000001,89.28,-892.8,174.20765321917779,6.0,13.000000000001819,-402.01315321918025,-8.030995295812238,-502.1169798287716,-10.03076409481002,5005.77,2.0
CNY,2025,3,CNY-2025-03,CRH5,2025-01-23,2025-03-20,56,40,LONG_QUARTERLY_SHORT_PERP,0.03241,0.01282902854794533,2.5263019626837386,434.0,-2364.8000000000006,2032.0,420.82,0.0,-0.0,72.82114191780832,2.34,4.0000000000048885,8.85885808218615,0.39195365334558074,-31.55171287672267,-1.3959823056890455,2260.1800000000003,2.5
CNY,2026,3,CNY-2026-03,CRH6,2026-02-18,2026-03-19,29,21,SHORT_QUARTERLY_LONG_PERP,-0.0012,-0.00022979659491170526,99.0,-39.0,-1199.5000000000005,1364.0000000000007,18.25,0.0,0.0,27.8342715068493,2.34,4.0000000000048885,148.57572849314604,6.573623715506996,130.65859273971645,5.780893235924415,2260.1800000000003,2.5
CNY,2026,6,CNY-2026-06,CRM6,2026-03-20,2026-06-18,90,64,SHORT_QUARTERLY_LONG_PERP,-0.01193,0.0010065404922945977,11.852478952737737,-24.0,1235.6,-1230.0000000000005,-280.06,0.0,0.0,82.07859150684936,2.34,4.0000000000048885,-362.8785915068548,-16.055296105038302,-407.917887260284,-18.048026584620867,2260.1800000000003,2.5
USD,2025,3,USD-2025-03,SiH5,2025-02-05,2025-03-20,43,31,LONG_QUARTERLY_SHORT_PERP,0.09853,0.02772557939018974,3.5537580157788624,153.0,-13817.0,13659.999999999996,2776.25,0.0,-0.0,648.8329610958899,15.66,41.99999999999204,1912.7570389041143,7.29326158454362,1546.340558356176,5.8961310618636205,26226.36,2.5
USD,2025,6,USD-2025-06,SiM5,2025-06-10,2025-06-19,9,7,LONG_QUARTERLY_SHORT_PERP,0.11873,-0.003572075146772172,99.0,-212.0,96.0,119.99999999999034,166.9,0.0,-0.0,129.33547397260276,15.66,41.99999999999204,195.90452602739552,0.7469756612331849,89.23678904110204,0.34025609745729885,26226.36,2.5
USD,2025,9,USD-2025-09,SiU5,2025-07-25,2025-09-18,55,39,SHORT_QUARTERLY_LONG_PERP,-0.08923,-0.026739469279943986,99.0,-1814.0,-1809.0,3620.0000000000045,-1972.36,0.0,0.0,713.5006980821925,15.66,41.99999999999204,-932.5206980821798,-3.55566192976143,-1331.2710471232665,-5.076080123674298,26226.36,2.5
USD,2025,12,USD-2025-12,SiZ5,2025-09-22,2025-12-18,87,63,SHORT_QUARTERLY_LONG_PERP,-0.06851,-0.023417703378995538,99.0,-2577.0,6567.0,-3989.999999999995,-3220.07,0.0,0.0,1044.024687123289,15.66,41.99999999999204,-1744.7546871232762,-6.652675732062232,-2308.767030684909,-8.803230912276462,26226.36,2.5
USD,2026,3,USD-2026-03,SiH6,2026-01-13,2026-03-19,65,47,LONG_QUARTERLY_SHORT_PERP,0.11768,0.04605945544739126,2.5549585607761505,1371.0,4617.0,-5990.000000000009,1400.52,0.0,-0.0,736.1344060273979,15.66,41.99999999999204,-766.274406027399,-2.9217718586467925,-1176.3416090410892,-4.485340737491169,26226.36,2.5
USD,2026,6,USD-2026-06,SiM6,2026-03-20,2026-06-18,90,64,SHORT_QUARTERLY_LONG_PERP,-0.12726,0.03290737593321906,3.8672181050915904,1096.0,9545.0,-10640.0,-3803.88,0.0,0.0,952.4120597260276,15.66,41.99999999999204,-5908.952059726019,-22.530583961045373,-6427.158089589022,-24.50648160701303,26226.36,2.5
USD,2026,9,USD-2026-09,SiU6,2026-06-25,2026-09-17,84,60,SHORT_QUARTERLY_LONG_PERP,-0.10349,-0.021976666557077768,99.0,-2227.0,-6652.0,8880.00000000001,-713.78,0.0,0.0,850.7400065753419,15.66,41.99999999999204,605.8199934246752,2.3099659785981554,138.4499901370103,0.5279039490688388,26226.36,2.5
EUR,2025,3,EUR-2025-03,EuH5,2025-01-08,2025-03-20,71,51,SHORT_QUARTERLY_LONG_PERP,-0.1061,0.024463813924254826,4.3370179453010955,-17.0,13654.0,-13640.0,-4085.58,0.0,0.0,1218.854510136986,17.8,28.000000000010232,-5336.234510136996,-17.88412997376147,-5973.661765205501,-20.020436362996698,29837.82,2.5
EUR,2025,6,EUR-2025-06,EuM5,2025-04-22,2025-06-19,58,42,SHORT_QUARTERLY_LONG_PERP,-0.14051,-0.037206923313763615,99.0,-2596.0,6798.0,-4200.000000000003,-3689.68,0.0,0.0,987.509220821918,17.8,28.000000000010232,-2124.9892208219308,-7.121797841872935,-2646.743831232899,-8.870432998231436,29837.82,2.5
EUR,2025,9,EUR-2025-09,EuU5,2025-06-24,2025-09-18,86,62,SHORT_QUARTERLY_LONG_PERP,-0.12563,-0.029671187070260528,99.0,-3204.0,-4033.0,7240.000000000009,-2151.54,0.0,0.0,1318.586401643837,17.8,28.000000000010232,-308.9264016438381,-1.0353517838898354,-996.2196024657617,-3.3387814607962705,29837.82,2.5
EUR,2025,12,EUR-2025-12,EuZ5,2025-09-19,2025-12-18,90,64,SHORT_QUARTERLY_LONG_PERP,-0.0517,-0.032839348767123126,99.0,-3377.0,8005.0,-4629.999999999995,-2552.27,0.0,0.0,1229.4816789041095,17.8,28.000000000010232,-452.55167890411514,-1.5167049030529547,-1095.2925183561847,-3.6708195114662687,29837.82,2.5
EUR,2026,3,EUR-2026-03,EuH6,2026-01-14,2026-03-19,64,46,SHORT_QUARTERLY_LONG_PERP,-0.1386,-0.00036471621798669516,99.0,-887.0,-3829.0,4719.999999999999,-2413.56,0.0,0.0,824.4230539726018,17.8,28.000000000010232,-2392.783053972613,-8.019295826479993,-2832.994580958925,-9.494643311605623,29837.82,2.5
EUR,2026,6,EUR-2026-06,EuM6,2026-03-20,2026-06-18,90,64,SHORT_QUARTERLY_LONG_PERP,-0.14538,0.03472441370291112,4.1866797591981255,1093.0,11166.0,-12260.000000000005,-2681.22,0.0,0.0,1083.5624769863014,17.8,28.000000000010232,-4904.582476986317,-16.43746921519842,-5474.3637154794815,-18.347063275666525,29837.82,2.5
EUR,2026,9,EUR-2026-09,EuU6,2026-06-19,2026-09-17,90,64,LONG_QUARTERLY_SHORT_PERP,0.12755,0.05054995327696936,2.5232466447820037,2151.0,11177.0,-13329.999999999998,606.0699999999999,0.0,-0.0,1038.3970097260292,17.8,28.000000000010232,-2631.1270097260376,-8.818093981819173,-3178.325514589057,-10.652003110780402,29837.82,2.5
IMOEX,2025,6,IMOEX-2025-06,MMM5,2025-04-21,2025-06-19,59,43,LONG_QUARTERLY_SHORT_PERP,4.3095,1.7140708079006095,2.5141901840556207,549.5,-2089.6000000000004,1385.0,1288.4486,65.64,-656.4,168.55044739726029,6.0,13.000000000001819,-260.10184739726253,-5.196040716957881,-357.3770710958945,-7.139302666640586,5005.77,2.5
IMOEX,2025,9,IMOEX-2025-09,MMU5,2025-06-20,2025-09-18,90,64,LONG_QUARTERLY_SHORT_PERP,4.176,1.1620085021404143,3.593777491565533,492.5,-149.20000000000073,-425.0,1741.7305,93.47999999999999,-934.8,232.18544136986336,6.0,13.000000000001819,-18.454941369865963,-0.3686733783187394,-147.54766205479882,-2.9475517663575994,5005.77,2.5
IMOEX,2026,6,IMOEX-2026-06,MMM6,2026-04-02,2026-06-18,77,55,LONG_QUARTERLY_SHORT_PERP,3.48831,1.2606109255292686,2.767158311384165,519.5,-3959.199999999996,3335.0,793.2257,42.22,-422.2,154.83600904109585,6.0,13.000000000001819,-427.0103090410939,-8.53036214290896,-517.4283135616441,-10.336637791221811,5005.77,2.5
IMOEX,2026,9,IMOEX-2026-09,MMU6,2026-06-19,2026-09-17,90,64,LONG_QUARTERLY_SHORT_PERP,1.47845,0.39329320815496815,3.7591546697075193,58.5,-1684.2000000000007,1715.0,653.1945000000001,89.28,-892.8,174.20765321917779,6.0,13.000000000001819,-402.01315321918025,-8.030995295812238,-502.1169798287716,-10.03076409481002,5005.77,2.5
CNY,2026,3,CNY-2026-03,CRH6,2026-02-18,2026-03-19,29,21,SHORT_QUARTERLY_LONG_PERP,-0.0012,-0.00022979659491170526,99.0,-39.0,-1199.5000000000005,1364.0000000000007,18.25,0.0,0.0,27.8342715068493,2.34,4.0000000000048885,148.57572849314604,6.573623715506996,130.65859273971645,5.780893235924415,2260.1800000000003,3.0
CNY,2026,6,CNY-2026-06,CRM6,2026-03-20,2026-06-18,90,64,SHORT_QUARTERLY_LONG_PERP,-0.01193,0.0010065404922945977,11.852478952737737,-24.0,1235.6,-1230.0000000000005,-280.06,0.0,0.0,82.07859150684936,2.34,4.0000000000048885,-362.8785915068548,-16.055296105038302,-407.917887260284,-18.048026584620867,2260.1800000000003,3.0
USD,2025,3,USD-2025-03,SiH5,2025-02-05,2025-03-20,43,31,LONG_QUARTERLY_SHORT_PERP,0.09853,0.02772557939018974,3.5537580157788624,153.0,-13817.0,13659.999999999996,2776.25,0.0,-0.0,648.8329610958899,15.66,41.99999999999204,1912.7570389041143,7.29326158454362,1546.340558356176,5.8961310618636205,26226.36,3.0
USD,2025,6,USD-2025-06,SiM5,2025-06-10,2025-06-19,9,7,LONG_QUARTERLY_SHORT_PERP,0.11873,-0.003572075146772172,99.0,-212.0,96.0,119.99999999999034,166.9,0.0,-0.0,129.33547397260276,15.66,41.99999999999204,195.90452602739552,0.7469756612331849,89.23678904110204,0.34025609745729885,26226.36,3.0
USD,2025,9,USD-2025-09,SiU5,2025-07-25,2025-09-18,55,39,SHORT_QUARTERLY_LONG_PERP,-0.08923,-0.026739469279943986,99.0,-1814.0,-1809.0,3620.0000000000045,-1972.36,0.0,0.0,713.5006980821925,15.66,41.99999999999204,-932.5206980821798,-3.55566192976143,-1331.2710471232665,-5.076080123674298,26226.36,3.0
USD,2025,12,USD-2025-12,SiZ5,2025-09-22,2025-12-18,87,63,SHORT_QUARTERLY_LONG_PERP,-0.06851,-0.023417703378995538,99.0,-2577.0,6567.0,-3989.999999999995,-3220.07,0.0,0.0,1044.024687123289,15.66,41.99999999999204,-1744.7546871232762,-6.652675732062232,-2308.767030684909,-8.803230912276462,26226.36,3.0
USD,2026,3,USD-2026-03,SiH6,2026-01-29,2026-03-19,49,35,LONG_QUARTERLY_SHORT_PERP,0.11441,0.02776716059491172,4.120334868555679,362.0,8446.0,-8810.000000000002,477.33,0.0,-0.0,552.1906208219182,15.66,41.99999999999204,-496.5206208219121,-1.893212099665802,-814.6159312328631,-3.106096047003332,26226.36,3.0
USD,2026,6,USD-2026-06,SiM6,2026-03-20,2026-06-18,90,64,SHORT_QUARTERLY_LONG_PERP,-0.12726,0.03290737593321906,3.8672181050915904,1096.0,9545.0,-10640.0,-3803.88,0.0,0.0,952.4120597260276,15.66,41.99999999999204,-5908.952059726019,-22.530583961045373,-6427.158089589022,-24.50648160701303,26226.36,3.0
USD,2026,9,USD-2026-09,SiU6,2026-06-25,2026-09-17,84,60,SHORT_QUARTERLY_LONG_PERP,-0.10349,-0.021976666557077768,99.0,-2227.0,-6652.0,8880.00000000001,-713.78,0.0,0.0,850.7400065753419,15.66,41.99999999999204,605.8199934246752,2.3099659785981554,138.4499901370103,0.5279039490688388,26226.36,3.0
EUR,2025,3,EUR-2025-03,EuH5,2025-01-08,2025-03-20,71,51,SHORT_QUARTERLY_LONG_PERP,-0.1061,0.024463813924254826,4.3370179453010955,-17.0,13654.0,-13640.0,-4085.58,0.0,0.0,1218.854510136986,17.8,28.000000000010232,-5336.234510136996,-17.88412997376147,-5973.661765205501,-20.020436362996698,29837.82,3.0
EUR,2025,6,EUR-2025-06,EuM5,2025-04-22,2025-06-19,58,42,SHORT_QUARTERLY_LONG_PERP,-0.14051,-0.037206923313763615,99.0,-2596.0,6798.0,-4200.000000000003,-3689.68,0.0,0.0,987.509220821918,17.8,28.000000000010232,-2124.9892208219308,-7.121797841872935,-2646.743831232899,-8.870432998231436,29837.82,3.0
EUR,2025,9,EUR-2025-09,EuU5,2025-06-24,2025-09-18,86,62,SHORT_QUARTERLY_LONG_PERP,-0.12563,-0.029671187070260528,99.0,-3204.0,-4033.0,7240.000000000009,-2151.54,0.0,0.0,1318.586401643837,17.8,28.000000000010232,-308.9264016438381,-1.0353517838898354,-996.2196024657617,-3.3387814607962705,29837.82,3.0
EUR,2025,12,EUR-2025-12,EuZ5,2025-09-19,2025-12-18,90,64,SHORT_QUARTERLY_LONG_PERP,-0.0517,-0.032839348767123126,99.0,-3377.0,8005.0,-4629.999999999995,-2552.27,0.0,0.0,1229.4816789041095,17.8,28.000000000010232,-452.55167890411514,-1.5167049030529547,-1095.2925183561847,-3.6708195114662687,29837.82,3.0
EUR,2026,3,EUR-2026-03,EuH6,2026-01-14,2026-03-19,64,46,SHORT_QUARTERLY_LONG_PERP,-0.1386,-0.00036471621798669516,99.0,-887.0,-3829.0,4719.999999999999,-2413.56,0.0,0.0,824.4230539726018,17.8,28.000000000010232,-2392.783053972613,-8.019295826479993,-2832.994580958925,-9.494643311605623,29837.82,3.0
EUR,2026,6,EUR-2026-06,EuM6,2026-03-20,2026-06-18,90,64,SHORT_QUARTERLY_LONG_PERP,-0.14538,0.03472441370291112,4.1866797591981255,1093.0,11166.0,-12260.000000000005,-2681.22,0.0,0.0,1083.5624769863014,17.8,28.000000000010232,-4904.582476986317,-16.43746921519842,-5474.3637154794815,-18.347063275666525,29837.82,3.0
EUR,2026,9,EUR-2026-09,EuU6,2026-06-29,2026-09-17,80,58,LONG_QUARTERLY_SHORT_PERP,0.1311,0.04031196180444045,3.2521364411880107,1371.0,7477.0,-8849.999999999995,159.82999999999998,0.0,-0.0,921.2937846575359,17.8,28.000000000010232,-2180.263784657541,-7.3070478495330455,-2668.910676986315,-8.94472410178195,29837.82,3.0
IMOEX,2025,6,IMOEX-2025-06,MMM5,2025-05-15,2025-06-19,35,25,LONG_QUARTERLY_SHORT_PERP,4.386,1.2297187123287745,3.5666693171595574,189.0,-904.1000000000031,560.0,762.7679,53.27,-532.7,99.4296780821918,6.0,13.000000000001819,-232.4617780821967,-4.643876528130471,-295.1766171232943,-5.896727518909064,5005.77,3.0
IMOEX,2025,9,IMOEX-2025-09,MMU5,2025-06-20,2025-09-18,90,64,LONG_QUARTERLY_SHORT_PERP,4.176,1.1620085021404143,3.593777491565533,492.5,-149.20000000000073,-425.0,1741.7305,93.47999999999999,-934.8,232.18544136986336,6.0,13.000000000001819,-18.454941369865963,-0.3686733783187394,-147.54766205479882,-2.9475517663575994,5005.77,3.0
IMOEX,2026,9,IMOEX-2026-09,MMU6,2026-06-19,2026-09-17,90,64,LONG_QUARTERLY_SHORT_PERP,1.47845,0.39329320815496815,3.7591546697075193,58.5,-1684.2000000000007,1715.0,653.1945000000001,89.28,-892.8,174.20765321917779,6.0,13.000000000001819,-402.01315321918025,-8.030995295812238,-502.1169798287716,-10.03076409481002,5005.77,3.0
