date,spot_close,perp_settle,premium_rub_per_share,premium_bps,swaprate_rub_per_share,funding_rub_per_contract,funding_annualized_pct,ruonia_pct,capital_cost_rub_per_day,funding_minus_ruonia_rub_per_day,funding_minus_ruonia_annualized_pct,roundtrip_exchange_plus_buffer_rub,perp_volume,perp_open_interest
2025-01-09,271.8,271.8,0.0,0.0,0.14945,14.945,20.069628403237676,21.0,15.637808219178083,-0.6928082191780831,-0.9303715967623241,46.298,13787.0,75572.0
2025-01-10,278.77,278.48,-0.2899999999999636,-10.402841051761799,0.14394,14.394000000000002,18.84639667109087,20.62,15.748595616438358,-1.3545956164383561,-1.7736033289091324,47.064699999999995,19125.0,73810.0
2025-01-13,279.8,281.8,2.0,71.4796283059328,0.22062,22.062,28.779949964260187,20.49,15.707128767123285,6.354871232876716,8.289949964260188,47.178000000000004,21238.0,83128.0
2025-01-14,279.85,279.73,-0.12000000000000455,-4.288011434697321,0.16658,16.658,21.726532070752185,21.0,16.10095890410959,0.557041095890412,0.7265320707521852,47.1835,16351.0,82780.0
2025-01-15,282.77,277.24,-5.529999999999973,-195.5653004208358,0.15406,15.406,19.886091169501714,20.74,16.067533698630136,-0.6615336986301354,-0.853908830498284,47.50469999999999,15576.0,90116.0
2025-01-16,281.8,282.7,0.8999999999999773,31.937544357699686,0.1852,18.52,23.987934705464866,20.85,16.097342465753428,2.4226575342465715,3.1379347054648647,47.397999999999996,20929.0,84212.0
2025-01-17,283.53,283.9,0.37000000000000455,13.049765456918301,0.16573,16.573,21.33511444997002,21.06,16.35929260273972,0.2137073972602792,0.27511444997002243,47.588300000000004,12431.0,83578.0
2025-01-20,278.19,280.5,2.3100000000000023,83.03677342823258,0.22815,22.814999999999998,29.934487220964083,21.08,16.06642520547945,6.748574794520547,8.854487220964085,47.000899999999994,20253.0,87880.0
2025-01-21,281.85,281.08,-0.7700000000000387,-27.319496185915863,0.23395,23.395,30.296877771864466,21.18,16.35502191780822,7.03997808219178,9.116877771864466,47.4035,12395.0,87816.0
2025-01-22,280.36,283.87,3.509999999999991,125.19617634469934,0.27603,27.603,35.936278356398915,20.84,16.00740383561644,11.595596164383561,15.096278356398916,47.239599999999996,10499.0,87914.0
2025-01-23,280.49,278.51,-1.9800000000000182,-70.59075189846405,0.2841,28.410000000000004,36.969767193126316,20.73,15.930295068493152,12.479704931506852,16.239767193126315,47.2539,13071.0,89244.0
2025-01-24,280.74,280.72,-0.01999999999998181,-0.7124029350994446,0.28675,28.675,37.28138134929116,20.73,15.944493698630138,12.730506301369862,16.55138134929116,47.2814,12894.0,88776.0
2025-01-27,275.23,276.52,1.2899999999999636,46.86989063692052,0.22891,22.891000000000002,30.35721033317589,20.71,15.616474794520549,7.274525205479453,9.647210333175888,46.67529999999999,21458.0,74986.0
2025-01-28,278.35,278.7,0.3499999999999659,12.57409735943833,0.24555,24.555,32.19894018322256,20.72,15.801128767123288,8.753871232876712,11.478940183222562,47.0185,11943.0,70824.0
2025-01-29,280.36,282.0,1.6399999999999864,58.49621914681075,0.20896,20.896,27.204451419603366,20.68,15.884506301369862,5.011493698630138,6.524451419603366,47.239599999999996,9173.0,68652.0
2025-01-30,281.97,282.5,0.5299999999999727,18.79632585026679,0.219,21.9,28.348760506436854,20.68,15.97572493150685,5.924275068493149,7.668760506436854,47.4167,7393.0,69058.0
2025-01-31,280.73,280.95,0.21999999999997044,7.836711430911211,0.13977,13.977,18.172639190681437,20.76,15.966999452054795,-1.9899994520547946,-2.5873608093185645,47.280300000000004,10794.0,69984.0
2025-02-03,279.55,279.22,-0.3299999999999841,-11.804686102664427,0.24129,24.129,31.50450724378465,20.56,15.746706849315068,8.382293150684934,10.944507243784653,47.1505,8483.0,70464.0
2025-02-04,277.4,278.0,0.6000000000000227,21.629416005768668,0.17845,17.845,23.480263157894736,20.26,15.397599999999997,2.447400000000002,3.2202631578947347,46.913999999999994,5590.0,70386.0
2025-02-05,282.88,280.79,-2.089999999999975,-73.8829185520353,0.29745,29.744999999999997,38.37996677036199,20.26,15.701777534246576,14.043222465753422,18.119966770361987,47.5168,9793.0,70428.0
2025-02-06,287.15,287.15,0.0,0.0,0.21366,21.366,27.15859306982414,20.26,15.938791780821917,5.427208219178082,6.898593069824138,47.98649999999999,22998.0,62070.0
2025-02-07,285.81,286.3,0.4900000000000091,17.144256674014525,0.1409,14.09,17.993947027745705,20.26,15.864412602739725,-1.7744126027397247,-2.266052972254297,47.839099999999995,8865.0,59992.0
2025-02-10,289.94,293.5,3.5600000000000023,122.78402428088577,0.15746,15.745999999999999,19.822342553631785,20.43,16.228696438356167,-0.48269643835616804,-0.607657446368215,48.29339999999999,14140.0,59254.0
2025-02-11,294.06,293.5,-0.5600000000000023,-19.04373257158411,0.20169,20.169,25.034635788614573,21.14,17.031310684931505,3.1376893150684957,3.894635788614572,48.7466,16499.0,58320.0
2025-02-12,314.0,296.87,-17.129999999999995,-545.5414012738852,0.08138,8.138,9.459777070063694,20.76,17.859287671232877,-9.721287671232878,-11.300222929936307,50.94,23504.0,56252.0
2025-02-13,310.1,310.75,0.6499999999999773,20.96098032892542,0.25484,25.484,29.995678813286037,20.85,17.713931506849317,7.770068493150685,9.145678813286036,50.511,92525.0,52794.0
2025-02-14,309.87,309.57,-0.30000000000001137,-9.681479330041997,0.20193,20.193,23.78560364023623,20.98,17.81115780821918,2.381842191780823,2.805603640236228,50.485699999999994,26940.0,55220.0
2025-02-17,319.5,318.5,-1.0,-31.29890453834116,0.29508,29.508000000000003,33.71023474178404,20.97,18.355931506849316,11.152068493150686,12.740234741784043,51.544999999999995,15855.0,53840.0
2025-02-18,312.95,313.03,0.07999999999998408,2.556318900782364,0.17442,17.442,20.34296213452628,20.97,17.979620547945206,-0.5376205479452061,-0.6270378654737172,50.82449999999999,16618.0,52134.0
2025-02-19,315.91,315.0,-0.910000000000025,-28.805672501662656,0.22658,22.658,26.178880060776805,20.97,18.14967863013699,4.508321369863012,5.208880060776806,51.150099999999995,8297.0,52014.0
2025-02-20,315.05,315.31,0.2599999999999909,8.252658308204758,0.27546,27.546,31.91331534677035,21.0,18.126164383561644,9.419835616438355,10.91331534677035,51.055499999999995,9064.0,51382.0
2025-02-21,314.74,314.12,-0.6200000000000045,-19.69879900870574,0.22966,22.966,26.63337993264282,21.12,18.211804931506848,4.7541950684931535,5.51337993264282,51.0214,9367.0,52418.0
2025-02-24,316.03,315.19,-0.839999999999975,-26.57975508654163,0.28149,28.149,32.510790114862516,21.07,18.24315643835616,9.905843561643842,11.440790114862516,51.16329999999999,6425.0,53636.0
2025-02-25,316.97,316.38,-0.5900000000000318,-18.613748935231467,0.33622,33.622,38.716692431460395,21.16,18.375575890410964,15.246424109589036,17.556692431460394,51.2667,9634.0,54198.0
2025-02-26,310.22,312.53,2.3099999999999454,74.46328412094465,0.25803,25.802999999999997,30.359406227838303,21.17,17.992760000000004,7.810239999999993,9.189406227838301,50.5242,13542.0,56396.0
2025-02-27,307.1,309.32,2.2199999999999704,72.28915662650506,0.33834,33.833999999999996,40.212992510582865,21.16,17.803386301369866,16.03061369863013,19.052992510582865,50.181000000000004,13049.0,56308.0
2025-02-28,309.63,307.0,-2.6299999999999955,-84.94008978458145,0.31922,31.922,37.63049446113103,21.17,17.958540000000003,13.963459999999998,16.460494461131027,50.4593,14244.0,56728.0
2025-03-03,305.5,303.95,-1.5500000000000114,-50.736497545008554,0.35652,35.652,42.59567921440262,21.14,17.693890410958904,17.958109589041097,21.455679214402622,50.004999999999995,19303.0,59058.0
2025-03-04,316.4,316.2,-0.19999999999998863,-6.321112515802423,0.31388,31.387999999999998,36.209292035398235,21.24,18.41187945205479,12.976120547945207,14.969292035398237,51.204,18058.0,57158.0
2025-03-05,313.56,317.5,3.9399999999999977,125.6537823702002,0.33775,33.775,39.31584066845261,21.29,18.28956821917808,15.48543178082192,18.02584066845261,50.8916,13036.0,57532.0
2025-03-06,315.18,315.79,0.6100000000000136,19.354019925122586,0.30357,30.357,35.15548258138207,21.37,18.453141369863015,11.903858630136984,13.785482581382066,51.0698,6825.0,57614.0
2025-03-07,316.92,313.16,-3.759999999999991,-118.64192856241294,0.30945,30.945,35.63967247254827,21.4,18.58106301369863,12.363936986301372,14.239672472548271,51.2612,20229.0,58770.0
2025-03-10,317.57,317.6,0.03000000000002956,0.9446736152668563,0.29114,29.114,33.46226028907013,21.45,18.662675342465754,10.451324657534247,12.01226028907013,51.3327,14126.0,59126.0
2025-03-11,319.69,320.23,0.5400000000000205,16.8913635083994,0.24954,24.954,28.490756670524576,21.16,18.533261369863013,6.420738630136988,7.3307566705245755,51.5659,9191.0,59424.0
2025-03-12,318.39,318.97,0.5800000000000409,18.216652533058227,0.26143,26.143,29.970146675460914,21.21,18.50151205479452,7.64148794520548,8.760146675460913,51.4229,14468.0,60506.0
2025-03-13,316.37,313.02,-3.3500000000000227,-105.88867465309679,0.29376,29.376,33.89145620634068,21.18,18.358127671232875,11.017872328767126,12.711456206340678,51.2007,18240.0,71848.0
2025-03-14,320.51,320.15,-0.36000000000001364,-11.23209884247024,0.31134,31.134,35.455711210258656,21.5,18.879356164383562,12.254643835616438,13.955711210258656,51.6561,18881.0,70896.0
2025-03-17,326.02,324.99,-1.0299999999999727,-31.593153794244916,0.36162,36.162,40.48564505245078,21.41,19.123529315068495,17.038470684931504,19.075645052450778,52.26219999999999,15382.0,74658.0
2025-03-18,324.06,328.2,4.139999999999986,127.75411960747968,0.3511,35.11,39.54560883786954,21.4,18.99968219178082,16.11031780821918,18.14560883786954,52.0466,15029.0,79002.0
2025-03-19,325.3,326.18,0.8799999999999955,27.051952044266688,0.44873,44.873000000000005,50.34935444205348,21.45,19.11694520547945,25.756054794520555,28.899354442053482,52.183,19944.0,88242.0
2025-03-20,324.05,324.8,0.75,23.144576454250885,0.48927,48.927,55.109875019287145,21.45,19.04348630136986,29.88351369863014,33.65987501928714,52.0455,18482.0,91284.0
2025-03-21,323.26,322.22,-1.0399999999999636,-32.17224525149922,0.39297,39.297,44.37110994246118,21.48,19.023629589041096,20.2733704109589,22.89110994246118,51.95859999999999,17557.0,88998.0
2025-03-24,319.47,320.68,1.2099999999999795,37.87523085109649,0.33207,33.207,37.93957179077847,21.58,18.88811671232877,14.31888328767123,16.359571790778475,51.5417,19422.0,90074.0
2025-03-25,319.8,317.55,-2.25,-70.35647279549718,0.3112,31.119999999999997,35.51844903064415,21.54,18.872580821917808,12.24741917808219,13.97844903064415,51.577999999999996,21952.0,87304.0
2025-03-26,315.23,315.94,0.7099999999999795,22.52323700155377,0.31328,31.328,36.274212479776665,21.53,18.59425178082192,12.733748219178079,14.744212479776664,51.0753,8213.0,86234.0
2025-03-27,311.96,313.24,1.2800000000000296,41.03090139761603,0.34786,34.786,40.70037825362226,21.47,18.350085479452055,16.435914520547946,19.230378253622263,50.715599999999995,12464.0,82478.0
2025-03-28,308.04,308.04,0.0,0.0,0.3148,31.480000000000004,37.30099987014674,21.06,17.77348602739726,13.706513972602743,16.24099987014674,50.2844,17412.0,80462.0
2025-03-31,309.72,310.05,0.3299999999999841,10.654784967066513,0.38315,38.315,45.153606483275205,21.45,18.201353424657537,20.11364657534246,23.703606483275205,50.4692,13166.0,80540.0
2025-04-01,303.24,306.31,3.069999999999993,101.23994196016334,0.39596,39.596,47.66040100250626,21.49,17.85377424657534,21.742225753424655,26.170401002506264,49.75639999999999,14150.0,84058.0
2025-04-02,306.11,304.3,-1.8100000000000023,-59.129071248897525,0.33799,33.799,40.30131325340564,21.54,18.06468328767123,15.73431671232877,18.76131325340564,50.0721,19448.0,81672.0
2025-04-03,302.09,300.29,-1.7999999999999545,-59.5848919196251,0.3451,34.510000000000005,41.69667979741137,21.55,17.835724657534243,16.674275342465762,20.14667979741137,49.62989999999999,14796.0,85216.0
2025-04-04,285.35,288.77,3.419999999999959,119.85281233572661,0.31027,31.026999999999997,39.687594182582785,21.55,16.847376712328767,14.17962328767123,18.137594182582784,47.7885,25182.0,80814.0
2025-04-07,287.56,288.15,0.589999999999975,20.517457226317116,0.24343,24.343,30.898577688134647,21.66,17.064519452054796,7.278480547945204,9.238577688134647,48.0316,38723.0,75378.0
2025-04-08,282.03,290.91,8.880000000000052,314.86012126369724,0.24528,24.528,31.743857036485483,21.29,16.45046219178082,8.07753780821918,10.453857036485484,47.4233,13472.0,76104.0
2025-04-09,293.4,283.72,-9.67999999999995,-329.92501704157974,0.22961,22.961000000000002,28.564297886843903,21.5,17.282465753424656,5.678534246575346,7.064297886843903,48.674,23403.0,76568.0
2025-04-10,292.46,292.21,-0.25,-8.548177528550914,0.27508,27.508,34.33091704848527,21.53,17.251133698630134,10.256866301369865,12.800917048485267,48.57059999999999,19621.0,75752.0
2025-04-11,299.81,298.55,-1.259999999999991,-42.02661685734268,0.29088,29.088,35.41282812447884,21.54,17.692896986301367,11.395103013698634,13.872828124478843,49.379099999999994,19926.0,76272.0
2025-04-14,296.5,297.07,0.5699999999999932,19.224283305227427,0.26411,26.411,32.5126981450253,21.5,17.465068493150685,8.945931506849316,11.012698145025297,49.015,12006.0,77762.0
2025-04-15,297.99,297.2,-0.7900000000000205,-26.510956743515568,0.29074,29.073999999999998,35.611966844524986,21.28,17.373225205479454,11.700774794520544,14.331966844524985,49.1789,10482.0,75892.0
2025-04-16,300.8,302.7,1.8999999999999773,63.16489361702052,0.27006,27.006000000000004,32.76991356382979,20.97,17.281578082191782,9.724421917808222,11.79991356382979,49.488,10286.0,76992.0
2025-04-17,304.8,301.24,-3.5600000000000023,-116.79790026246727,0.23832,23.832,28.53897637795275,20.66,17.252515068493153,6.5794849315068475,7.87897637795275,49.928000000000004,12352.0,76758.0
2025-04-18,300.01,300.93,0.9200000000000159,30.665644478517915,0.21755,21.755,26.467701076630778,20.65,16.973168493150684,4.781831506849315,5.8177010766307795,49.4011,19854.0,75476.0
2025-04-21,308.12,307.68,-0.4399999999999977,-14.280150590678883,0.25144,25.144,29.78566792158899,20.67,17.44887780821918,7.695122191780818,9.115667921588987,50.29319999999999,13923.0,74838.0
2025-04-22,312.25,310.33,-1.920000000000016,-61.48919135308298,0.27398,27.398,32.02648518815052,20.65,17.665650684931506,9.732349315068493,11.376485188150518,50.7475,28513.0,72766.0
2025-04-23,310.0,311.79,1.7900000000000205,57.74193548387162,0.24698,24.698,29.079903225806454,20.69,17.572328767123288,7.125671232876712,8.389903225806453,50.5,20592.0,68378.0
2025-04-24,310.16,309.77,-0.3900000000000432,-12.574155274698322,0.23227,23.227,27.33381158111942,20.77,17.649378630136987,5.577621369863014,6.56381158111942,50.5176,9326.0,68258.0
2025-04-25,316.69,316.37,-0.3199999999999932,-10.10451861441767,0.24808,24.808,28.592377403770247,20.77,18.020962465753424,6.787037534246576,7.822377403770247,51.2359,14702.0,67736.0
2025-04-28,314.23,317.77,3.5399999999999636,112.65633453202952,0.12203,12.203,14.174633230436303,20.62,17.75184273972603,-5.54884273972603,-6.445366769563698,50.9653,13861.0,63162.0
2025-04-29,309.41,310.7,1.2899999999999636,41.69225299763949,0.19277,19.277,22.740393006043757,20.72,17.564315616438357,1.712684383561644,2.020393006043758,50.435100000000006,12465.0,61238.0
2025-04-30,307.8,306.62,-1.1800000000000068,-38.33658219623154,0.19199,19.198999999999998,22.766845354126055,20.74,17.48978630136986,1.709213698630137,2.0268453541260563,50.257999999999996,18016.0,64546.0
2025-05-02,299.96,300.75,0.7900000000000205,26.336844912655707,0.19827,19.827,24.126066808907858,20.74,17.044302465753418,2.7826975342465836,3.3860668089078594,49.3956,9057.0,64090.0
2025-05-05,294.64,292.41,-2.2299999999999613,-75.68558240564626,0.23581,23.581,29.212140238935653,20.65,16.66935890410959,6.91164109589041,8.562140238935655,48.810399999999994,14042.0,67040.0
2025-05-06,302.02,302.78,0.7599999999999909,25.16389643069965,0.32101,32.101,38.794997020064905,20.57,17.020688767123286,15.080311232876713,18.224997020064905,49.62219999999999,16544.0,67134.0
2025-05-07,302.79,302.9,0.1099999999999568,3.632880874532078,0.21639,21.639,26.084860794610126,20.67,17.147039178082196,4.491960821917804,5.414860794610124,49.7069,12083.0,64762.0
2025-05-08,302.15,301.95,-0.19999999999998863,-6.619228859837453,0.11865,11.865,14.333029952010593,20.67,17.11079589041096,-5.2457958904109585,-6.336970047989409,49.6365,7829.0,63496.0
2025-05-12,310.81,310.46,-0.35000000000002274,-11.260898941476231,0.2432,24.32,28.560213635339913,20.67,17.60121287671233,6.718787123287669,7.8902136353399115,50.589099999999995,17728.0,65940.0
2025-05-13,311.24,312.5,1.259999999999991,40.48322837681502,0.08919,8.919,10.459564965942683,20.67,17.62556383561644,-8.70656383561644,-10.21043503405732,50.636399999999995,6655.0,62960.0
2025-05-14,304.21,311.2,6.990000000000009,229.77548404063012,0.1646,16.46,19.74918641727754,20.87,17.394144383561642,-0.934144383561641,-1.1208135827224623,49.86309999999999,4969.0,61190.0
2025-05-15,304.72,302.51,-2.2100000000000364,-72.52559726962576,0.26961,26.961000000000002,32.29445064321344,20.93,17.473396164383562,9.48760383561644,11.364450643213438,49.919200000000004,16629.0,62744.0
2025-05-16,306.34,305.46,-0.8799999999999955,-28.726251876999264,0.21212,21.212,25.273813409936675,20.92,17.55789808219178,3.6541019178082195,4.353813409936674,50.0974,17327.0,59378.0
2025-05-19,308.33,311.2,2.8700000000000045,93.08208737391772,0.28996,28.996,34.32536567962897,20.9,17.6550602739726,11.340939726027397,13.425365679628975,50.3163,11413.0,61006.0
2025-05-20,306.16,305.2,-0.9600000000000364,-31.35615364515405,0.21976,21.976000000000003,26.199503527567288,20.87,17.505641643835617,4.470358356164386,5.329503527567287,50.0776,8150.0,58998.0
2025-05-21,303.98,303.58,-0.4000000000000341,-13.158760444767223,0.24512,24.512,29.43246266201724,20.86,17.372665205479453,7.139334794520547,8.57246266201724,49.8378,5525.0,59502.0
2025-05-22,302.66,304.25,1.589999999999975,52.53419678847468,0.41851,41.851,50.47120531289235,20.83,17.2723501369863,24.5786498630137,29.641205312892353,49.692600000000006,14889.0,65858.0
2025-05-23,302.22,302.22,0.0,0.0,0.26131,26.131,31.559178743961354,20.79,17.21412,8.916879999999999,10.769178743961355,49.6442,5781.0,66614.0
2025-05-26,297.77,296.37,-1.3999999999999773,-47.01615340699121,0.23025,23.025000000000002,28.223545017966888,20.71,16.895388219178084,6.129611780821918,7.513545017966887,49.1547,16952.0,61540.0
2025-05-27,298.7,299.5,0.8000000000000114,26.78272514228361,0.25162,25.162000000000003,30.747003682624708,20.75,16.980890410958903,8.1811095890411,9.997003682624708,49.257000000000005,8897.0,63932.0
2025-05-28,308.47,306.54,-1.9300000000000068,-62.56686225564906,0.18177,18.177,21.50810451583622,20.89,17.654625479452058,0.5223745205479418,0.6181045158362188,50.3317,18262.0,61204.0
2025-05-29,306.65,307.0,0.35000000000002274,11.413663786076073,0.24117,24.117,28.70603293657264,20.77,17.44964520547945,6.667354794520552,7.936032936572641,50.13149999999999,11752.0,59282.0
2025-05-30,309.3,309.19,-0.11000000000001364,-3.556417717426888,0.26404,26.404,31.158939540898807,21.03,17.820764383561645,8.583235616438355,10.128939540898806,50.423,9292.0,59244.0
2025-06-02,309.63,310.99,1.3600000000000136,43.923392436133895,0.32205,32.205,37.964102315667084,21.08,17.882192876712327,14.32280712328767,16.884102315667086,50.4593,17085.0,61638.0
2025-06-03,313.55,313.86,0.3100000000000023,9.886780417796277,0.22702,22.701999999999998,26.427140806888854,21.11,18.134357534246572,4.567642465753426,5.317140806888855,50.890499999999996,12139.0,61900.0
2025-06-04,313.23,314.17,0.9399999999999977,30.009896880886178,0.2264,22.64,26.381891900520383,20.79,17.841237534246574,4.798762465753427,5.591891900520384,50.8553,18442.0,61118.0
2025-06-05,317.96,318.0,0.040000000000020464,1.2580198767146957,0.2473,24.73,28.388633790413888,20.79,18.11065315068493,6.619346849315072,7.5986337904138885,51.37559999999999,9447.0,59256.0
2025-06-06,313.13,313.03,-0.10000000000002274,-3.1935617794533497,0.13687,13.687,15.954252227509341,20.6,17.672542465753423,-3.985542465753424,-4.64574777249066,50.8443,25728.0,55698.0
2025-06-09,311.17,310.12,-1.0500000000000114,-33.74361281614588,0.20713,20.713,24.29618857859048,19.72,16.811705205479452,3.901294794520549,4.576188578590482,50.6287,11603.0,56748.0
2025-06-10,308.68,309.38,0.6999999999999886,22.67720616819971,0.30516,30.516,36.08377607878709,19.8,16.74483287671233,13.771167123287668,16.28377607878709,50.3548,10874.0,57728.0
2025-06-11,312.0,313.29,1.2900000000000205,41.3461538461545,0.3486,34.86,40.781730769230776,19.88,16.99331506849315,17.86668493150685,20.901730769230777,50.72,11300.0,57728.0
2025-06-13,310.2,310.01,-0.18999999999999773,-6.1250805931656265,0.28662,28.662,33.725435203094776,19.88,16.895276712328766,11.766723287671233,13.845435203094777,50.522,10543.0,60272.0
2025-06-16,311.5,311.71,0.20999999999997954,6.7415730337072075,0.37523,37.523,43.967560192616375,19.75,16.85513698630137,20.667863013698632,24.217560192616375,50.66499999999999,11891.0,62266.0
2025-06-17,313.56,314.18,0.6200000000000045,19.77293022069156,0.38312,38.312000000000005,44.59714249266488,19.79,17.000965479452056,21.31103452054795,24.80714249266488,50.8916,8580.0,65924.0
2025-06-18,313.38,313.8,0.4200000000000159,13.402259237986339,0.30724,30.724,35.78486182908929,19.81,17.008377534246574,13.715622465753427,15.974861829089289,50.87179999999999,10744.0,65344.0
2025-06-19,312.46,312.8,0.34000000000003183,10.881392818281759,0.41788,41.788,48.814632272930936,19.73,16.889961095890406,24.89803890410959,29.084632272930936,50.770599999999995,10892.0,66880.0
2025-06-20,309.7,309.76,0.060000000000002274,1.9373587342590337,0.2139,21.39,25.209396189861156,19.73,16.7407698630137,4.649230136986301,5.479396189861156,50.467,11382.0,66850.0
2025-06-23,310.17,310.97,0.8000000000000114,25.7923074443051,0.17869,17.869,21.027775091079086,19.72,16.757677808219178,1.1113221917808218,1.3077750910790868,50.518699999999995,15605.0,64740.0
2025-06-24,311.37,310.82,-0.5500000000000114,-17.663872563188853,0.24475,24.474999999999998,28.690545010758907,19.73,16.831041369863016,7.643958630136982,8.960545010758906,50.6507,13754.0,64440.0
2025-06-25,313.78,314.1,0.32000000000005,10.19822805787654,0.37185,37.185,43.254907897252856,19.73,16.961313424657533,20.22368657534247,23.524907897252856,50.9158,14183.0,70654.0
2025-06-26,312.84,313.51,0.6700000000000159,21.416698631889016,0.32482,32.482,37.8977432553382,19.71,16.893359999999998,15.588640000000002,18.187743255338198,50.8124,11350.0,72170.0
2025-06-27,315.18,314.59,-0.5900000000000318,-18.719461894791287,0.35674,35.674,41.31293229265816,19.86,17.14924602739726,18.52475397260274,21.45293229265816,51.0698,14135.0,81552.0
2025-06-30,316.15,316.78,0.6299999999999955,19.9272497232325,0.35552,35.552,41.045326585481575,20.23,17.522505479452054,18.029494520547946,20.815326585481575,51.1765,18070.0,87260.0
2025-07-01,318.42,319.05,0.6299999999999955,19.78518937252671,0.316,31.6,36.22259908297217,19.96,17.41277589041096,14.187224109589042,16.262599082972166,51.4262,11423.0,85914.0
2025-07-02,319.43,318.54,-0.8899999999999864,-27.862129418025432,0.33477,33.477000000000004,38.252840998027736,20.06,17.555522739726026,15.921477260273978,18.192840998027737,51.537299999999995,10988.0,83522.0
2025-07-03,319.17,321.01,1.839999999999975,57.64952846445389,0.36028,36.028,41.20130338064354,19.99,17.480022739726028,18.54797726027397,21.21130338064354,51.508700000000005,10636.0,84302.0
2025-07-04,319.44,319.27,-0.17000000000001592,-5.321813173053341,0.28768,28.768,32.8710242925119,20.0,17.503561643835617,11.264438356164383,12.871024292511898,51.538399999999996,10898.0,85440.0
2025-07-07,313.5,313.0,-0.5,-15.94896331738437,0.31969,31.968999999999998,37.22068580542264,20.0,17.17808219178082,14.790917808219177,17.22068580542264,50.88499999999999,18061.0,83998.0
2025-07-08,309.71,315.3,5.590000000000032,180.49142746440324,0.299,29.9,35.237803106131544,19.95,16.927984931506845,12.972015068493153,15.287803106131545,50.46809999999999,10285.0,83772.0
2025-07-09,310.09,309.5,-0.589999999999975,-19.026734173948693,0.2716,27.16,31.969428230513724,19.66,16.702381917808218,10.457618082191782,12.309428230513724,50.509899999999995,28068.0,89950.0
2025-07-10,314.01,314.22,0.21000000000003638,6.687685105571045,0.31762,31.762,36.91962039425496,19.37,16.664037534246575,15.097962465753426,17.549620394254962,50.9411,23090.0,93074.0
2025-07-11,309.88,310.42,0.5400000000000205,17.426100425972002,0.33943,33.943,39.980621530915194,19.25,16.342986301369866,17.600013698630132,20.730621530915194,50.486799999999995,23593.0,95224.0
2025-07-14,317.97,316.56,-1.410000000000025,-44.34380601943658,0.40347,40.347,46.314605151429376,19.22,16.74351616438356,23.60348383561644,27.094605151429377,51.3767,39645.0,110436.0
2025-07-15,319.99,319.98,-0.009999999999990905,-0.3125097659299011,0.47484,47.484,54.16313009781556,19.24,16.86741808219178,30.616581917808222,34.92313009781556,51.5989,26706.0,124366.0
2025-07-16,321.58,321.6,0.020000000000038654,0.6219292244554591,0.47997,47.997,54.47759499968904,19.17,16.88955780821918,31.10744219178082,35.30759499968904,51.7738,36278.0,160660.0
2025-07-17,327.05,325.92,-1.1299999999999955,-34.55129185139873,0.4824,48.24,53.837639504662896,19.21,17.212686301369867,31.027313698630135,34.627639504662895,52.375499999999995,69935.0,185452.0
2025-07-18,309.0,308.13,-0.8700000000000045,-28.155339805825392,0.15809,15.809000000000001,18.67406148867314,19.13,16.194986301369863,-0.38598630136986145,-0.4559385113268597,50.39,122512.0,110748.0
2025-07-21,310.4,309.8,-0.5999999999999659,-19.3298969072154,0.15957,15.956999999999999,18.76386920103093,19.1,16.24284931506849,-0.2858493150684911,-0.33613079896907294,50.544,40901.0,123492.0
2025-07-22,310.67,310.39,-0.28000000000002956,-9.012778832846092,0.18553,18.553,21.797550455467213,19.1,16.256978082191782,2.2960219178082184,2.697550455467212,50.5737,21876.0,108832.0
2025-07-23,313.08,313.44,0.36000000000001364,11.498658489843287,0.13015,13.014999999999999,15.173358247093393,19.1,16.383090410958907,-3.3680904109589083,-3.926641752906608,50.83879999999999,17580.0,104094.0
2025-07-24,310.83,310.39,-0.4399999999999977,-14.155647781745575,0.25932,25.932,30.451307788823474,19.11,16.273866575342467,9.658133424657532,11.341307788823475,50.59129999999999,16914.0,103438.0
2025-07-25,308.93,309.8,0.8700000000000045,28.16171948337826,0.2156,21.560000000000002,25.473084517528243,19.12,16.182853698630137,5.377146301369866,6.3530845175282415,50.3823,25932.0,103942.0
2025-07-28,303.97,304.39,0.4199999999999591,13.81715300851923,0.17478,17.477999999999998,20.987169786492085,18.48,15.390042739726027,2.0879572602739707,2.507169786492085,49.8367,31971.0,98048.0
2025-07-29,305.26,307.43,2.170000000000016,71.08694227871375,0.20966,20.966,25.069088645744614,18.58,15.538988493150683,5.427011506849318,6.489088645744616,49.97859999999999,19250.0,99340.0
2025-07-30,303.3,303.86,0.5600000000000023,18.463567424991833,0.22794,22.794,27.430959446092977,18.5,15.372739726027397,7.421260273972603,8.930959446092977,49.763,14813.0,98730.0
2025-07-31,304.95,305.35,0.4000000000000341,13.116904410560227,0.20624,20.624000000000002,24.68522708640761,18.23,15.230790410958905,5.393209589041097,6.455227086407611,49.9445,11345.0,101646.0
2025-08-01,304.22,304.2,-0.020000000000038654,-0.6574189731128346,0.12046,12.046,14.452665833935965,18.09,15.077643287671235,-3.031643287671235,-3.6373341660640346,49.8642,7520.0,104034.0
2025-08-04,307.95,307.69,-0.2599999999999909,-8.442929046922906,0.17134,17.134,20.308199383016724,17.93,15.127516438356164,2.0064835616438366,2.3781993830167245,50.274499999999996,14449.0,101976.0
2025-08-05,307.38,307.76,0.37999999999999545,12.36254798620585,0.05704,5.704,6.773244843516169,17.75,14.947931506849315,-9.243931506849314,-10.976755156483831,50.2118,12694.0,102062.0
2025-08-06,310.22,304.67,-5.550000000000011,-178.90529301785867,0.07533,7.5329999999999995,8.863209980014181,17.77,15.103039452054796,-7.570039452054797,-8.906790019985818,50.5242,14194.0,100398.0
2025-08-07,313.43,313.1,-0.3299999999999841,-10.528666687936191,0.16107,16.107,18.75715470759021,17.77,15.25931808219178,0.8476819178082184,0.9871547075902107,50.8773,44162.0,92560.0
2025-08-08,317.97,316.0,-1.9700000000000273,-61.95553039595016,0.05726,5.726,6.572915683869547,17.75,15.462924657534248,-9.73692465753425,-11.177084316130454,51.3767,28323.0,83408.0
2025-08-11,317.82,317.98,0.160000000000025,5.0342961424713675,0.10702,10.702,12.290699137876787,17.59,15.316311780821918,-4.614311780821918,-5.2993008621232125,51.3602,21319.0,82226.0
2025-08-12,318.0,318.85,0.8500000000000227,26.729559748428386,0.13701,13.700999999999999,15.725990566037733,17.09,14.889369863013698,-1.1883698630136994,-1.3640094339622664,51.379999999999995,7873.0,82030.0
2025-08-13,317.51,319.1,1.5900000000000318,50.077162924003396,0.15841,15.841,18.21033983181632,17.73,15.423156986301372,0.41784301369862753,0.4803398318163197,51.3261,7291.0,83160.0
2025-08-14,318.73,318.61,-0.12000000000000455,-3.7649421140151396,0.27114,27.114,31.05013647915163,17.77,15.517348219178082,11.596651780821919,13.28013647915163,51.4603,10032.0,83216.0
2025-08-15,319.4,319.99,0.5900000000000318,18.472135253601497,0.1363,13.63,15.575923606762682,17.81,15.584969863013693,-1.9549698630136927,-2.2340763932373164,51.53399999999999,9665.0,84370.0
2025-08-18,318.38,316.89,-1.490000000000009,-46.79942207425118,0.16264,16.264,18.645517934543626,17.68,15.421803835616437,0.8421961643835623,0.9655179345436267,51.42179999999999,19172.0,83268.0
2025-08-19,316.5,317.0,0.5,15.797788309636651,0.0806,8.06,9.295102685624013,17.74,15.38276712328767,-7.322767123287669,-8.444897314375986,51.215,12139.0,86040.0
2025-08-20,314.17,314.66,0.4900000000000091,15.596651494414141,0.19351,19.351,22.481825126523855,17.72,15.252307945205478,4.098692054794521,4.761825126523856,50.9587,11722.0,86674.0
2025-08-21,309.98,311.34,1.3599999999999568,43.87379830956696,0.22951,22.951,27.02469514162204,17.76,15.082862465753426,7.868137534246575,9.264695141622038,50.4978,14429.0,88392.0
2025-08-22,312.05,312.0,-0.05000000000001137,-1.6023073225448283,0.14492,14.491999999999999,16.95106553436949,17.74,15.166484931506846,-0.6744849315068464,-0.7889344656305077,50.7255,8297.0,88988.0
2025-08-25,311.42,311.97,0.5500000000000114,17.66103654229052,0.19741,19.741,23.137451030762314,17.74,15.13586520547945,4.60513479452055,5.397451030762316,50.6562,9899.0,89484.0
2025-08-26,311.79,311.21,-0.5800000000000409,-18.60226434459222,0.1454,14.540000000000001,17.02139260399628,17.75,15.162390410958904,-0.6223904109589036,-0.7286073960037207,50.6969,5490.0,89804.0
2025-08-27,312.78,312.99,0.21000000000003638,6.7139842700951595,0.17155,17.155,20.019102883816103,17.72,15.184826301369862,1.9701736986301395,2.2991028838161043,50.80579999999999,4964.0,89254.0
2025-08-28,310.82,314.5,3.680000000000007,118.39649958175171,0.25429,25.429000000000002,29.861608004632913,17.75,15.11521917808219,10.313780821917812,12.111608004632913,50.590199999999996,5888.0,89572.0
2025-08-29,310.04,310.51,0.46999999999997044,15.15933427944686,0.18891,18.891,22.239759385885687,17.75,15.077287671232877,3.813712328767121,4.489759385885687,50.5044,14454.0,93292.0
2025-09-01,309.2,308.88,-0.3199999999999932,-10.349288486416338,0.22245,22.245,26.259459896507114,17.75,15.036438356164382,7.208561643835619,8.509459896507114,50.412,9921.0,95174.0
2025-09-02,308.44,307.47,-0.9699999999999704,-31.44857995071879,0.19904,19.904,23.553884061729995,17.75,14.999479452054793,4.904520547945207,5.803884061729995,50.328399999999995,12497.0,98926.0
2025-09-03,309.49,308.9,-0.5900000000000318,-19.063620795503304,0.18971,18.971,22.373630811981,17.74,15.042061917808217,3.9289380821917828,4.633630811981,50.4439,12160.0,101354.0
2025-09-04,308.74,308.05,-0.6899999999999977,-22.348901988728308,0.21797,21.797,25.768947982120878,17.75,15.014068493150683,6.782931506849318,8.018947982120878,50.3614,7737.0,102836.0
2025-09-05,310.5,310.78,0.2799999999999727,9.017713365538574,0.17534,17.534,20.61162640901771,17.73,15.082643835616437,2.4513561643835615,2.8816264090177093,50.555,8574.0,103362.0
2025-09-08,312.83,312.86,0.03000000000002956,0.9589873094022171,0.18809,18.809,21.94573730140971,17.72,15.187253698630137,3.621746301369864,4.225737301409712,50.811299999999996,11179.0,104192.0
2025-09-09,313.06,313.73,0.6700000000000159,21.40164824634306,0.1627,16.27,18.96936689452501,17.75,15.224150684931505,1.0458493150684944,1.2193668945250096,50.8366,8706.0,101988.0
2025-09-10,309.76,310.25,0.4900000000000091,15.818698347107732,0.22241,22.241,26.207273372933887,17.07,14.48658410958904,7.754415890410959,9.137273372933887,50.47359999999999,10898.0,102906.0
2025-09-11,307.11,307.79,0.6800000000000068,22.141903552473277,0.35483,35.483,42.171518348474486,17.05,14.345823287671234,21.137176712328763,25.121518348474485,50.1821,19194.0,109216.0
2025-09-12,303.5,303.88,0.37999999999999545,12.520593080724728,0.21829,21.829,26.252339373970347,17.06,14.185506849315066,7.643493150684934,9.192339373970349,49.785,26323.0,116648.0
2025-09-15,302.48,302.5,0.01999999999998181,0.6612007405442281,0.26337,26.337,31.780630124305738,16.76,13.88921863013699,12.44778136986301,15.020630124305736,49.6728,28434.0,115050.0
2025-09-16,301.8,302.0,0.19999999999998863,6.626905235254759,0.35568,35.568,43.016302186878725,16.79,13.8828,21.6852,26.226302186878726,49.598,15550.0,124692.0
2025-09-17,304.5,304.3,-0.19999999999998863,-6.568144499178608,0.26564,26.564,31.84190476190476,16.83,14.040369863013698,12.523630136986302,15.011904761904763,49.894999999999996,17992.0,130520.0
2025-09-18,301.68,302.86,1.1800000000000068,39.11429329090449,0.41013,41.013,49.62127088305489,16.88,13.951666849315066,27.06133315068493,32.741270883054895,49.5848,25259.0,153158.0
2025-09-19,294.84,297.4,2.5600000000000023,86.82675349342024,0.24566,24.566,30.4117148283815,16.96,13.699962739726027,10.866037260273972,13.451714828381498,48.83239999999999,24749.0,143202.0
2025-09-22,298.05,298.01,-0.040000000000020464,-1.3420567018963416,0.17199,17.199,21.062355309511826,16.96,13.849117808219178,3.3498821917808232,4.102355309511825,49.185500000000005,47834.0,125814.0
2025-09-23,291.6,298.6,7.0,240.0548696844993,0.17084,17.084,21.384293552812068,16.92,13.517457534246578,3.5665424657534217,4.464293552812066,48.476,16053.0,125284.0
2025-09-24,293.31,293.53,0.21999999999997044,7.500596638367953,0.15945,15.945,19.84223176843613,16.91,13.588690684931505,2.3563093150684953,2.9322317684361288,48.6641,43190.0,124564.0
2025-09-25,289.9,290.97,1.07000000000005,36.90927906174716,0.2279,22.79,28.693859951707484,17.0,13.502191780821919,9.28780821917808,11.693859951707484,48.288999999999994,19286.0,123928.0
2025-09-26,291.33,291.98,0.6500000000000341,22.311468094601796,0.15955,15.955,19.98961658600213,17.0,13.568794520547947,2.3862054794520535,2.9896165860021284,48.446299999999994,19941.0,124566.0
2025-09-29,287.57,287.71,0.13999999999998636,4.868379872726166,0.18873,18.873,23.954671905970724,17.0,13.393671232876713,5.479328767123288,6.954671905970724,48.03269999999999,27321.0,121282.0
2025-09-30,288.36,289.15,0.7899999999999636,27.396310167844486,0.197,19.7,24.935844083784158,16.99,13.422565479452054,6.277434520547946,7.945844083784159,48.1196,30836.0,123488.0
2025-10-01,286.4,286.3,-0.0999999999999659,-3.4916201117306533,0.15461,15.461,19.704137569832405,16.8,13.182246575342464,2.278753424657536,2.904137569832404,47.903999999999996,15702.0,124280.0
2025-10-02,285.22,285.05,-0.17000000000001592,-5.960311338616363,0.31182,31.182,39.904038987448274,16.76,13.096677260273976,18.085322739726024,23.144038987448273,47.7742,25324.0,122986.0
2025-10-03,282.91,283.7,0.7899999999999636,27.924074794102843,0.22899,22.899,29.54344137711639,16.79,13.01386,9.885140000000002,12.753441377116392,47.5201,12371.0,122492.0
2025-10-06,290.56,290.0,-0.5600000000000023,-19.273127753304042,0.115,11.5,14.446241740088105,16.83,13.397602191780821,-1.8976021917808215,-2.383758259911893,48.361599999999996,43981.0,120344.0
2025-10-07,293.89,293.67,-0.21999999999997044,-7.485794004558524,0.25129,25.129,31.20924495559564,16.83,13.551147123287668,11.577852876712333,14.379244955595642,48.72789999999999,35926.0,119198.0
2025-10-08,281.9,280.22,-1.67999999999995,-59.595601277046825,0.19944,19.944,25.823199716211427,16.75,12.936506849315068,7.007493150684931,9.073199716211427,47.40899999999999,32453.0,121096.0
2025-10-09,289.37,289.45,0.07999999999998408,2.7646266026189337,0.2605,26.05,32.85845111794588,16.75,13.279308219178082,12.770691780821918,16.108451117945883,48.2307,53667.0,119858.0
2025-10-10,285.12,285.75,0.6299999999999955,22.095959595959435,0.30881,30.880999999999997,39.53270552749719,16.35,12.771813698630138,18.10918630136986,23.18270552749719,47.7632,25849.0,126582.0
2025-10-13,285.39,284.79,-0.5999999999999659,-21.02386208346354,0.23084,23.084,29.523318967027574,16.35,12.783908219178082,10.300091780821917,13.173318967027573,47.792899999999996,19728.0,127306.0
2025-10-14,283.3,283.28,-0.020000000000038654,-0.7059654076963873,0.19046,19.046,24.538616307800915,16.35,12.690287671232877,6.355712328767122,8.188616307800913,47.562999999999995,12729.0,127724.0
2025-10-15,283.74,283.94,0.19999999999998863,7.048706562345409,0.27403,27.403,35.250916331853105,16.35,12.709997260273974,14.693002739726024,18.900916331853104,47.61139999999999,11919.0,127322.0
2025-10-16,302.91,293.27,-9.640000000000043,-318.2463437984894,0.28451,28.450999999999997,34.28283978739559,16.39,13.601903835616442,14.849096164383555,17.892839787395587,49.720099999999995,27802.0,125536.0
2025-10-17,300.91,301.27,0.3599999999999568,11.963710079424304,0.28709,28.709,34.82365159017646,16.45,13.561560273972603,15.147439726027397,18.37365159017646,49.5001,55727.0,122270.0
2025-10-20,304.0,304.95,0.9499999999999886,31.249999999999623,0.32833,32.833,39.42120065789474,16.44,13.692493150684932,19.140506849315067,22.981200657894735,49.84,27248.0,126390.0
2025-10-21,295.47,293.59,-1.8800000000000523,-63.62744102616347,0.29733,29.732999999999997,36.729769519748196,16.37,13.251627123287673,16.481372876712324,20.359769519748195,48.9017,27197.0,122408.0
2025-10-22,290.02,294.01,3.990000000000009,137.57671884697638,0.29817,29.817,37.52570512378457,16.43,13.054872876712327,16.762127123287673,21.09570512378457,48.30219999999999,16852.0,126730.0
2025-10-23,291.8,291.0,-0.8000000000000114,-27.416038382454122,0.3466,34.660000000000004,43.354694996572995,16.39,13.103019178082194,21.55698082191781,26.964694996572995,48.498000000000005,35299.0,130172.0
2025-10-24,287.55,287.16,-0.38999999999998636,-13.562858633280694,0.27342,27.342,34.70641627543036,16.42,12.93581095890411,14.406189041095889,18.286416275430355,48.0305,31466.0,125972.0
2025-10-27,283.17,284.4,1.2299999999999613,43.43680474626413,0.24731,24.731,31.877723628915493,16.25,12.606883561643835,12.124116438356166,15.627723628915493,47.548700000000004,23161.0,127232.0
2025-10-28,289.46,288.95,-0.5099999999999909,-17.619014717059038,0.19426,19.426,24.495577972776893,16.4,13.005873972602735,6.420126027397263,8.095577972776894,48.24059999999999,22140.0,125262.0
2025-10-29,290.5,291.4,0.8999999999999773,30.981067125644657,0.20311,20.311,25.519845094664372,16.37,13.028726027397262,7.282273972602738,9.149845094664371,48.355,10538.0,125506.0
2025-10-30,296.12,296.88,0.7599999999999909,25.6652708361472,0.17276,17.276,21.294542752937996,16.27,13.199650410958903,4.076349589041097,5.024542752937997,48.97319999999999,22613.0,129472.0
2025-10-31,291.89,292.4,0.5099999999999909,17.47233546884069,0.33856,33.856,42.33594847374012,16.29,13.027090684931506,20.828909315068493,26.04594847374012,48.50789999999999,15002.0,131016.0
2025-11-01,293.7,294.08,0.37999999999999545,12.938372488934132,0.25217,25.217,31.338798093292475,16.33,13.140057534246573,12.076942465753426,15.008798093292476,48.707,12614.0,131816.0
2025-11-03,298.04,297.55,-0.4900000000000091,-16.440746208562913,0.17425,17.424999999999997,21.339836934639642,16.33,13.334227945205479,4.0907720547945186,5.009836934639644,49.1844,17626.0,134264.0
2025-11-05,295.7,294.9,-0.8000000000000114,-27.054447074738295,0.16012,16.012,19.764558674332097,16.33,13.229536986301367,2.7824630136986332,3.4345586743320986,48.92699999999999,21267.0,130776.0
2025-11-06,294.27,294.4,0.12999999999999545,4.4177116253779,0.22371,22.371,27.74803751656642,16.38,13.205870136986302,9.165129863013696,11.368037516566421,48.76969999999999,19487.0,130714.0
2025-11-07,296.84,297.02,0.18000000000000682,6.063872793424297,0.1679,16.79,20.64529712976688,16.44,13.36999890410959,3.4200010958904095,4.20529712976688,49.05239999999999,10458.0,128150.0
2025-11-10,300.46,299.9,-0.5600000000000023,-18.63808826466093,0.12734,12.734000000000002,15.469313718964257,16.41,13.50835232876712,-0.7743523287671188,-0.9406862810357435,49.450599999999994,32241.0,127738.0
2025-11-11,301.12,300.0,-1.1200000000000045,-37.194473963868376,0.14031,14.030999999999999,17.00755512752391,16.18,13.348278356164384,0.682721643835615,0.8275551275239117,49.523199999999996,8965.0,130202.0
2025-11-12,299.09,297.66,-1.42999999999995,-47.81169547627638,0.15895,15.895000000000001,19.397756528135346,16.36,13.405787397260271,2.4892126027397303,3.037756528135347,49.299899999999994,9727.0,131822.0
2025-11-13,299.09,299.25,0.160000000000025,5.349560333010968,0.21119,21.119,25.772961315991843,16.46,13.487729863013698,7.631270136986302,9.312961315991842,49.299899999999994,10220.0,133164.0
2025-11-14,297.44,297.0,-0.4399999999999977,-14.792899408283947,0.20108,20.108,24.675295857988168,16.49,13.437768767123288,6.670231232876713,8.18529585798817,49.118399999999994,14326.0,131996.0
2025-11-17,294.68,295.4,0.7199999999999704,24.433283561828777,0.19176,19.176000000000002,23.75200217184743,16.41,13.248489863013699,5.927510136986303,7.3420021718474295,48.8148,15129.0,133512.0
2025-11-18,299.44,300.43,0.9900000000000091,33.061715201710165,0.14067,14.066999999999998,17.14685746727224,16.41,13.462494246575343,0.6045057534246556,0.736857467272241,49.3384,33329.0,127028.0
2025-11-19,304.75,305.97,1.2200000000000273,40.03281378178925,0.17409,17.409,20.85081214109926,16.29,13.601034246575342,3.807965753424657,4.560812141099262,49.9225,33969.0,134206.0
2025-11-20,307.89,302.83,-5.060000000000002,-164.34440871739915,0.28611,28.610999999999997,33.91800643086816,16.25,13.707431506849316,14.903568493150681,17.66800643086816,50.2679,19478.0,135000.0
2025-11-21,306.7,306.85,0.1500000000000341,4.890772742094363,0.14639,14.639,17.421698728399086,16.24,13.646049315068494,0.9929506849315057,1.1816987283990876,50.13699999999999,27996.0,134450.0
2025-11-24,305.87,305.03,-0.8400000000000318,-27.462647529997447,0.22665,22.665,27.046539379474936,16.24,13.609119999999999,9.05588,10.806539379474938,50.045700000000004,12880.0,135834.0
2025-11-25,306.6,307.0,0.39999999999997726,13.046314416176688,0.16562,16.561999999999998,19.716666666666665,16.24,13.6416,2.920399999999997,3.4766666666666666,50.12599999999999,14650.0,133976.0
2025-11-26,304.96,304.94,-0.01999999999998181,-0.655823714584923,0.17858,17.858,21.373852308499476,16.23,13.560276164383561,4.29772383561644,5.143852308499476,49.9456,7642.0,134964.0
2025-11-27,299.53,299.5,-0.029999999999972715,-1.0015691249615304,0.25318,25.318,30.851901312055556,16.21,13.302414520547945,12.015585479452056,14.641901312055555,49.348299999999995,17209.0,135886.0
2025-11-28,304.17,304.72,0.5500000000000114,18.081993621988076,0.21021,21.021,25.224923562481504,16.25,13.54181506849315,7.47918493150685,8.974923562481504,49.8587,13657.0,135002.0
2025-12-01,305.2,305.7,0.5,16.382699868938403,0.18488,18.488,22.110484927916122,16.23,13.570947945205479,4.917052054794521,5.880484927916122,49.971999999999994,10971.0,135842.0
2025-12-02,303.77,303.3,-0.46999999999997044,-15.472232281001101,0.16113,16.113,19.360848668400436,16.23,13.50736191780822,2.6056380821917795,3.1308486684004357,49.814699999999995,8708.0,133656.0
2025-12-03,302.85,303.36,0.5099999999999909,16.840019811787712,0.19839,19.839000000000002,23.91030212976721,16.2,13.44156164383562,6.397438356164383,7.710302129767211,49.713499999999996,10469.0,139174.0
2025-12-04,301.76,301.95,0.18999999999999773,6.296394485683912,0.2915,29.15,35.258980646871684,16.39,13.550264109589042,15.599735890410956,18.868980646871684,49.593599999999995,8195.0,137448.0
2025-12-05,307.22,306.98,-0.2400000000000091,-7.811991406809748,0.14627,14.627,17.377953909250703,16.48,13.871193424657537,0.7558065753424632,0.8979539092507025,50.1942,11271.0,134614.0
2025-12-08,304.95,305.79,0.8400000000000318,27.54549926217517,0.20353,20.352999999999998,24.360862436464995,16.49,13.777056164383563,6.575943835616435,7.870862436464996,49.9445,7481.0,136482.0
2025-12-09,306.39,305.78,-0.6100000000000136,-19.909265968210896,0.21667,21.667,25.811726884036684,16.37,13.741381643835616,7.925618356164385,9.441726884036683,50.1029,11935.0,134176.0
2025-12-10,306.73,306.73,0.0,0.0,0.2447,24.47,29.11860594007759,16.08,13.512927123287668,10.957072876712331,13.038605940077591,50.140299999999996,7573.0,134396.0
2025-12-11,307.19,306.19,-1.0,-32.553143005957224,0.37043,37.043,44.01411178749308,15.99,13.457446849315069,23.58555315068493,28.024111787493077,50.1909,52916.0,141138.0
2025-12-12,303.86,305.02,1.1599999999999682,38.175475547948665,0.13364,13.364,16.052984927269137,15.91,13.24496602739726,0.1190339726027414,0.14298492726913636,49.824600000000004,15448.0,134016.0
2025-12-15,305.08,304.99,-0.08999999999997499,-2.9500458896019075,0.16497,16.497,19.73713452209257,15.85,13.247994520547945,3.2490054794520553,3.8871345220925715,49.9588,10379.0,132100.0
2025-12-16,304.78,305.08,0.30000000000001137,9.843165562045128,0.19956,19.956,23.89900912133342,15.84,13.226616986301366,6.729383013698634,8.059009121333421,49.92579999999999,13820.0,131648.0
2025-12-17,303.5,303.47,-0.029999999999972715,-0.9884678747931702,0.20358,20.358,24.48326194398682,15.84,13.171068493150683,7.186931506849318,8.643261943986822,49.785,13225.0,130062.0
2025-12-18,301.96,300.71,-1.25,-41.396211418730964,0.35621,35.621,43.05757385084117,15.84,13.104236712328765,22.51676328767124,27.217573850841173,49.61559999999999,18892.0,139146.0
2025-12-19,299.87,299.6,-0.2699999999999818,-9.003901690732043,0.1775,17.75,21.605195584753393,15.85,13.021752054794522,4.728247945205478,5.755195584753393,49.3857,27885.0,143770.0
2025-12-22,297.72,298.02,0.2999999999999545,10.076582023376142,0.25617,25.617,31.406035872632003,15.77,12.863135342465755,12.753864657534246,15.636035872632004,49.1492,16113.0,145518.0
2025-12-23,300.65,301.05,0.4000000000000341,13.304506901714092,0.22587,22.587,27.421436886745386,16.07,13.23683698630137,9.35016301369863,11.351436886745386,49.47149999999999,13453.0,147410.0
2025-12-24,302.03,302.1,0.07000000000005002,2.317650564515115,0.17975,17.974999999999998,21.72259378207463,15.88,13.140373698630137,4.834626301369861,5.842593782074628,49.6233,18225.0,141966.0
2025-12-25,300.26,300.51,0.25,8.326117364950376,0.28192,28.192,34.27056550989143,15.83,13.02223506849315,15.169764931506851,18.440565509891435,49.428599999999996,6986.0,138408.0
2025-12-26,302.51,302.0,-0.5099999999999909,-16.85894681167535,0.24035,24.035,28.99995041486232,15.85,13.136393150684933,10.898606849315067,13.14995041486232,49.6761,10688.0,140586.0
2025-12-29,299.7,299.2,-0.5,-16.683350016683352,0.40708,40.708,49.57764431097765,15.85,13.014369863013698,27.6936301369863,33.727644310977645,49.367,32549.0,140258.0
2025-12-30,299.9,300.28,0.37999999999999545,12.670890296765439,0.22555,22.555,27.45106702234078,15.85,13.023054794520545,9.531945205479454,11.60106702234078,49.38899999999999,14499.0,134876.0
2026-01-05,298.78,299.0,0.22000000000002728,7.363277327800632,0.09768,9.768,11.932927237432226,15.85,12.97441917808219,-3.2064191780821893,-3.9170727625677735,49.26579999999999,10806.0,134504.0
2026-01-06,299.08,299.13,0.05000000000001137,1.671793500067252,0.15238,15.238,18.596596228433864,15.85,12.987446575342465,2.250553424657534,2.746596228433864,49.29879999999999,3973.0,134452.0
2026-01-08,298.0,298.22,0.22000000000002728,7.382550335571386,0.24808,24.808,30.385637583892617,15.85,12.94054794520548,11.86745205479452,14.535637583892617,49.18,4953.0,135334.0
2026-01-09,299.04,299.19,0.14999999999997726,5.016051364365211,0.12841,12.841,15.6733714553237,15.85,12.985709589041097,-0.14470958904109743,-0.17662854467629963,49.294399999999996,3101.0,134310.0
2026-01-12,299.16,299.43,0.2699999999999818,9.025270758122135,0.20505,20.505000000000003,25.01779983955074,15.57,12.761427945205481,7.743572054794521,9.44779983955074,49.307599999999994,8124.0,132334.0
2026-01-13,297.23,297.44,0.20999999999997954,7.065235676075078,0.17156,17.156,21.067658042593273,15.28,12.442943561643835,4.713056438356164,5.787658042593273,49.09530000000001,8538.0,134968.0
2026-01-14,298.58,299.42,0.8400000000000318,28.133163641236248,0.14805,14.804999999999998,18.098415834952107,15.63,12.785768219178083,2.019231780821915,2.468415834952106,49.24379999999999,8296.0,132692.0
2026-01-15,299.16,298.0,-1.160000000000025,-38.775237331194845,0.21484,21.484,26.212260997459552,15.72,12.884370410958905,8.599629589041097,10.492260997459551,49.307599999999994,5414.0,131664.0
2026-01-16,301.52,301.77,0.25,8.291323958609711,0.24247,24.247,29.35180087556381,15.88,13.118185205479453,11.128814794520547,13.47180087556381,49.56719999999999,15248.0,141418.0
2026-01-19,303.62,304.01,0.38999999999998636,12.84500362294929,0.12915,12.915,15.525904090639614,15.78,13.12636602739726,-0.2113660273972613,-0.2540959093603856,49.798199999999994,9349.0,139692.0
2026-01-20,304.03,303.86,-0.16999999999995907,-5.5915534651172285,0.13954,13.954,16.75232707298622,15.77,13.13576191780822,0.8182380821917814,0.9823270729862195,49.84329999999999,7718.0,140128.0
2026-01-21,306.49,306.0,-0.4900000000000091,-15.987471043101213,0.08362,8.362,9.958334692812164,15.75,13.225253424657534,-4.863253424657534,-5.791665307187836,50.1139,10819.0,137202.0
2026-01-22,306.22,305.99,-0.2300000000000182,-7.510939847169295,0.18948,18.948,22.585134870354647,15.74,13.205213150684934,5.742786849315067,6.845134870354647,50.0842,6187.0,134590.0
2026-01-23,306.88,307.2,0.3199999999999932,10.427528675703636,0.10391,10.391,12.35895138164755,15.61,13.124374794520547,-2.7333747945205467,-3.251048618352449,50.1568,3460.0,134404.0
2026-01-26,303.17,303.35,0.18000000000000682,5.937262921793278,0.09471,9.471,11.402562918494572,15.64,12.990626849315069,-3.5196268493150686,-4.237437081505428,49.7487,16261.0,127782.0
2026-01-27,304.92,305.12,0.19999999999998863,6.559097468188003,0.14917,14.917,17.856175390266298,15.64,13.065613150684932,1.8513868493150678,2.2161753902662973,49.9412,4832.0,128220.0
2026-01-28,303.58,304.3,0.7200000000000273,23.716977402991873,0.18573,18.573,22.330670663416562,15.66,13.024829589041095,5.548170410958905,6.670670663416562,49.7938,4246.0,128578.0
2026-01-29,308.52,307.59,-0.9300000000000068,-30.143912874368173,0.22623,22.622999999999998,26.764537145079736,15.89,13.431185753424659,9.191814246575339,10.874537145079735,50.337199999999996,27811.0,141594.0
2026-01-30,305.62,305.05,-0.5699999999999932,-18.65061187095063,0.10951,10.951,13.078708854132582,15.83,13.254697534246576,-2.3036975342465755,-2.751291145867418,50.0182,14209.0,139816.0
2026-02-02,304.16,302.74,-1.420000000000016,-46.68595476065281,0.20025,20.025000000000002,24.03052669647554,15.75,13.124712328767124,6.900287671232878,8.28052669647554,49.857600000000005,15885.0,136516.0
2026-02-03,303.81,304.2,0.38999999999998636,12.836970474967458,0.20194,20.194000000000003,24.261248806820053,15.74,13.10128602739726,7.092713972602743,8.521248806820052,49.81909999999999,8319.0,139464.0
2026-02-04,303.86,304.84,0.9799999999999613,32.25169485947348,0.20055,20.055,24.090288290660173,15.61,12.995218082191778,7.0597819178082215,8.480288290660173,49.824600000000004,7305.0,142288.0
2026-02-05,301.45,301.46,0.009999999999990905,0.33172997180265074,0.29076,29.076,35.20563940952066,15.52,12.81781917808219,16.25818082191781,19.685639409520657,49.55949999999999,17466.0,142038.0
2026-02-06,300.61,300.85,0.2400000000000091,7.983766341772033,0.17421,17.421,21.152539835667476,15.34,12.633855890410958,4.7871441095890415,5.812539835667476,49.4671,7756.0,139812.0
2026-02-09,301.81,301.88,0.06999999999999318,2.3193399821077225,0.22502,22.502,27.213246744640667,15.26,12.618138630136984,9.883861369863014,11.953246744640667,49.5991,6066.0,139228.0
2026-02-10,302.9,303.07,0.17000000000001592,5.6124133377357515,0.23085,23.085,27.817844172994395,15.17,12.589021917808218,10.495978082191783,12.647844172994395,49.718999999999994,11502.0,141682.0
2026-02-11,305.76,305.44,-0.3199999999999932,-10.465724751438815,0.16892,16.892,20.164769754055467,15.25,12.774904109589041,4.117095890410958,4.914769754055467,50.03359999999999,13908.0,145932.0
2026-02-12,305.2,306.02,0.8199999999999932,26.867627785058755,0.22899,22.899,27.385763433813892,15.25,12.751506849315069,10.147493150684932,12.135763433813892,49.971999999999994,5957.0,146772.0
2026-02-13,308.55,308.04,-0.5099999999999909,-16.528925619834414,0.11675,11.675,13.81097066925944,15.25,12.891472602739725,-1.2164726027397244,-1.43902933074056,50.3405,14103.0,146292.0
2026-02-16,311.0,310.94,-0.060000000000002274,-1.9292604501608448,0.18363,18.363,21.551430868167202,15.02,12.797863013698631,5.565136986301368,6.531430868167202,50.61,16389.0,149414.0
2026-02-17,310.77,309.57,-1.1999999999999886,-38.61376580751001,0.1365,13.65,16.031952891205716,15.12,12.873540821917809,0.7764591780821917,0.9119528912057167,50.5847,7673.0,150644.0
2026-02-18,313.4,313.94,0.5400000000000205,17.230376515635626,0.10855,10.854999999999999,12.642230376515634,15.24,13.085523287671231,-2.2305232876712324,-2.597769623484366,50.873999999999995,11749.0,153226.0
2026-02-19,313.14,312.96,-0.18000000000000682,-5.748227629814359,0.22012,22.012,25.657469502458962,15.25,13.083246575342466,8.928753424657534,10.407469502458962,50.84539999999999,9265.0,154878.0
2026-02-20,314.0,313.52,-0.4800000000000182,-15.286624203822235,0.16055,16.055,18.662659235668787,15.3,13.162191780821917,2.8928082191780824,3.3626592356687866,50.94,8112.0,157764.0
2026-02-24,316.15,315.35,-0.7999999999999545,-25.304444092992398,0.16367,16.367,18.895951288945124,15.31,13.260976712328766,3.106023287671235,3.5859512889451235,51.1765,11347.0,160450.0
2026-02-25,317.53,317.4,-0.12999999999999545,-4.094101344754684,0.15999,15.998999999999999,18.390813466444115,15.25,13.266664383561643,2.7323356164383554,3.140813466444115,51.32829999999999,4913.0,161536.0
2026-02-26,315.6,316.11,0.5099999999999909,16.159695817490206,0.20809,20.809,24.066175538656523,15.25,13.186027397260276,7.6229726027397255,8.816175538656523,51.116,9565.0,159172.0
2026-02-27,315.63,315.94,0.3100000000000023,9.821626588093727,0.18894,18.894,21.84934892120521,15.3,13.230517808219178,5.663482191780821,6.549348921205208,51.1193,10244.0,160118.0
2026-03-02,313.58,313.52,-0.060000000000002274,-1.9133873333759257,0.23168,23.168,26.96702595828816,15.26,13.110221369863012,10.057778630136987,11.707025958288162,50.8938,15123.0,161394.0
2026-03-03,311.83,311.2,-0.6299999999999955,-20.203315909309417,0.20115,20.115,23.544800051310013,15.29,13.062686849315067,7.052313150684931,8.254800051310013,50.70129999999999,13843.0,162894.0
2026-03-04,311.1,311.25,0.14999999999997726,4.821600771455392,0.22806,22.806,26.7572806171649,15.34,13.074723287671237,9.731276712328764,11.417280617164899,50.621,6900.0,164430.0
2026-03-05,314.68,315.42,0.7400000000000091,23.515952713868344,0.25836,25.836,29.967395449345364,15.4,13.276909589041097,12.559090410958902,14.567395449345364,51.0148,12679.0,159620.0
2026-03-06,314.14,314.47,0.3300000000000409,10.504870439932544,0.16901,16.901,19.63731138982619,15.4,13.25412602739726,3.646873972602739,4.237311389826191,50.9554,8953.0,156872.0
2026-03-09,316.3,316.35,0.05000000000001137,1.5807777426497427,0.22552,22.552,26.024280746127094,15.4,13.3452602739726,9.206739726027399,10.624280746127093,51.193,14404.0,161200.0
2026-03-10,314.8,314.28,-0.5200000000000387,-16.51842439644341,0.14859,14.859,17.228510165184243,15.36,13.247473972602739,1.611526027397261,1.8685101651842437,51.028,18322.0,156946.0
2026-03-11,315.09,314.71,-0.37999999999999545,-12.060046335967357,0.1166,11.66,13.506934526643184,15.03,12.974801917808216,-1.3148019178082162,-1.5230654733568159,51.05989999999999,10370.0,156238.0
2026-03-12,316.39,317.17,0.7800000000000296,24.653117987295097,0.20788,20.788,23.981857833686274,14.96,12.96765589041096,7.8203441095890405,9.021857833686273,51.20289999999999,8771.0,153872.0
2026-03-13,316.65,316.63,-0.01999999999998181,-0.6316121901146948,0.10599,10.599,12.217385125532923,14.85,12.882883561643835,-2.283883561643835,-2.6326148744670768,51.2315,7647.0,152202.0
2026-03-16,316.4,316.14,-0.2599999999999909,-8.217446270543329,0.15506,15.506,17.88776864728192,14.81,12.838038356164384,2.667961643835616,3.0777686472819195,51.204,20282.0,153592.0
2026-03-17,319.69,318.02,-1.670000000000016,-52.23810566486333,0.19582,19.582,22.357377459413804,14.76,12.927738082191782,6.654261917808219,7.597377459413805,51.5659,17951.0,160192.0
2026-03-18,320.51,321.67,1.160000000000025,36.192318492403516,0.22808,22.808,25.97397897101495,14.76,12.960897534246575,9.847102465753425,11.213978971014951,51.6561,22505.0,166394.0
2026-03-19,320.77,320.01,-0.7599999999999909,-23.692988745830064,0.2148,21.48,24.441811890139352,14.79,12.997776164383561,8.48222383561644,9.651811890139353,51.68469999999999,10330.0,160620.0
2026-03-20,320.16,320.46,0.2999999999999545,9.370314842577288,0.1982,19.82,22.595889555222385,14.79,12.97305863013699,6.846941369863011,7.805889555222386,51.6176,8645.0,159596.0
2026-03-23,316.87,317.54,0.6700000000000159,21.144317859059424,0.18719,18.719,21.562265282292422,14.69,12.752932328767125,5.966067671232876,6.872265282292423,51.2557,28301.0,171164.0
2026-03-24,317.17,317.38,0.20999999999997954,6.621054954755479,0.14773,14.773,17.000803985244506,14.87,12.92141890410959,1.8515810958904098,2.1308039852445066,51.2887,10479.0,174462.0
2026-03-25,317.02,317.32,0.30000000000001137,9.46312535486756,0.18116,18.116,20.857800769667527,14.9,12.941364383561643,5.174635616438357,5.957800769667527,51.2722,9017.0,177964.0
2026-03-26,315.92,315.56,-0.36000000000001364,-11.395289946822412,0.2416,24.16,27.91339579640415,14.77,12.783940821917808,11.376059178082192,13.14339579640415,51.151199999999996,10023.0,175038.0
2026-03-27,313.88,314.16,0.28000000000002956,8.920606601249826,0.17635,17.635,20.507120555626354,14.75,12.684191780821916,4.950808219178086,5.757120555626354,50.9268,14703.0,175180.0
2026-03-30,314.48,314.5,0.01999999999998181,0.6359704909686406,0.14801,14.801,17.178723607224626,14.82,12.768749589041096,2.0322504109589037,2.3587236072246256,50.9928,24074.0,167798.0
2026-03-31,314.22,314.35,0.12999999999999545,4.1372286932720845,0.15915,15.915000000000001,18.48696772961619,14.87,12.80123671232877,3.1137632876712313,3.6169677296161904,50.964200000000005,6429.0,166456.0
2026-04-01,316.71,316.5,-0.20999999999997954,-6.630671592307775,0.19553,19.553,22.53432161914686,14.89,12.920032602739726,6.632967397260275,7.644321619146858,51.23809999999999,14661.0,172736.0
2026-04-02,316.27,316.2,-0.06999999999999318,-2.213298763714332,0.22939,22.939,26.47337717772789,14.91,12.91941287671233,10.01958712328767,11.56337717772789,51.189699999999995,6428.0,171174.0
2026-04-03,314.65,315.0,0.35000000000002274,11.123470522803839,0.2378,23.78,27.5852534562212,14.92,12.861857534246575,10.918142465753427,12.6652534562212,51.0115,7823.0,173564.0
2026-04-06,318.98,319.47,0.4900000000000091,15.361464668631546,0.11349,11.349,12.986347106401656,14.88,13.00389698630137,-1.6548969863013703,-1.893652893598345,51.48779999999999,24419.0,184364.0
2026-04-07,317.87,318.77,0.8999999999999773,28.313461477961972,0.15113,15.113,17.353776701167142,14.83,12.915101643835616,2.1978983561643837,2.523776701167142,51.365700000000004,11787.0,186080.0
2026-04-08,319.4,319.49,0.09000000000003183,2.817783343770565,0.14749,14.749,16.85468065122104,14.83,12.977265753424655,1.7717342465753454,2.0246806512210416,51.53399999999999,6779.0,185780.0
2026-04-09,317.51,317.23,-0.2799999999999727,-8.818619885986983,0.22241,22.241,25.56758842241189,14.81,12.883076986301372,9.357923013698628,10.75758842241189,51.3261,19534.0,180896.0
2026-04-10,317.29,317.54,0.25,7.879227205395694,0.10243,10.242999999999999,11.783210942670742,14.77,12.839378904109589,-2.5963789041095904,-2.9867890573292577,51.301899999999996,6945.0,182844.0
2026-04-13,316.8,316.24,-0.5600000000000023,-17.676767676767746,0.18185,18.185000000000002,20.95178345959596,14.69,12.750115068493152,5.434884931506851,6.261783459595959,51.248000000000005,11569.0,187692.0
2026-04-14,317.11,317.5,0.38999999999998636,12.298571473620711,0.14975,14.975,17.236526757276653,14.49,12.588832602739725,2.386167397260275,2.746526757276653,51.28209999999999,5489.0,187998.0
2026-04-15,320.91,320.64,-0.27000000000003865,-8.413573899225286,0.09024,9.024000000000001,10.263812283817892,14.54,12.78364767123288,-3.7596476712328784,-4.276187716182108,51.700100000000006,17192.0,193238.0
2026-04-16,322.16,321.71,-0.4500000000000455,-13.968214551776926,0.23049,23.049,26.113996150980878,14.5,12.79813698630137,10.250863013698629,11.613996150980878,51.8376,26749.0,202194.0
2026-04-17,323.87,323.76,-0.11000000000001364,-3.396424491308662,0.11188,11.187999999999999,12.608824528360143,14.48,12.848322191780822,-1.660322191780823,-1.871175471639857,52.0257,11988.0,203642.0
2026-04-20,325.3,325.22,-0.07999999999998408,-2.459268367660132,0.1772,17.72,19.882569935444206,14.42,12.85157808219178,4.868421917808218,5.462569935444206,52.183,11146.0,205772.0
2026-04-21,323.47,323.7,0.22999999999996135,7.110396636472048,0.11147,11.147,12.578152533465234,14.44,12.797004931506851,-1.6500049315068512,-1.8618474665347655,51.981700000000004,10071.0,204824.0
2026-04-22,326.5,325.26,-1.240000000000009,-37.97856049004622,0.06344,6.343999999999999,7.092067381316998,14.44,12.916876712328767,-6.5728767123287675,-7.347932618683002,52.315,10382.0,208296.0
2026-04-23,327.39,327.51,0.12000000000000455,3.6653532484194553,0.17851,17.851,19.90169217141635,14.44,12.952086575342465,4.898913424657534,5.461692171416351,52.41289999999999,10195.0,205468.0
2026-04-24,325.19,324.8,-0.38999999999998636,-11.992988714289687,0.11895,11.895,13.351194686183462,14.37,12.802685753424658,-0.9076857534246585,-1.0188053138165376,52.1709,20215.0,198674.0
2026-04-27,321.99,322.98,0.9900000000000091,30.746296468834718,0.06839,6.839,7.752523370291003,14.44,12.738453698630137,-5.899453698630136,-6.687476629708996,51.81889999999999,22177.0,192970.0
2026-04-28,319.82,320.0,0.18000000000000682,5.6281658432870625,0.09868,9.868,11.26202238759302,14.92,13.073190136986302,-3.2051901369863014,-3.657977612406979,51.5802,15412.0,186794.0
2026-04-29,320.09,316.46,-3.6299999999999955,-113.40560467368539,0.26612,26.612000000000002,30.34577775000782,14.55,12.759752054794522,13.85224794520548,15.795777750007819,51.609899999999996,28508.0,181204.0
2026-04-30,319.81,319.59,-0.22000000000002728,-6.879084456396837,0.20451,20.451,23.34078046340014,14.49,12.69601890410959,7.754981095890411,8.85078046340014,51.5791,34075.0,218986.0
2026-05-04,321.79,320.12,-1.670000000000016,-51.89720003729189,0.13418,13.418,15.219770657882467,14.33,12.633563561643838,0.7844364383561615,0.8897706578824671,51.7969,18140.0,219912.0
2026-05-05,321.2,322.0,0.8000000000000114,24.906600249066358,0.13733,13.733,15.605681818181818,14.19,12.487199999999998,1.2458000000000027,1.4156818181818185,51.732,15650.0,225802.0
2026-05-06,319.9,320.0,0.10000000000002274,3.1259768677718895,0.14537,14.536999999999999,16.586448890278213,14.07,12.331487671232875,2.2055123287671243,2.5164488902782125,51.58899999999999,7946.0,226904.0
2026-05-07,318.77,319.27,0.5,15.685290334724098,0.22463,22.463,25.720723405590242,14.07,12.287928493150684,10.175071506849317,11.650723405590242,51.46469999999999,4642.0,225790.0
2026-05-08,320.39,318.4,-1.990000000000009,-62.11180124223632,0.13943,13.943,15.88437529261213,13.86,12.166042191780823,1.7769578082191764,2.024375292612131,51.6429,8594.0,224078.0
2026-05-11,323.75,323.0,-0.75,-23.166023166023166,0.15803,15.803,17.816509652509655,13.86,12.293630136986302,3.509369863013699,3.9565096525096557,52.012499999999996,16051.0,231836.0
2026-05-12,326.95,325.6,-1.349999999999966,-41.29071723505019,0.1506,15.06,16.812662486618752,14.05,12.585335616438357,2.4746643835616435,2.7626624866187512,52.36449999999999,12069.0,238146.0
2026-05-13,325.75,326.9,1.1499999999999773,35.3031465848036,0.06872,6.872,7.700015349194168,14.13,12.61054109589041,-5.73854109589041,-6.4299846508058325,52.23249999999999,5310.0,236302.0
2026-05-14,324.2,325.08,0.8799999999999955,27.14373843306587,0.17903,17.903,20.156061073411475,14.2,12.612712328767122,5.290287671232877,5.956061073411476,52.062,12774.0,231540.0
2026-05-15,322.98,322.88,-0.10000000000002274,-3.0961669453223957,0.08954,8.953999999999999,10.118923772369804,14.19,12.556400547945204,-3.602400547945205,-4.071076227630195,51.9278,19899.0,216642.0
2026-05-18,325.23,325.23,0.0,0.0,0.14465,14.465,16.23381914337546,14.17,12.626052328767122,1.8389476712328783,2.0638191433754596,52.17529999999999,14917.0,215976.0
2026-05-19,323.87,323.66,-0.20999999999997954,-6.484083119769646,0.08143,8.143,9.177123537221725,14.21,12.608747123287673,-4.465747123287672,-5.032876462778276,52.0257,9449.0,210752.0
2026-05-20,323.25,323.62,0.37000000000000455,11.446249033256134,0.09308,9.308,10.510193348801238,14.23,12.60232191780822,-3.2943219178082206,-3.7198066511987626,51.957499999999996,4000.0,210688.0
2026-05-21,322.79,323.88,1.089999999999975,33.76808451315019,0.20975,20.974999999999998,23.717819635056845,14.24,12.59323178082192,8.381768219178078,9.477819635056845,51.90689999999999,9102.0,208836.0
2026-05-22,322.46,322.35,-0.1099999999999568,-3.4112758171542765,0.11626,11.626,13.159740743037899,14.2,12.545019178082189,-0.9190191780821895,-1.0402592569621003,51.870599999999996,9402.0,208936.0
2026-05-25,320.38,320.6,0.22000000000002728,6.866845620826122,0.19207,19.207,21.881999500593047,14.2,12.464098630136986,6.742901369863015,7.681999500593047,51.641799999999996,22919.0,217462.0
2026-05-26,320.05,320.14,0.08999999999997499,2.8120606155280417,0.14533,14.533,16.574113419778158,14.21,12.460028767123287,2.0729712328767125,2.364113419778157,51.60549999999999,9621.0,216558.0
2026-05-27,322.5,322.01,-0.4900000000000091,-15.193798449612684,0.14755,14.754999999999999,16.699457364341082,14.25,12.590753424657533,2.1642465753424656,2.4494573643410824,51.875,12139.0,223894.0
2026-05-28,322.3,322.3,0.0,0.0,0.21473,21.473,24.317856034750235,14.22,12.556454794520548,8.916545205479451,10.097856034750235,51.853,6299.0,221626.0
2026-05-29,320.57,320.84,0.2699999999999818,8.422497426458554,0.13376,13.376,15.229871790872506,14.22,12.48905589041096,0.8869441095890398,1.0098717908725057,51.662699999999994,7762.0,221716.0
2026-06-01,322.99,322.46,-0.5300000000000296,-16.409176754699203,0.05911,5.9110000000000005,6.679819808662807,14.16,12.530242191780824,-6.619242191780823,-7.480180191337193,51.9289,15560.0,214192.0
2026-06-02,326.75,326.4,-0.35000000000002274,-10.711553175211101,0.14635,14.635000000000002,16.348201989288448,14.17,12.685061643835615,1.9499383561643864,2.178201989288448,52.342499999999994,18232.0,223482.0
2026-06-03,323.37,324.02,0.6499999999999773,20.10081330983014,0.16612,16.612,18.75059529331725,14.17,12.553843561643836,4.058156438356162,4.58059529331725,51.970699999999994,8126.0,222394.0
2026-06-04,322.92,322.9,-0.020000000000038654,-0.619348445436599,0.23075,23.075000000000003,26.08192431561997,14.12,12.492138082191781,10.582861917808222,11.961924315619969,51.9212,7983.0,219768.0
2026-06-05,322.19,322.18,-0.009999999999990905,-0.3103758651724419,0.17518,17.518,19.845650082249605,14.16,12.499206575342466,5.0187934246575345,5.685650082249605,51.84089999999999,7132.0,217434.0
2026-06-08,320.0,319.5,-0.5,-15.625,0.22306,22.306,25.442781250000003,14.12,12.37917808219178,9.92682191780822,11.322781250000004,51.599999999999994,10059.0,220724.0
2026-06-09,321.02,321.23,0.21000000000003638,6.541648495421979,0.1745,17.45,19.84066413307582,14.05,12.357071232876713,5.092928767123286,5.790664133075818,51.712199999999996,15528.0,225316.0
2026-06-10,321.88,321.89,0.009999999999990905,0.3106747856341153,0.22355,22.355,25.349742139927923,13.96,12.310807671232878,10.044192328767123,11.389742139927922,51.8068,14703.0,222592.0
2026-06-11,321.2,321.63,0.4300000000000068,13.387297633873189,0.11399,11.399,12.95340909090909,13.89,12.2232,-0.8242000000000012,-0.9365909090909099,51.732,2335.0,222458.0
2026-06-15,324.6,323.25,-1.3500000000000227,-41.58964879852196,0.07579,7.579,8.52228897104128,13.82,12.290334246575341,-4.711334246575341,-5.2977110289587195,52.106,9043.0,220856.0
2026-06-16,320.25,320.11,-0.13999999999998636,-4.371584699453126,0.17989,17.989,20.502685402029662,13.77,12.081760273972602,5.907239726027399,6.732685402029663,51.6275,11881.0,225214.0
2026-06-17,319.17,319.0,-0.17000000000001592,-5.326315129868593,0.10535,10.535,12.047733182943258,13.76,12.032271780821917,-1.497271780821917,-1.7122668170567419,51.508700000000005,9173.0,220534.0
2026-06-18,315.4,315.47,0.07000000000005002,2.219403931517122,0.26981,26.980999999999998,31.224048826886495,13.75,11.881506849315068,15.09949315068493,17.474048826886495,51.093999999999994,37906.0,241262.0
2026-06-19,312.84,313.86,1.0200000000000387,32.60452627541359,0.17474,17.474,20.387450453906155,13.74,11.776497534246575,5.697502465753425,6.6474504539061545,50.8124,19801.0,240782.0
2026-06-22,301.93,305.44,3.509999999999991,116.2521114165532,0.15996,15.995999999999999,19.337396085185304,14.08,11.64705315068493,4.348946849315068,5.257396085185304,49.612300000000005,61943.0,241898.0
2026-06-23,307.21,307.94,0.7300000000000182,23.762247322678892,0.12443,12.443,14.783682171804301,14.08,11.850730958904109,0.5922690410958911,0.7036821718043011,50.1931,30488.0,241382.0
2026-06-24,301.92,299.35,-2.569999999999993,-85.1218865924746,0.15534,15.534,18.779511128775834,14.12,11.679754520547943,3.8542454794520573,4.659511128775835,49.611200000000004,47120.0,233656.0
2026-06-25,295.16,299.01,3.849999999999966,130.43772868952317,0.2739,27.389999999999997,33.870951348421194,14.12,11.418244383561644,15.971755616438353,19.750951348421196,48.8676,48034.0,233118.0
2026-06-26,299.18,297.85,-1.329999999999984,-44.45484323818384,0.14579,14.579,17.78639949194465,14.1,11.55736438356164,3.0216356164383598,3.68639949194465,49.309799999999996,69053.0,231956.0
2026-06-29,307.9,307.14,-0.7599999999999909,-24.68333874634592,0.14745,14.745,17.47945761610913,14.27,12.037624657534245,2.7073753424657543,3.2094576161091304,50.26899999999999,48293.0,220262.0
2026-06-30,308.09,307.15,-0.9399999999999977,-30.51056509461514,0.13868,13.868,16.429679639066507,14.25,12.02817123287671,1.83982876712329,2.1796796390665065,50.28989999999999,28490.0,213640.0
2026-07-01,307.04,306.68,-0.36000000000001364,-11.72485669619638,0.25918,25.918000000000003,30.810545857217303,14.22,11.961941917808218,13.956058082191785,16.5905458572173,50.174400000000006,26189.0,236276.0
2026-07-02,301.05,301.8,0.75,24.91280518186348,0.41868,41.868,50.76173393124066,14.26,11.7615698630137,30.106430136986305,36.501733931240665,49.515499999999996,54331.0,283344.0
2026-07-03,301.19,301.75,0.5600000000000023,18.59291477140683,0.34888,34.888000000000005,42.27935854444039,14.34,11.833053698630136,23.054946301369867,27.939358544440392,49.530899999999995,34643.0,304380.0
2026-07-06,298.77,298.68,-0.08999999999997499,-3.0123506376133813,0.39905,39.905,48.75096227867591,14.37,11.76253397260274,28.142466027397262,34.38096227867591,49.2647,42137.0,327758.0
2026-07-07,298.98,296.93,-2.0500000000000114,-68.5664592949365,0.36653,36.653000000000006,44.74662184761522,14.36,11.762610410958906,24.8903895890411,30.386621847615224,49.287800000000004,25625.0,330232.0
2026-07-08,298.66,298.49,-0.17000000000001592,-5.692091341325115,0.4454,44.54,54.43346949708698,14.43,11.807298082191782,32.732701917808214,40.00346949708698,49.252599999999994,24312.0,342134.0
2026-07-09,294.54,295.0,0.45999999999997954,15.617573164934457,0.44774,44.774,55.48485774427922,14.43,11.64441698630137,33.129583013698635,41.05485774427922,48.799400000000006,26623.0,325700.0
2026-07-10,290.85,291.03,0.17999999999994998,6.188757091282447,0.39034,39.034,48.985422038851645,14.62,11.649936986301372,27.38406301369863,34.36542203885165,48.3935,37993.0,298792.0
2026-07-13,293.96,293.3,-0.6599999999999682,-22.452034290378563,0.43655,43.655,54.204908831133494,14.75,11.879205479452052,31.775794520547947,39.454908831133494,48.7356,29980.0,307504.0
2026-07-14,294.56,294.79,0.2300000000000182,7.808256382401487,0.43995,43.995,54.51580323193917,14.42,11.637137534246575,32.35786246575342,40.095803231939165,48.8016,20715.0,317652.0
2026-07-15,288.08,287.9,-0.18000000000000682,-6.248264371008291,0.44219,44.219,56.02587822826993,14.25,11.246958904109588,32.97204109589041,41.77587822826993,48.08879999999999,40979.0,331644.0
2026-07-16,277.02,279.02,2.0,72.19695328857122,0.43185,43.185,56.900314056746815,14.63,11.103568767123289,32.08143123287671,42.27031405674681,46.87219999999999,74696.0,326018.0
2026-07-17,279.92,277.23,-2.6899999999999977,-96.0988853958273,0.41853,41.853,54.57396756216062,14.74,11.304166575342466,30.548833424657538,39.833967562160616,47.1912,72527.0,337654.0
2026-07-20,260.99,257.26,-3.730000000000018,-142.917353155294,0.11856,11.856,16.580865167247786,14.75,10.546856164383561,1.3091438356164389,1.8308651672477865,45.1089,125683.0,277466.0
2026-07-21,263.1,263.13,0.029999999999972715,1.1402508551871042,0.12921,12.921,17.925370581527933,14.57,10.502375342465756,2.4186246575342434,3.355370581527932,45.341,76729.0,264054.0
2026-07-22,263.72,263.59,-0.1300000000000523,-4.929470650692108,0.08485,8.485,11.743610647656602,14.22,10.274242191780823,-1.7892421917808239,-2.476389352343398,45.4092,35939.0,247948.0
2026-07-23,263.61,264.14,0.5299999999999727,20.10545882174321,0.18473,18.473,25.578107810781077,14.03,10.13273506849315,8.34026493150685,11.548107810781078,45.3971,30028.0,237042.0
2026-07-24,267.6,267.14,-0.4600000000000364,-17.18983557548716,0.0729,7.290000000000001,9.943385650224217,13.88,10.176131506849316,-2.886131506849315,-3.936614349775784,45.836000000000006,52377.0,236036.0
2026-07-27,274.49,274.0,-0.4900000000000091,-17.851287842909,0.05748,5.748,7.64333855513862,13.69,10.29525506849315,-4.54725506849315,-6.046661444861379,46.5939,47564.0,227756.0
2026-07-28,272.48,271.88,-0.6000000000000227,-22.019964768057203,0.13034,13.034,17.45966676453318,13.7,10.227331506849314,2.8066684931506867,3.759666764533179,46.372800000000005,35332.0,222232.0
2026-07-29,275.7,275.3,-0.39999999999997726,-14.50852375770683,0.10275,10.274999999999999,13.60310119695321,13.9,10.499260273972604,-0.22426027397260562,-0.2968988030467905,46.72699999999999,18445.0,224110.0
2026-07-30,273.4,273.88,0.4800000000000182,17.556693489393496,0.20196,20.196,26.962472567666428,13.99,10.479084931506849,9.716915068493153,12.972472567666427,46.47399999999999,22547.0,223336.0
2026-07-31,276.52,275.6,-0.9199999999999591,-33.27064950093878,0.06811,6.811,8.990362360769566,13.95,10.56836712328767,-3.75736712328767,-4.959637639230433,46.81719999999999,18149.0,213264.0
2026-08-03,281.39,280.15,-1.240000000000009,-44.066953338782795,0.06993,6.993,9.070844735065215,13.86,10.685110684931507,-3.6921106849315066,-4.789155264934784,47.3529,17397.0,215836.0
2026-08-04,284.6,284.18,-0.4200000000000159,-14.757554462403933,0.06735,6.734999999999999,8.637649332396343,13.84,10.791408219178084,-4.056408219178085,-5.202350667603657,47.706,31451.0,219000.0
2026-08-05,287.69,287.45,-0.2400000000000091,-8.342312906253575,0.09802,9.802,12.43605964753728,13.68,10.782463561643835,-0.9804635616438357,-1.2439403524627188,48.0459,19261.0,221070.0
2026-08-06,284.75,284.91,0.160000000000025,5.618964003512731,0.18282,18.282,23.434345917471468,13.57,10.58645890410959,7.695541095890411,9.864345917471468,47.7225,34072.0,211912.0
2026-08-07,282.5,282.53,0.029999999999972715,1.0619469026539015,0.09738,9.738,12.5818407079646,13.71,10.611164383561643,-0.8731643835616438,-1.1281592920354004,47.474999999999994,18418.0,210660.0
2026-08-10,284.3,283.58,-0.7200000000000273,-25.32536053464746,0.10791,10.791,13.854080196975026,13.57,10.569728767123289,0.22127123287671147,0.28408019697502596,47.673,12902.0,210676.0
2026-08-11,286.2,286.48,0.28000000000002956,9.783368273935345,0.15247,15.247,19.444986023759608,13.59,10.656049315068492,4.590950684931508,5.854986023759608,47.882,12210.0,216110.0
2026-08-12,283.99,284.5,0.5099999999999909,17.95837881615518,0.15608,15.608,20.060283812810308,13.87,10.791619999999998,4.816380000000002,6.190283812810309,47.6389,16407.0,220468.0
2026-08-13,277.51,278.26,0.75,27.026053115203055,0.16745,16.744999999999997,22.024161291484994,13.98,10.629013150684932,6.115986849315066,8.044161291484993,46.92609999999999,39093.0,225990.0
2026-08-14,273.4,272.85,-0.5499999999999545,-20.11704462326096,0.12377,12.377,16.523792977322607,13.99,10.479084931506849,1.8979150684931518,2.533792977322607,46.47399999999999,56893.0,218126.0
2026-08-17,271.0,270.44,-0.5600000000000023,-20.664206642066503,0.09292,9.292,12.515055350553506,13.96,10.364821917808218,-1.0728219178082181,-1.4449446494464944,46.209999999999994,34409.0,225682.0
2026-08-18,277.72,276.23,-1.490000000000009,-53.65115944116408,0.11005,11.004999999999999,14.463578424312255,13.93,10.599012602739728,0.40598739726027055,0.533578424312255,46.9492,23734.0,224076.0
2026-08-19,276.32,276.76,0.4399999999999977,15.923566878980811,0.16487,16.487,21.778210046323103,13.86,10.492589589041096,5.994410410958903,7.918210046323104,46.7952,15269.0,225232.0
2026-08-20,271.11,270.66,-0.44999999999998863,-16.598428682084343,0.22914,22.914,30.849507579949098,13.81,10.25761397260274,12.65638602739726,17.039507579949095,46.222100000000005,25572.0,222110.0
2026-08-21,273.33,272.99,-0.339999999999975,-12.439176087512347,0.12223,12.223,16.322375882632716,13.87,10.38654,1.8364600000000006,2.452375882632717,46.4663,21670.0,220454.0
2026-08-24,269.52,269.16,-0.3599999999999568,-13.35707925200196,0.14155,14.155000000000001,19.169542149005643,13.88,10.249144109589041,3.90585589041096,5.2895421490056425,46.04719999999999,35696.0,224504.0
2026-08-25,271.7,271.65,-0.05000000000001137,-1.8402649981601535,0.1097,10.97,14.737026131762976,13.85,10.309712328767123,0.6602876712328776,0.8870261317629762,46.287,38185.0,212046.0
2026-08-26,267.3,267.8,0.5,18.705574261129815,0.11892,11.892,16.238608305274973,13.74,10.062197260273972,1.829802739726027,2.4986083052749724,45.803000000000004,16229.0,208366.0
2026-08-27,270.11,269.93,-0.18000000000000682,-6.663951723372212,0.16672,16.672,22.52889563511162,13.61,10.071772876712329,6.600227123287672,8.918895635111621,46.1121,21581.0,204690.0
2026-08-28,268.14,268.39,0.25,9.323487730290148,0.1167,11.67,15.885544864622958,13.68,10.049740273972603,1.6202597260273972,2.205544864622958,45.895399999999995,13437.0,203046.0
2026-08-31,275.85,275.49,-0.36000000000001364,-13.050570962480103,0.11744,11.744,15.539459851368495,13.68,10.33870684931507,1.4052931506849298,1.859459851368495,46.7435,25147.0,200886.0
2026-09-01,272.21,275.37,3.160000000000025,116.08684471547795,0.12608,12.608,16.90577127952684,13.84,10.321606575342464,2.286393424657536,3.065771279526839,46.34309999999999,23929.0,211354.0
2026-09-02,274.28,274.49,0.21000000000003638,7.6564095085327555,0.13014,13.014000000000001,17.31847017646201,13.96,10.490270684931506,2.523729315068495,3.35847017646201,46.57079999999999,16399.0,214374.0
2026-09-03,279.05,276.91,-2.1399999999999864,-76.68876545421918,0.18677,18.677,24.429690019709728,13.97,10.680352054794522,7.996647945205478,10.459690019709727,47.0955,24895.0,214996.0
2026-09-04,280.68,279.76,-0.9200000000000159,-32.77754025937067,0.12083,12.083,15.712893686760724,14.06,10.811947397260274,1.2710526027397258,1.6528936867607236,47.2748,20562.0,211932.0
2026-09-07,280.08,279.61,-0.46999999999997044,-16.780919737216884,0.11061,11.061,14.414685089974293,14.01,10.750467945205479,0.3105320547945212,0.40468508997429353,47.20879999999999,15635.0,213884.0
2026-09-08,279.2,278.44,-0.7599999999999909,-27.22063037249251,0.1017,10.17,13.295308022922637,13.98,10.693742465753425,-0.5237424657534255,-0.6846919770773638,47.112,23238.0,203490.0
2026-09-09,277.04,277.6,0.5600000000000023,20.213687554143885,0.13438,13.438,17.70455529887381,13.95,10.588241095890412,2.8497589041095885,3.754555298873811,46.87440000000001,13490.0,205738.0
2026-09-10,285.04,285.15,0.1099999999999568,3.859107493683581,0.18094,18.093999999999998,23.16976564692674,13.86,10.823710684931507,7.27028931506849,9.309765646926742,47.7544,26273.0,201610.0
2026-09-11,283.32,283.22,-0.0999999999999659,-3.5295778624864425,0.11136,11.136,14.346463362981787,13.83,10.735111232876713,0.4008887671232859,0.5164633629817867,47.56519999999999,28372.0,197960.0
2026-09-14,287.5,288.11,0.6100000000000136,21.2173913043483,0.13922,13.922,17.67488695652174,13.99,11.019520547945206,2.902479452054795,3.684886956521739,48.025,19998.0,199398.0
2026-09-15,284.91,284.31,-0.6000000000000227,-21.05928187848874,0.17227,17.227,22.069618476009968,14.01,10.935860547945207,6.291139452054793,8.059618476009968,47.7401,15133.0,201928.0
2026-09-16,279.94,279.68,-0.2599999999999909,-9.287704508108556,0.16014,16.014,20.879867114381653,14.22,10.906155616438356,5.107844383561643,6.659867114381653,47.1934,21366.0,207148.0
2026-09-17,275.89,275.18,-0.7099999999999795,-25.734894341947136,0.24493,24.493000000000002,32.40401971800356,14.15,10.695461643835618,13.797538356164385,18.254019718003562,46.7479,37808.0,227402.0
2026-09-18,276.74,277.88,1.1399999999999864,41.19390041193851,0.13686,13.686000000000002,18.050841945508424,14.1,10.69050410958904,2.995495890410961,3.950841945508424,46.8414,13466.0,224026.0
2026-09-21,277.3,277.23,-0.06999999999999318,-2.524341868012736,0.1218,12.18,16.03209520375045,14.09,10.704539726027397,1.4754602739726028,1.9420952037504513,46.903,18748.0,227460.0
2026-09-22,280.75,281.0,0.25,8.904719501335707,0.09429,9.429,12.258539626001781,14.08,10.830027397260274,-1.4010273972602736,-1.8214603739982191,47.2825,21183.0,224690.0
2026-09-23,280.74,279.66,-1.079999999999984,-38.46975849540443,0.15518,15.518,20.17550046306191,14.17,10.898865205479451,4.61913479452055,6.005500463061908,47.2814,18038.0,228790.0
2026-09-24,279.33,279.55,0.22000000000002728,7.875988973616414,0.18275,18.275,23.879909068127304,14.1,10.79055616438356,7.484443835616439,9.779909068127305,47.12629999999999,11557.0,225268.0
2026-09-25,276.35,276.2,-0.1500000000000341,-5.427899402932299,0.13169,13.169,17.393468427718474,14.13,10.698152054794523,2.4708479452054775,3.2634684277184736,46.798500000000004,16257.0,228984.0
2026-09-28,272.45,273.0,0.5500000000000114,20.187190310149067,0.14306,14.306,19.16568177647275,14.12,10.539709589041095,3.766290410958904,5.045681776472749,46.3695,26922.0,231794.0
