utc,sample,route,base,maker_venue,hedge_venue,phase,maker_bid,maker_ask,hedge_bid,hedge_ask,mid_basis_bps,z,baseline_mean_bps,baseline_sd_bps,quote_gap_ms,maker_latency_ms,hedge_latency_ms,expected_long_maker_bps,expected_short_maker_bps,event
2026-09-30T11:03:33.674806+00:00,0,OP|MEXC|GATE,OP,MEXC,GATE,FLAT,0.13199,0.13201,0.13183945559387555,0.13209576403950948,-1.5151515151534678,-0.3220497336393128,0.5394605637454926,6.379797479354763,8,129,110,-39.9452038870605,-33.9573229760989,
2026-09-30T11:03:33.802242+00:00,0,OP|BITGET|GATE,OP,BITGET,GATE,FLAT,0.132,0.1321,0.13183945559387555,0.13209576403950948,-5.301022340024053,-0.16511675387148897,-3.6461906983499706,10.02219098227939,8,126,109,-30.516264311077947,-25.3255275272283,
2026-09-30T11:03:33.967289+00:00,0,OP|GATE|OKX,OP,GATE,OKX,FLAT,0.13194,0.13202,0.13197583314070188,0.13203559491659458,3.4096075162914907,0.21456093259081546,1.982398169148426,6.6517670757186025,28,110,164,-20.26653181308618,-20.198855928304752,
2026-09-30T11:03:34.086657+00:00,0,ARB|BITGET|GATE,ARB,BITGET,GATE,FLAT,0.20338,0.20339,0.20324783641077765,0.20348344051761066,0.7375175160406755,1.2041893277304823,-4.385058566975458,4.253962367089382,2,119,112,-24.113298657056347,-30.97921352103836,
2026-09-30T11:03:34.214826+00:00,0,DOT|BITGET|GATE,DOT,BITGET,GATE,FLAT,1.224,1.225,1.224,1.225,0.0,-0.22538219257234549,1.6244957519084988,7.207737813567731,8,127,111,-23.624495751908498,-20.375504248091502,
2026-09-30T11:03:34.375270+00:00,0,OP|MEXC|OKX,OP,MEXC,OKX,FLAT,0.13199,0.13201,0.13197834630992053,0.13203559491659458,1.8939393939398919,-0.15543855153775882,2.528985520764076,4.085512381205636,4,159,151,-31.411907717859254,-27.40987642867796,
2026-09-30T11:03:34.491465+00:00,0,WIF|BITGET|GATE,WIF,BITGET,GATE,FLAT,0.2539,0.254,0.2533583230859744,0.25368176028143574,-17.720023626698335,-0.5797965079007842,-13.403714160696085,7.444524772372146,3,116,108,-29.930547911994765,-22.87459138257507,
2026-09-30T11:03:34.614930+00:00,0,WIF|GATE|OKX,WIF,GATE,OKX,FLAT,0.2534,0.2536,0.253532832501809,0.2537266983568447,5.917159763313418,0.8501265513828078,1.5453870896125272,5.142496333739731,7,111,122,-17.30337833629804,-24.450604899532607,
2026-09-30T11:03:39.732405+00:00,1,OP|MEXC|GATE,OP,MEXC,GATE,FLAT,0.13201,0.13203,0.13186004853394073,0.1321003566739628,-1.893652476897545,-0.38137778644489456,0.5394605637454926,6.379797479354763,3,117,109,-39.89855957588476,-32.78937939405115,
2026-09-30T11:03:39.935410+00:00,1,OP|BITGET|GATE,OP,BITGET,GATE,FLAT,0.1321,0.1322,0.1319315983742785,0.132148493507174,-4.54029511918308,-0.08921247084734352,-3.6461906983499706,10.02219098227939,45,203,110,-31.101850612890217,-21.7500868537194,
2026-09-30T11:03:40.072934+00:00,1,OP|GATE|OKX,OP,GATE,OKX,FLAT,0.13206,0.13216,0.1321258854952131,0.13220977754000063,4.163197335553814,0.3278526054176052,1.982398169148426,6.6517670757186025,14,110,136,-17.993340527690464,-22.784062181989388,
2026-09-30T11:03:40.197726+00:00,1,ARB|BITGET|GATE,ARB,BITGET,GATE,FLAT,0.20365,0.2037,0.203570496712012,0.20368682247647038,-4.173315330796568,0.0497755311182425,-4.385058566975458,4.253962367089382,4,124,114,-21.51885933079077,-25.738150195370043,
2026-09-30T11:03:40.315309+00:00,1,DOT|BITGET|GATE,DOT,BITGET,GATE,FLAT,1.224,1.225,1.224,1.2251289333284037,0.0,-0.22538219257234549,1.6244957519084988,7.207737813567731,3,117,111,-23.624495751908498,-21.428021214651338,
2026-09-30T11:03:40.467806+00:00,1,OP|MEXC|OKX,OP,MEXC,OKX,FLAT,0.13207,0.13208,0.13212679992261014,0.13220943646602637,6.814310051108663,1.0489074883380933,2.528985520764076,4.085512381205636,13,126,151,-26.228241778039582,-35.27086805482313,
2026-09-30T11:03:40.589594+00:00,1,WIF|BITGET|GATE,WIF,BITGET,GATE,FLAT,0.2537,0.2538,0.2534,0.25380713197041205,-7.881773399016634,0.74174523297609,-13.403714160696085,7.444524772372146,6,121,109,-20.421275985143957,-35.68472166313895,
2026-09-30T11:03:40.768271+00:00,1,WIF|GATE|OKX,WIF,GATE,OKX,FLAT,0.2535,0.2537,0.2535803596159623,0.2537291080872004,1.9716088328070036,0.08288226486386602,1.5453870896125272,5.142496333739731,35,109,177,-19.375382515161593,-20.601955724752376,
2026-09-30T11:03:45.907933+00:00,2,OP|MEXC|GATE,OP,MEXC,GATE,FLAT,0.13214,0.13215,0.1319705143537792,0.13220431389245949,-1.5134889704504495,-0.3217891384231796,0.5394605637454926,6.379797479354763,12,138,112,-41.36567868246769,-31.57055778354869,
2026-09-30T11:03:46.026097+00:00,2,OP|BITGET|GATE,OP,BITGET,GATE,FLAT,0.1322,0.1323,0.1319705143537792,0.13220431389245949,-9.45179584121103,-0.5792750460579096,-3.6461906983499706,10.02219098227939,3,117,109,-35.71278405360206,-18.41368068017082,
2026-09-30T11:03:46.165477+00:00,2,OP|GATE|OKX,OP,GATE,OKX,FLAT,0.13208,0.13217,0.1321614861547617,0.132226541982557,3.784295175022212,0.27088997335029563,1.982398169148426,6.6517670757186025,16,109,138,-16.812943689916086,-23.29557584590827,
2026-09-30T11:03:46.289638+00:00,2,ARB|BITGET|GATE,ARB,BITGET,GATE,FLAT,0.20368,0.20369,0.2034823978773091,0.20364,-3.436679185998548,0.2229402376273967,-4.385058566975458,4.253962367089382,6,124,111,-27.316538187291393,-23.930347977353247,
2026-09-30T11:03:46.414459+00:00,2,DOT|BITGET|GATE,DOT,BITGET,GATE,FLAT,1.224,1.225,1.224,1.2256114811604721,0.0,-0.22538219257234549,1.6244957519084988,7.207737813567731,6,125,111,-23.624495751908498,-25.367187190721474,
2026-09-30T11:03:46.566756+00:00,2,OP|MEXC|OKX,OP,MEXC,OKX,FLAT,0.13214,0.13215,0.13216475528789526,0.1322265023186433,2.2702334556723436,-0.06333405481330948,2.528985520764076,4.085512381205636,17,118,151,-28.655571876504105,-31.260066211608127,
2026-09-30T11:03:46.687084+00:00,2,WIF|BITGET|GATE,WIF,BITGET,GATE,FLAT,0.2539,0.2541,0.2535,0.25383468833469147,-15.748031496063408,-0.31490490085646167,-13.403714160696085,7.444524772372146,5,119,109,-24.35051978967859,-24.962483727460338,
2026-09-30T11:03:46.816569+00:00,2,WIF|GATE|OKX,WIF,GATE,OKX,FLAT,0.2535,0.2537,0.25363340351924346,0.2538381904006375,5.914826498423231,0.8496728291555545,1.5453870896125272,5.142496333739731,11,108,128,-17.28292084726636,-24.90161332968161,
2026-09-30T11:03:51.937778+00:00,3,OP|MEXC|GATE,OP,MEXC,GATE,FLAT,0.13219,0.1322,0.1320483838965685,0.13221,-1.5129165248317644,-0.32169941055634094,0.5394605637454926,6.379797479354763,5,120,109,-39.25253291653256,-28.21696908829465,
2026-09-30T11:03:52.056307+00:00,3,OP|BITGET|GATE,OP,BITGET,GATE,FLAT,0.1322,0.1323,0.13204126979000796,0.13221,-5.671077504727506,-0.20204033329217272,-3.6461906983499706,10.02219098227939,5,118,109,-30.36063305293939,-18.843469609914145,
2026-09-30T11:03:52.215379+00:00,3,OP|GATE|OKX,OP,GATE,OKX,FLAT,0.13214,0.13221,0.1321965483639242,0.13226991878093067,3.0262909022149564,0.15693464927193904,1.982398169148426,6.6517670757186025,25,110,158,-18.7029699926538,-23.549693271035203,
2026-09-30T11:03:52.343706+00:00,3,ARB|BITGET|GATE,ARB,BITGET,GATE,FLAT,0.20367,0.20368,0.20346579608138202,0.2036,-3.9278261936903647,0.10748387828309292,-4.385058566975458,4.253962367089382,9,128,108,-27.641156320734037,-22.457328794783656,
2026-09-30T11:03:52.458598+00:00,3,DOT|BITGET|GATE,DOT,BITGET,GATE,FLAT,1.224,1.225,1.224,1.2256274092675827,0.0,-0.22538219257234549,1.6244957519084988,7.207737813567731,1,115,111,-23.624495751908498,-25.497212554888204,
2026-09-30T11:03:52.618106+00:00,3,OP|MEXC|OKX,OP,MEXC,OKX,FLAT,0.1322,0.13222,0.1321965483639242,0.13226991878093067,0.3781862188945162,-0.5264454250007334,2.528985520764076,4.085512381205636,18,124,158,-30.79007750834525,-29.246447918250908,
2026-09-30T11:03:52.732138+00:00,3,WIF|BITGET|GATE,WIF,BITGET,GATE,FLAT,0.2538,0.254,0.2534215408309706,0.253781813809309,-11.815675462781838,0.21331632931194194,-13.403714160696085,7.444524772372146,1,113,108,-23.507994626907752,-26.81370665317538,
2026-09-30T11:03:52.869950+00:00,3,WIF|GATE|OKX,WIF,GATE,OKX,FLAT,0.2535,0.2537,0.25353676283061044,0.25377360754481537,1.9716088328070036,0.08288226486386602,1.5453870896125272,5.142496333739731,15,108,136,-21.095176809121114,-22.355974550726966,
2026-09-30T11:03:58.203229+00:00,4,OP|MEXC|GATE,OP,MEXC,GATE,FLAT,0.13223,0.13224,0.13209021673769714,0.13229017348591346,-1.512458880024159,-0.3216276771182363,0.5394605637454926,6.379797479354763,110,332,110,-39.110682094627236,-31.25466269044943,
2026-09-30T11:03:58.322378+00:00,4,OP|BITGET|GATE,OP,BITGET,GATE,FLAT,0.1323,0.1324,0.13209021673769714,0.13229017348591346,-10.200226671703838,-0.6539524126952183,-3.6461906983499706,10.02219098227939,4,119,108,-34.21044288463354,-17.35113676432234,
2026-09-30T11:03:58.467467+00:00,4,OP|GATE|OKX,OP,GATE,OKX,FLAT,0.13218,0.13225,0.13223894190603863,0.13230857250859243,5.294406837346166,0.4979141077094823,1.982398169148426,6.6517670757186025,18,110,144,-18.52318300508076,-23.44652497583724,
2026-09-30T11:03:58.643631+00:00,4,ARB|BITGET|GATE,ARB,BITGET,GATE,FLAT,0.20369,0.2037,0.20349525254439094,0.20362999999999998,-3.4365104690847748,0.22297989874783314,-4.385058566975458,4.253962367089382,33,176,109,-27.175914264732633,-22.94863245013587,
2026-09-30T11:03:58.761963+00:00,4,DOT|BITGET|GATE,DOT,BITGET,GATE,FLAT,1.225,1.226,1.225,1.226,0.0,-0.22538219257234549,1.6244957519084988,7.207737813567731,3,118,111,-23.624495751908498,-20.375504248091502,
2026-09-30T11:03:58.916044+00:00,4,OP|MEXC|OKX,OP,MEXC,OKX,FLAT,0.13223,0.13224,0.13223894190603863,0.13230851694381443,3.781147200059287,0.3064882840780176,2.528985520764076,4.085512381205636,3,147,153,-29.852746691554877,-30.65227157349146,
2026-09-30T11:03:59.036165+00:00,4,WIF|BITGET|GATE,WIF,BITGET,GATE,FLAT,0.2539,0.2541,0.2535,0.2538164182534691,-15.748031496063408,-0.31490490085646167,-13.403714160696085,7.444524772372146,4,119,110,-24.35051978967859,-24.243472266525778,
2026-09-30T11:03:59.165900+00:00,4,WIF|GATE|OKX,WIF,GATE,OKX,FLAT,0.2535,0.2537,0.25362866003858436,0.253829866807801,5.914826498423231,0.8496728291555545,1.5453870896125272,5.142496333739731,10,109,129,-17.470040399894543,-24.57352531878471,
2026-09-30T11:04:04.300208+00:00,5,OP|MEXC|GATE,OP,MEXC,GATE,FLAT,0.13217,0.1322,0.13203555169034772,0.13228200619836544,-0.7565154896549409,-0.20313749105582976,0.5394605637454926,6.379797479354763,11,133,109,-38.71183777886847,-33.663731445743,
2026-09-30T11:04:04.423252+00:00,5,OP|BITGET|GATE,OP,BITGET,GATE,FLAT,0.1322,0.1323,0.13203555169034772,0.1322791650135937,-5.671077504727506,-0.20204033329217272,-3.6461906983499706,10.02219098227939,4,122,112,-30.793167066572916,-24.07136179386851,
2026-09-30T11:04:04.565059+00:00,5,OP|GATE|OKX,OP,GATE,OKX,FLAT,0.13214,0.13221,0.13220609212553353,0.13225635114456186,3.0262909022149564,0.15693464927193904,1.982398169148426,6.6517670757186025,16,110,140,-17.9807237682466,-22.52347465150431,
2026-09-30T11:04:04.688892+00:00,5,ARB|BITGET|GATE,ARB,BITGET,GATE,FLAT,0.20361,0.20363,0.20345597318953737,0.20358856673649017,-4.1744425891376835,0.04951054091761521,-4.385058566975458,4.253962367089382,6,123,108,-25.17973738914879,-24.35032579136118,
2026-09-30T11:04:04.833504+00:00,5,DOT|BITGET|GATE,DOT,BITGET,GATE,FLAT,1.224,1.225,1.224,1.225,0.0,-0.22538219257234549,1.6244957519084988,7.207737813567731,16,144,111,-23.624495751908498,-20.375504248091502,
2026-09-30T11:04:04.964872+00:00,5,OP|MEXC|OKX,OP,MEXC,OKX,FLAT,0.13217,0.1322,0.1322095732952023,0.13226746765743944,3.026061958617543,0.12166807770309085,2.528985520764076,4.085512381205636,7,118,130,-27.534864676222426,-30.5744681433374,
2026-09-30T11:04:05.086397+00:00,5,WIF|BITGET|GATE,WIF,BITGET,GATE,FLAT,0.2537,0.2539,0.2532194725774412,0.253622087294783,-15.760441292356209,-0.31657187043104823,-13.403714160696085,7.444524772372146,5,121,111,-27.537059294517746,-24.457959721271834,
2026-09-30T11:04:05.216842+00:00,5,WIF|GATE|OKX,WIF,GATE,OKX,FLAT,0.2533,0.2535,0.2533262192636938,0.2535868134856987,1.9731649565901677,0.08318486571803764,1.5453870896125272,5.142496333739731,11,108,129,-21.51027995602352,-22.879208006984676,
2026-09-30T11:04:10.382955+00:00,6,OP|MEXC|GATE,OP,MEXC,GATE,FLAT,0.13223,0.13224,0.13206099799559595,0.1322916682707323,-1.134344160017564,-0.262360165691708,0.5394605637454926,6.379797479354763,26,165,110,-41.320372943994634,-31.367698445050294,
2026-09-30T11:04:10.510849+00:00,6,OP|BITGET|GATE,OP,BITGET,GATE,FLAT,0.1323,0.1324,0.13206099799559595,0.1322916682707323,-9.822440498676865,-0.6162574442302439,-3.6461906983499706,10.02219098227939,8,127,109,-36.418964585402996,-17.464035919823395,
2026-09-30T11:04:10.666810+00:00,6,OP|GATE|OKX,OP,GATE,OKX,FLAT,0.13219,0.13225,0.13224176554988096,0.13231717502831314,4.159733777038266,0.32733190791329964,1.982398169148426,6.6517670757186025,24,109,154,-19.06640226318306,-24.09699905679821,
2026-09-30T11:04:10.805481+00:00,6,ARB|BITGET|GATE,ARB,BITGET,GATE,FLAT,0.20366,0.20367,0.2035246831029582,0.20363856773080757,-4.664522622933598,-0.06569499958913678,-4.385058566975458,4.253962367089382,14,138,111,-24.25919641887374,-24.841764552519937,
2026-09-30T11:04:10.923711+00:00,6,DOT|BITGET|GATE,DOT,BITGET,GATE,FLAT,1.224,1.225,1.224,1.225,0.0,-0.22538219257234549,1.6244957519084988,7.207737813567731,3,118,111,-23.624495751908498,-20.375504248091502,
2026-09-30T11:04:11.078676+00:00,6,OP|MEXC|OKX,OP,MEXC,OKX,FLAT,0.13223,0.13224,0.13224176554988096,0.13231717502831314,3.024917760048318,0.12138801526233343,2.528985520764076,4.085512381205636,18,121,154,-29.639206357111,-31.306996656576082,
2026-09-30T11:04:11.201674+00:00,6,WIF|BITGET|GATE,WIF,BITGET,GATE,FLAT,0.2538,0.2539,0.25325224593833706,0.25365538201830296,-15.757337010046113,-0.31615488178435636,-13.403714160696085,7.444524772372146,6,123,109,-30.178400168025952,-25.769291880387,
2026-09-30T11:04:11.365710+00:00,6,WIF|GATE|OKX,WIF,GATE,OKX,FLAT,0.2533,0.2536,0.2535001014000406,0.2537545271887278,7.8911027816119805,1.2339757347740714,1.5453870896125272,5.142496333739731,28,109,163,-14.64560816973272,-25.547956314481873,
2026-09-30T11:04:16.496323+00:00,7,OP|MEXC|GATE,OP,MEXC,GATE,FLAT,0.13219,0.1322,0.13204252255419638,0.13228215169993965,-0.7564582624164373,-0.20312852098449305,0.5394605637454926,6.379797479354763,9,130,110,-39.6959357739444,-33.674737616257964,
2026-09-30T11:04:16.622834+00:00,7,OP|BITGET|GATE,OP,BITGET,GATE,FLAT,0.1322,0.1323,0.13204252255419638,0.13228215169993965,-4.914933837429913,-0.12659339073893672,-3.6461906983499706,10.02219098227939,6,126,112,-30.2658702550263,-24.29711284042493,
2026-09-30T11:04:16.764656+00:00,7,OP|GATE|OKX,OP,GATE,OKX,FLAT,0.13214,0.13223,0.13220837299759547,0.13227226890235363,4.539092937927425,0.38436324358257756,1.982398169148426,6.6517670757186025,16,109,141,-17.808113501715454,-22.214221535431204,
2026-09-30T11:04:16.891956+00:00,7,ARB|BITGET|GATE,ARB,BITGET,GATE,FLAT,0.20357,0.20358,0.2033709774672878,0.20351,-4.666584796758633,-0.06617976500243446,-4.385058566975458,4.253962367089382,8,127,109,-27.391555507407226,-22.946606852660565,
2026-09-30T11:04:17.013260+00:00,7,DOT|BITGET|GATE,DOT,BITGET,GATE,FLAT,1.224,1.225,1.224,1.225,0.0,-0.22538219257234549,1.6244957519084988,7.207737813567731,3,121,113,-23.624495751908498,-20.375504248091502,
2026-09-30T11:04:17.166934+00:00,7,OP|MEXC|OKX,OP,MEXC,OKX,FLAT,0.13219,0.1322,0.13220837299759547,0.13227226890235363,3.7822913120755253,0.30676832533343057,2.528985520764076,4.085512381205636,14,126,152,-29.139092367312344,-30.937648545318417,
2026-09-30T11:04:17.280520+00:00,7,WIF|BITGET|GATE,WIF,BITGET,GATE,FLAT,0.2537,0.2539,0.2532982290532269,0.2536553566572283,-13.79038613081196,-0.05194045045707667,-13.403714160696085,7.444524772372146,1,113,108,-24.432744127560333,-25.76829301962956,
2026-09-30T11:04:17.417263+00:00,7,WIF|GATE|OKX,WIF,GATE,OKX,FLAT,0.2533,0.2536,0.2534462792905985,0.2536734403907911,3.9455513908071005,0.46673135874637045,1.5453870896125272,5.142496333739731,14,109,135,-16.770444705148115,-22.3505273737597,
2026-09-30T11:04:22.534261+00:00,8,OP|MEXC|GATE,OP,MEXC,GATE,FLAT,0.13221,0.13224,0.13205178118356647,0.1322864379943768,-2.268859897899267,-0.44018959390679374,0.5394605637454926,6.379797479354763,2,115,109,-40.50669575272651,-30.97218450407193,
2026-09-30T11:04:22.650106+00:00,8,OP|BITGET|GATE,OP,BITGET,GATE,FLAT,0.1323,0.1324,0.13205178118356647,0.1322864379943768,-11.711371363807288,-0.804732286554673,-3.6461906983499706,10.02219098227939,2,115,109,-37.11562460274825,-17.068999941312413,
2026-09-30T11:04:22.815110+00:00,8,OP|GATE|OKX,OP,GATE,OKX,FLAT,0.13216,0.13223,0.1322009264065675,0.13227667444781613,3.7822913120755253,0.2705887206269401,1.982398169148426,6.6517670757186025,27,110,164,-19.885666437346398,-22.54739445099432,
2026-09-30T11:04:22.973219+00:00,8,ARB|BITGET|GATE,ARB,BITGET,GATE,FLAT,0.20357,0.20358,0.2034343046698868,0.20353,-3.438536166032735,0.22250370813466924,-4.385058566975458,4.253962367089382,24,157,108,-24.280723724777175,-23.92902162817831,
2026-09-30T11:04:23.090441+00:00,8,DOT|BITGET|GATE,DOT,BITGET,GATE,FLAT,1.224,1.225,1.224,1.225,0.0,-0.22538219257234549,1.6244957519084988,7.207737813567731,2,117,111,-23.624495751908498,-20.375504248091502,
2026-09-30T11:04:23.217608+00:00,8,OP|MEXC|OKX,OP,MEXC,OKX,FLAT,0.13221,0.13224,0.1322009264065675,0.13227667444781613,1.5125732652698787,-0.24878452459719472,2.528985520764076,4.085512381205636,5,118,126,-31.215287119167844,-28.24433932921653,
2026-09-30T11:04:23.335862+00:00,8,WIF|BITGET|GATE,WIF,BITGET,GATE,FLAT,0.2536,0.2538,0.2532,0.25360294615250745,-13.795821836818378,-0.0526706120419492,-13.403714160696085,7.444524772372146,4,118,109,-24.369156501764387,-27.639575173596374,
2026-09-30T11:04:23.467329+00:00,8,WIF|GATE|OKX,WIF,GATE,OKX,FLAT,0.2532,0.2535,0.2533286768062145,0.2535577826291922,3.9471087428477603,0.46703419844514515,1.5453870896125272,5.142496333739731,11,108,131,-17.46336472726874,-21.734006566884347,
2026-09-30T11:04:28.585789+00:00,9,OP|MEXC|GATE,OP,MEXC,GATE,FLAT,0.13221,0.13222,0.13207403151570063,0.13228994860970464,-0.3781719169537734,-0.14383410816232886,0.5394605637454926,6.379797479354763,3,117,109,-38.823741956935756,-32.750859335259584,
2026-09-30T11:04:28.703423+00:00,9,OP|BITGET|GATE,OP,BITGET,GATE,FLAT,0.1323,0.1324,0.13207403151570063,0.13228994860970464,-10.5780128447297,-0.691647381160082,-3.6461906983499706,10.02219098227939,3,117,111,-35.43381567348463,-17.33415215640446,
2026-09-30T11:04:28.866282+00:00,9,OP|GATE|OKX,OP,GATE,OKX,FLAT,0.13217,0.13225,0.13226553326422655,0.1322964234543762,5.672793283411082,0.5547992093309996,1.982398169148426,6.6517670757186025,25,114,162,-15.754338531823112,-22.527881934911424,
2026-09-30T11:04:28.991970+00:00,9,ARB|BITGET|GATE,ARB,BITGET,GATE,FLAT,0.20361,0.20362,0.20344664396994316,0.20354966007206768,-4.1745450973651455,0.049486443800946994,-4.385058566975458,4.253962367089382,7,125,108,-25.637928027831258,-22.93058808606405,
2026-09-30T11:04:29.107251+00:00,9,DOT|BITGET|GATE,DOT,BITGET,GATE,FLAT,1.224,1.225,1.224,1.225,0.0,-0.22538219257234549,1.6244957519084988,7.207737813567731,2,114,111,-23.624495751908498,-20.375504248091502,
2026-09-30T11:04:29.267349+00:00,9,OP|MEXC|OKX,OP,MEXC,OKX,FLAT,0.13221,0.13222,0.13223772911234208,0.13229607054673215,5.294406837346166,0.6768848209354865,2.528985520764076,4.085512381205636,16,129,159,-28.431631890775655,-31.224345800681206,
2026-09-30T11:04:29.385782+00:00,9,WIF|BITGET|GATE,WIF,BITGET,GATE,FLAT,0.2535,0.2536,0.2530330208092156,0.2533545228631461,-13.803983435221046,-0.05376693432607354,-13.403714160696085,7.444524772372146,4,118,108,-27.017555692733097,-25.72401633522624,
2026-09-30T11:04:29.516428+00:00,9,WIF|GATE|OKX,WIF,GATE,OKX,FLAT,0.2531,0.2534,0.25321017904919774,0.25345455559818125,3.948667324780164,0.46733727730631575,1.5453870896125272,5.142496333739731,11,109,130,-18.19220458476213,-21.607556800728624,
2026-09-30T11:04:34.640589+00:00,10,OP|MEXC|GATE,OP,MEXC,GATE,FLAT,0.13222,0.13224,0.13207407379029718,0.13228994860970464,-0.7562580352427073,-0.2030971364187011,0.5394605637454926,6.379797479354763,6,123,109,-39.57608208112732,-31.2376575324921,
2026-09-30T11:04:34.756376+00:00,10,OP|BITGET|GATE,OP,BITGET,GATE,FLAT,0.1323,0.1324,0.13207407379029718,0.13228994860970464,-9.822440498676865,-0.6162574442302439,-3.6461906983499706,10.02219098227939,3,116,109,-35.430620314713714,-17.33415215640446,
2026-09-30T11:04:34.917217+00:00,10,OP|GATE|OKX,OP,GATE,OKX,FLAT,0.13219,0.13225,0.1322365758547834,0.13229582714803761,4.916049009224821,0.4410333083948926,1.982398169148426,6.6517670757186025,25,110,159,-19.458995885814282,-22.48279260874311,
2026-09-30T11:04:35.038380+00:00,10,ARB|BITGET|GATE,ARB,BITGET,GATE,FLAT,0.20362,0.20363,0.20344960847326468,0.20358953174407696,-3.4376918354828145,0.22270218909831216,-4.385058566975458,4.253962367089382,4,121,110,-25.983054915753023,-24.39771603772831,
2026-09-30T11:04:35.156100+00:00,10,DOT|BITGET|GATE,DOT,BITGET,GATE,FLAT,1.224,1.225,1.224,1.225,0.0,-0.22538219257234549,1.6244957519084988,7.207737813567731,2,117,111,-23.624495751908498,-20.375504248091502,
2026-09-30T11:04:35.315967+00:00,10,OP|MEXC|OKX,OP,MEXC,OKX,FLAT,0.13222,0.13224,0.1322365758547834,0.13229582714803761,4.159419193827674,0.3990769139665307,2.528985520764076,4.085512381205636,21,117,159,-29.27532837484089,-29.692668142092906,
2026-09-30T11:04:35.443181+00:00,10,WIF|BITGET|GATE,WIF,BITGET,GATE,FLAT,0.2536,0.2538,0.25315736545901296,0.25352265023941195,-15.766653527791163,-0.3174063408136319,-13.403714160696085,7.444524772372146,8,126,108,-26.050329253619473,-24.475827612702716,
2026-09-30T11:04:35.566004+00:00,10,WIF|GATE|OKX,WIF,GATE,OKX,FLAT,0.2532,0.2534,0.25321552211150544,0.2534575712025807,1.9739439399946157,0.08333634534075261,1.5453870896125272,5.142496333739731,7,108,121,-21.932349510407917,-21.726562499208736,
2026-09-30T11:04:40.685316+00:00,11,OP|MEXC|GATE,OP,MEXC,GATE,FLAT,0.13232,0.13234,0.13216023694060966,0.1323993723023853,-1.1335298118331227,-0.26223252085861154,0.5394605637454926,6.379797479354763,3,119,110,-40.61345235563877,-31.946885392526124,
2026-09-30T11:04:40.800933+00:00,11,OP|BITGET|GATE,OP,BITGET,GATE,FLAT,0.1324,0.1325,0.13216023694060966,0.1324012681363664,-10.192525481312886,-0.6531839988419432,-3.6461906983499706,10.02219098227939,2,115,109,-36.46280170273246,-18.194729292040712,
2026-09-30T11:04:40.966682+00:00,11,OP|GATE|OKX,OP,GATE,OKX,FLAT,0.13227,0.13236,0.13232618492588344,0.13240371566701012,3.0230888410232026,0.15645326422713754,1.982398169148426,6.6517670757186025,28,109,165,-18.734652959845825,-22.320387189730088,
2026-09-30T11:04:41.098643+00:00,11,ARB|BITGET|GATE,ARB,BITGET,GATE,FLAT,0.20371,0.20372,0.20349259544393822,0.2036448029846278,-3.92705495422474,0.10766517736359048,-4.385058566975458,4.253962367089382,11,131,109,-28.287198860828518,-22.693864016994777,
2026-09-30T11:04:41.215122+00:00,11,DOT|BITGET|GATE,DOT,BITGET,GATE,FLAT,1.224,1.225,1.224,1.225,0.0,-0.22538219257234549,1.6244957519084988,7.207737813567731,1,116,112,-23.624495751908498,-20.375504248091502,
2026-09-30T11:04:41.366505+00:00,11,OP|MEXC|OKX,OP,MEXC,OKX,FLAT,0.13232,0.13234,0.13232712713906772,0.1324035687171222,1.889216353057055,-0.15659459769357614,2.528985520764076,4.085512381205636,16,119,151,-29.99035651020384,-30.27445388698822,
2026-09-30T11:04:41.482191+00:00,11,WIF|BITGET|GATE,WIF,BITGET,GATE,FLAT,0.2536,0.2538,0.25325726146681765,0.2536021856369998,-13.795821836816158,-0.05267061204165093,-13.403714160696085,7.444524772372146,2,115,108,-22.11121222661969,-27.609610023571747,
2026-09-30T11:04:41.616257+00:00,11,WIF|GATE|OKX,WIF,GATE,OKX,FLAT,0.2533,0.2534,0.2533442085643945,0.25355636294993633,3.94710874284554,0.4670341984447134,1.5453870896125272,5.142496333739731,13,109,132,-20.800082533967718,-25.625210776855816,
