utc,route,base,maker_venue,hedge_venue,side,maker_price,target_qty,filled,through_qty,required_qty,wait_sec,initial_hedge_price,detected_hedge_price,hedge_slippage_bps,initial_cross_basis_bps,detected_cross_basis_bps,maker_latency_ms,hedge_latency_ms,quote_gap_ms
2026-09-30T11:12:01.151809+00:00,OP|MEXC|GATE,OP,MEXC,GATE,BUY,0.13175,7590.132827324478,False,235.0,15180.265654648956,30,0.1316522076977879,0.1317908327537121,10.529641572163406,-7.422565632797529,3.0992602438018046,164,124,19
2026-09-30T11:12:01.152135+00:00,OP|MEXC|GATE,OP,MEXC,GATE,SELL,0.13179,7587.829122088171,True,125141.0,15175.658244176342,30,0.13190341131273597,0.1320030719260562,7.5555751233702395,8.605456615522478,16.167533656288313,164,124,19
2026-09-30T11:12:01.489818+00:00,OP|GATE|OKX,OP,GATE,OKX,BUY,0.13174,7590.708972218005,False,0,15181.41794443601,30,0.13176647895777036,0.13191147782681978,11.00423037758258,2.009940623224349,13.016382785773217,126,209,41
2026-09-30T11:12:01.489996+00:00,OP|GATE|OKX,OP,GATE,OKX,SELL,0.13185,7584.376185058779,False,7679.0,15168.752370117558,30,0.1318340573074498,0.13199256089926772,12.022962431346151,-1.209153777034233,10.81235489326815,126,209,41
2026-09-30T11:12:01.895225+00:00,OP|OKX|GATE,OP,OKX,GATE,BUY,0.13172,7591.861524445794,False,0,15183.723048891588,30,0.13155503473323027,0.1317908327537121,17.923906976269333,-12.523934616590626,5.377524575773673,227,123,52
2026-09-30T11:12:01.895479+00:00,OP|OKX|GATE,OP,OKX,GATE,SELL,0.13173,7591.285204585135,True,41066.0,15182.57040917027,30,0.13179099076787112,0.13200497783352252,16.236850819970616,4.62998313756291,20.87435159208395,227,123,52
2026-09-30T11:12:02.241705+00:00,OP|BITGET|GATE,OP,BITGET,GATE,BUY,0.1319,7581.501137225171,False,0,15163.002274450342,30,0.13168747007529308,0.13180542014778296,8.956818171268477,-16.11295865859841,-7.170572571419953,163,123,20
2026-09-30T11:12:02.241885+00:00,OP|BITGET|GATE,OP,BITGET,GATE,SELL,0.132,7575.757575757575,False,0,15151.51515151515,30,0.13191472473015806,0.13200734709578085,7.0213818671316375,-6.460247715299738,0.5565981652155827,163,123,20
2026-09-30T11:12:02.549804+00:00,OP|GATE|BITGET,OP,GATE,BITGET,BUY,0.13193,7579.777154551657,False,0,15159.554309103314,30,0.13191774425577985,0.13198534436337225,5.124413548289741,-0.9289581005189618,4.194979411222821,129,177,24
2026-09-30T11:12:02.549982+00:00,OP|GATE|BITGET,OP,GATE,BITGET,SELL,0.13201,7575.1836982046825,False,0,15150.367396409365,30,0.1321,0.1321,0.0,6.817665328384681,6.817665328384681,129,177,24
2026-09-30T11:19:34.645971+00:00,OP|MEXC|GATE,OP,MEXC,GATE,BUY,0.13188,7582.6508947528055,False,10547.0,15165.301789505611,30,0.1317280380562872,0.1318493297862525,9.20773828829713,-11.522743684623249,-2.3256152371475824,221,147,36
2026-09-30T11:19:34.646184+00:00,OP|MEXC|GATE,OP,MEXC,GATE,SELL,0.13189,7582.075972401243,True,28300.0,15164.151944802486,30,0.1319648411986915,0.1321169576838291,11.527046428114751,5.674516543445751,17.208104013124448,221,147,36
2026-09-30T11:19:34.986475+00:00,OP|GATE|OKX,OP,GATE,OKX,BUY,0.13188,7582.6508947528055,False,0,15165.301789505611,30,0.13190609274242376,0.1319865339531083,6.098369606142295,1.978521566861069,8.078097748582813,142,194,27
2026-09-30T11:19:34.986660+00:00,OP|GATE|OKX,OP,GATE,OKX,SELL,0.13193,7579.777154551657,False,718.0,15159.554309103314,30,0.13197227962164212,0.13204989936431877,5.881518671888575,3.2047011022617866,9.088104625087912,142,194,27
2026-09-30T11:19:35.386404+00:00,OP|OKX|GATE,OP,OKX,GATE,BUY,0.13188,7582.6508947528055,False,42.0,15165.301789505611,30,0.13172062201149143,0.13184556381554938,9.485363958199322,-12.085076471683998,-2.6111756483637727,222,141,40
2026-09-30T11:19:35.386580+00:00,OP|OKX|GATE,OP,OKX,GATE,SELL,0.13189,7582.075972401243,True,15775.0,15164.151944802486,30,0.13196095143755993,0.13210700213389243,11.067720772051093,5.379591899303815,16.45326665345559,222,141,40
2026-09-30T11:19:35.730572+00:00,OP|BITGET|GATE,OP,BITGET,GATE,BUY,0.1319,7581.501137225171,False,0,15163.002274450342,30,0.1317041277624278,0.13184556381554938,10.738923337065831,-14.850055919044536,-4.1270799431847305,166,141,12
2026-09-30T11:19:35.730711+00:00,OP|BITGET|GATE,OP,BITGET,GATE,SELL,0.132,7575.757575757575,False,0,15151.51515151515,30,0.13194735651414863,0.13210700213389243,12.09919046212038,-3.9881428675281327,8.10622226457669,166,141,12
2026-09-30T11:19:36.045053+00:00,OP|GATE|BITGET,OP,GATE,BITGET,BUY,0.13201,7575.1836982046825,False,302.0,15150.367396409365,30,0.1320251864448181,0.132,-1.9077000000000677,1.1504010921981056,-0.7575183698194099,137,171,17
2026-09-30T11:19:36.045189+00:00,OP|GATE|BITGET,OP,GATE,BITGET,SELL,0.13207,7571.742257893542,False,0,15143.484515787084,30,0.1322,0.13218198359563593,-1.3628142484178873,9.843264935263107,8.479109232675253,137,171,17
