utc,sample,route,base,venue_a,venue_b,mid_basis_bps,z,baseline_mean_bps,baseline_sd_bps,exec_high_bps,exec_low_bps,fee_bps,exit_spread_bps,expected_high_bps,expected_low_bps,position
2026-09-30T08:01:12.666444+00:00,0,OP|GATE|OKX,OP,GATE,OKX,-3.115861722152724,-0.7146772968162028,1.6669728217152187,6.692299538791658,-14.68435882950092,8.473870435252717,20.0,23.165427820154186,-67.51675947137032,-57.97232543369169,FLAT
2026-09-30T08:01:12.917124+00:00,0,OP|BITGET|GATE,OP,BITGET,GATE,-1.9035118799759498,0.13794730850568324,-3.2687835725239545,9.897052050796319,-17.705185319486503,13.92013058938435,21.999999999999996,31.631321707399003,-76.06772345436154,-78.8202358693073,FLAT
2026-09-30T08:01:13.157972+00:00,0,OP|GATE|MEXC,OP,GATE,MEXC,-2.8768472720341887,-0.3461307063112493,-0.6514370803419661,6.42939257082577,-12.989039444138983,7.253663698365553,26.0,20.248511752339663,-66.58611411613668,-62.15361253104719,FLAT
2026-09-30T08:01:13.397650+00:00,0,WIF|BITGET|GATE,WIF,BITGET,GATE,-15.749902479783584,-0.3344901654623844,-13.24594507094149,7.48589246377613,-27.721664095314846,-3.7653039200280514,21.999999999999996,23.99414383920364,-68.46986286357699,-63.47478499011707,FLAT
2026-09-30T08:01:13.658388+00:00,0,DOT|BITGET|GATE,DOT,BITGET,GATE,-3.4418835170724194,-0.6682081686472919,1.4021751857329345,7.249325779137923,-15.179665886000393,8.305647840531893,21.999999999999996,23.493395832818045,-70.07523690455136,-60.396868487617,FLAT
2026-09-30T08:01:23.966665+00:00,1,OP|GATE|OKX,OP,GATE,OKX,-1.233627643920654,-0.4334235861414531,1.6669728217152187,6.692299538791658,-12.948771465119968,10.50267525398274,20.0,23.45432101819452,-66.0700653050297,-60.290023450462044,FLAT
2026-09-30T08:01:24.269787+00:00,1,OP|BITGET|GATE,OP,BITGET,GATE,-4.947352976795161,-0.16960296820265267,-3.2687835725239545,9.897052050796319,-20.848881445718614,10.97630802838534,21.999999999999996,31.840926912689767,-79.42102478588443,-76.08601851359906,FLAT
2026-09-30T08:01:24.509996+00:00,1,OP|GATE|MEXC,OP,GATE,MEXC,-4.266207219684182,-0.5622257623130247,-0.6514370803419661,6.42939257082577,-14.496544287698754,5.981657572040611,26.0,20.486927004982405,-68.3320342123392,-61.12002165736498,FLAT
2026-09-30T08:01:24.760901+00:00,1,WIF|BITGET|GATE,WIF,BITGET,GATE,-16.602861547020396,-0.4484323669252346,-13.24594507094149,7.48589246377613,-28.114856412558844,-5.078057104412892,21.999999999999996,23.075103460192857,-67.9440148018102,-61.242991426721446,FLAT
2026-09-30T08:01:25.008889+00:00,1,DOT|BITGET|GATE,DOT,BITGET,GATE,-4.683740414618276,-0.8395147060248321,1.4021751857329345,7.249325779137923,-16.583747927031432,7.234759136214297,21.999999999999996,23.829653897835325,-71.8155770105997,-59.662237848316686,FLAT
2026-09-30T08:01:35.263163+00:00,2,OP|GATE|OKX,OP,GATE,OKX,0.1647368813761929,-0.22447231054607952,1.6669728217152187,6.692299538791658,-12.297184212214374,12.651866333890371,20.0,24.94861408005304,-66.91277111398263,-63.933507592228196,FLAT
2026-09-30T08:01:35.512588+00:00,2,OP|BITGET|GATE,OP,BITGET,GATE,-7.714297826443284,-0.44917559603636137,-3.2687835725239545,9.897052050796319,-25.463333742735685,10.061939677457055,21.999999999999996,35.55267898744832,-87.74722915766004,-78.88340223742932,FLAT
2026-09-30T08:01:35.751695+00:00,2,OP|GATE|MEXC,OP,GATE,MEXC,-2.358737944339051,-0.2655462153212096,-0.6514370803419661,6.42939257082577,-13.348138467380588,8.652926273788886,26.0,22.006232905366144,-68.70293429240476,-65.310596259497,FLAT
2026-09-30T08:01:35.994555+00:00,2,WIF|BITGET|GATE,WIF,BITGET,GATE,-15.587226429294443,-0.3127591492507139,-13.24594507094149,7.48589246377613,-26.95565236186748,-4.209754992259285,21.999999999999996,22.781403662151405,-66.4911109530774,-61.81759374083361,FLAT
2026-09-30T08:01:36.242089+00:00,2,DOT|BITGET|GATE,DOT,BITGET,GATE,-2.6325312982300453,-0.5565629972892155,1.4021751857329345,7.249325779137923,-13.561633109909765,8.305647840531893,21.999999999999996,21.873035327361332,-66.83684362300403,-58.77650798216029,FLAT
2026-09-30T08:01:46.510710+00:00,3,OP|GATE|OKX,OP,GATE,OKX,1.3892310734742175,-0.04150169110499041,1.6669728217152187,6.692299538791658,-12.40612505584826,15.215169609397172,20.0,27.617424105911127,-69.69052198347461,-69.16562089359309,FLAT
2026-09-30T08:01:46.757197+00:00,3,OP|BITGET|GATE,OP,BITGET,GATE,-7.062196086784489,-0.38328711365676976,-3.2687835725239545,9.897052050796319,-24.72795163334873,10.628193169659461,21.999999999999996,35.38111447676732,-86.8402825375921,-79.27809121895073,FLAT
2026-09-30T08:01:47.000169+00:00,3,OP|GATE|MEXC,OP,GATE,MEXC,-1.0208994590399367,-0.05746458543758172,-0.6514370803419661,6.42939257082577,-13.357571223568954,11.3422585521894,26.0,24.702323232734177,-71.40845737596116,-70.69601886526554,FLAT
2026-09-30T08:01:47.252192+00:00,3,WIF|BITGET|GATE,WIF,BITGET,GATE,-13.668622588272061,-0.05646320988123826,-13.24594507094149,7.48589246377613,-23.701262515640753,-3.6279999999999646,21.999999999999996,20.100734276182123,-60.556051720881385,-59.71867934712365,FLAT
2026-09-30T08:01:47.510632+00:00,3,DOT|BITGET|GATE,DOT,BITGET,GATE,3.6405170026765354,0.3087655162891273,1.4021751857329345,7.249325779137923,-8.298755186723072,15.589705531098286,21.999999999999996,23.879763133079702,-63.580693505535706,-68.06729347844505,FLAT
2026-09-30T08:01:57.770064+00:00,4,OP|GATE|OKX,OP,GATE,OKX,-0.34009169831650254,-0.2999065580370169,1.6669728217152187,6.692299538791658,-13.502066057431428,12.849614340235682,20.0,26.35254744198047,-69.52158632112712,-65.53518896050093,FLAT
2026-09-30T08:01:58.016219+00:00,4,OP|BITGET|GATE,OP,BITGET,GATE,-4.132062510344703,-0.08722586618621338,-3.2687835725239545,9.897052050796319,-18.47134919252258,10.218203717526908,21.999999999999996,28.701408309483952,-73.90397392948258,-72.18839559953481,FLAT
2026-09-30T08:01:58.276242+00:00,4,OP|GATE|MEXC,OP,GATE,MEXC,-2.4544224765910005,-0.2804285749217309,-0.6514370803419661,6.42939257082577,-14.19132540551038,9.30720957128317,26.0,23.50427789544406,-71.04416622061248,-67.46292454706919,FLAT
2026-09-30T08:01:58.521551+00:00,4,WIF|BITGET|GATE,WIF,BITGET,GATE,-16.042408389868037,-0.37356445239608993,-13.24594507094149,7.48589246377613,-29.149729582091943,-2.920607815948273,21.999999999999996,26.27125919992506,-72.1750437110755,-66.59659645491827,FLAT
2026-09-30T08:01:58.764908+00:00,4,DOT|BITGET|GATE,DOT,BITGET,GATE,0.0,-0.1934214613127345,1.4021751857329345,7.249325779137923,-8.298755186723072,8.305647840531893,21.999999999999996,16.604400166045863,-56.30533053850187,-53.507872820844824,FLAT
2026-09-30T08:02:09.069442+00:00,5,OP|GATE|OKX,OP,GATE,OKX,-0.3324386423197989,-0.298762996552307,1.6669728217152187,6.692299538791658,-12.775342898121433,12.135870289260442,20.0,24.9120154511277,-67.35433117096436,-63.38091291867293,FLAT
2026-09-30T08:02:09.319342+00:00,5,OP|BITGET|GATE,OP,BITGET,GATE,-5.569143927676157,-0.2324288427852731,-3.2687835725239545,9.897052050796319,-19.566276074737267,8.438713991145708,21.999999999999996,28.02059102840203,-74.31808353061534,-69.72808859207169,FLAT
2026-09-30T08:02:09.558485+00:00,5,OP|GATE|MEXC,OP,GATE,MEXC,0.017998711341338236,0.10412115675141054,-0.6514370803419661,6.42939257082577,-10.704231772140638,10.759495532011165,26.0,21.463671378401376,-65.51646607020004,-66.87460399075451,FLAT
2026-09-30T08:02:09.808008+00:00,5,WIF|BITGET|GATE,WIF,BITGET,GATE,-18.053038686698386,-0.6421537096636358,-13.24594507094149,7.48589246377613,-30.855046600843927,-5.236910943513529,21.999999999999996,25.664460023937544,-73.27356155383998,-63.673494151365496,FLAT
2026-09-30T08:02:10.046928+00:00,5,DOT|BITGET|GATE,DOT,BITGET,GATE,-8.302200083021294,-1.3386590097359723,1.4021751857329345,7.249325779137923,-16.597510373443924,0.0,21.999999999999996,16.6112985458388,-64.61098410501566,-45.209123360105856,FLAT
2026-09-30T08:07:23.106684+00:00,0,OP|GATE|OKX,OP,GATE,OKX,0.27116353960465744,-0.21934487125269753,1.7307174352953727,6.654151005925403,-10.416723757955548,10.97719940334585,20.0,21.393327656741043,-61.54076884999196,-58.63980962479152,FLAT
2026-09-30T08:07:23.439759+00:00,0,OP|BITGET|GATE,OP,BITGET,GATE,-6.262509165956276,-0.28273338267124287,-3.4289562340080058,10.021996359881822,-18.773221383444614,6.257819279213983,21.999999999999996,25.046722501296443,-70.39098765073305,-64.73349801451843,FLAT
2026-09-30T08:07:23.774787+00:00,0,OP|GATE|MEXC,OP,GATE,MEXC,-1.9076846023491356,-0.20457124409917724,-0.5984758325507716,6.399769310508043,-11.57727964100852,7.778714614015136,26.0,19.359672881226377,-64.33847668968411,-61.73686332779228,FLAT
2026-09-30T08:07:24.110634+00:00,0,WIF|BITGET|GATE,WIF,BITGET,GATE,-14.81917523527998,-0.1922481950525032,-13.359818956638348,7.591001196360154,-28.415299493324,-1.2072208063163004,21.999999999999996,27.248449431418717,-72.30392996810437,-69.40104758174076,FLAT
2026-09-30T08:07:24.600284+00:00,0,DOT|BITGET|GATE,DOT,BITGET,GATE,-8.329862557266976,-1.310732032985813,1.2865308153008685,7.336658546951016,-16.652789342215257,0.0,21.999999999999996,16.6666695601857,-64.60598971770182,-45.380138744884825,FLAT
2026-09-30T08:07:35.009928+00:00,1,OP|GATE|OKX,OP,GATE,OKX,2.5099413769869017,0.11710343528387678,1.7307174352953727,6.654151005925403,-8.601777531783705,13.640901479763379,20.0,22.23708098984275,-60.56957595692183,-62.147265034310756,FLAT
2026-09-30T08:07:35.356085+00:00,1,OP|BITGET|GATE,OP,BITGET,GATE,-7.395587527198044,-0.3957925298265437,-3.4289562340080058,10.021996359881822,-21.360541522348342,6.582970720965253,21.999999999999996,27.96418677920123,-75.89577206754157,-67.97611373417449,FLAT
2026-09-30T08:07:35.689051+00:00,1,OP|GATE|MEXC,OP,GATE,MEXC,-1.5691844882270711,-0.1516786947433329,-0.5984758325507716,6.399769310508043,-11.357610573601296,8.236908615184557,26.0,19.597578481276887,-64.35671322232741,-62.43296292901221,FLAT
2026-09-30T08:07:36.024258+00:00,1,WIF|BITGET|GATE,WIF,BITGET,GATE,-15.581313482461168,-0.292648422567502,-13.359818956638348,7.591001196360154,-28.426186024029796,-2.7267066686298413,21.999999999999996,25.73958131685872,-70.80594838425017,-66.37269360486722,FLAT
2026-09-30T08:07:36.375827+00:00,1,DOT|BITGET|GATE,DOT,BITGET,GATE,-2.4149827152053494,-0.5045230750236428,1.2865308153008685,7.336658546951016,-13.161286278149387,8.340283569641116,21.999999999999996,21.506759957121723,-65.95457705057197,-58.56051271146196,FLAT
2026-09-30T08:07:46.752165+00:00,2,OP|GATE|OKX,OP,GATE,OKX,-0.005841889749724771,-0.2609738377591254,1.7307174352953727,6.654151005925403,-10.515972720109845,10.522713674472328,20.0,21.038682549596512,-61.285372705001734,-57.83067878877347,FLAT
2026-09-30T08:07:47.081021+00:00,2,OP|BITGET|GATE,OP,BITGET,GATE,-5.232522638004555,-0.1799607921647476,-3.4289562340080058,10.021996359881822,-21.100172212483727,10.657312862938362,21.999999999999996,31.774095443602306,-79.44531142207802,-75.86036454054867,FLAT
2026-09-30T08:07:47.410681+00:00,2,OP|GATE|MEXC,OP,GATE,MEXC,-1.9886323016049534,-0.2172197780272528,-0.5984758325507716,6.399769310508043,-12.01973536164025,8.060344039735323,26.0,20.084057472909123,-65.5053170019986,-62.74287734519522,FLAT
2026-09-30T08:07:47.751047+00:00,2,WIF|BITGET|GATE,WIF,BITGET,GATE,-16.589127263596517,-0.42541269898713824,-13.359818956638348,7.591001196360154,-31.797892731372237,-1.361814520862703,21.999999999999996,30.48664158579838,-78.92471536053228,-72.48464602157402,FLAT
2026-09-30T08:07:48.085016+00:00,2,DOT|BITGET|GATE,DOT,BITGET,GATE,0.0,-0.17535650692583038,1.2865308153008685,7.336658546951016,-8.333333333332416,8.340283569641116,21.999999999999996,16.67361400583393,-56.29347815446721,-53.72736676017417,FLAT
2026-09-30T08:07:58.503669+00:00,3,OP|GATE|OKX,OP,GATE,OKX,1.59633606356957,-0.0201951190476649,1.7307174352953727,6.654151005925403,-9.39279237635926,12.604728364842277,20.0,21.993992890881014,-61.11750270253565,-60.86800382042792,FLAT
2026-09-30T08:07:58.844169+00:00,3,OP|BITGET|GATE,OP,BITGET,GATE,-4.977918889069732,-0.15455629791108721,-3.4289562340080058,10.021996359881822,-17.323871268327686,7.377530376633246,21.999999999999996,24.713700273258183,-68.60861530757786,-65.52018688389944,FLAT
2026-09-30T08:07:59.172822+00:00,3,OP|GATE|MEXC,OP,GATE,MEXC,-2.6492687955148586,-0.3204479510842377,-0.5984758325507716,6.399769310508043,-12.665586389860595,7.384115455935092,26.0,20.05500042704206,-66.12211098435188,-62.037591715527924,FLAT
2026-09-30T08:07:59.536894+00:00,3,WIF|BITGET|GATE,WIF,BITGET,GATE,-13.471462862401085,-0.014707401945380989,-13.359818956638348,7.591001196360154,-26.308770105474277,-0.6208885081782078,21.999999999999996,25.722526751569305,-68.67147790040524,-68.46145720002944,FLAT
2026-09-30T08:07:59.915711+00:00,3,DOT|BITGET|GATE,DOT,BITGET,GATE,-8.329862557266976,-1.310732032985813,1.2865308153008685,7.336658546951016,-16.652789342215257,0.0,21.999999999999996,16.6666695601857,-64.60598971770182,-45.380138744884825,FLAT
2026-09-30T08:08:10.310332+00:00,4,OP|GATE|OKX,OP,GATE,OKX,1.849117296066627,0.017793383508402684,1.7307174352953727,6.654151005925403,-9.524891674487224,13.243297989309344,20.0,22.763962468769304,-62.019571578551904,-62.27654302278328,FLAT
2026-09-30T08:08:10.652879+00:00,4,OP|BITGET|GATE,OP,BITGET,GATE,-5.048603694614018,-0.16160926450636934,-3.4289562340080058,10.021996359881822,-19.106164186398765,9.02366888298367,21.999999999999996,28.144034182360866,-73.82124213475163,-70.59665929935254,FLAT
2026-09-30T08:08:10.982122+00:00,4,OP|GATE|MEXC,OP,GATE,MEXC,-0.5884587404270114,0.0015652270633119158,-0.5984758325507716,6.399769310508043,-10.553791372549526,9.394512085849627,26.0,19.94946180631002,-63.90477734630878,-63.942449724710414,FLAT
2026-09-30T08:08:11.336754+00:00,4,WIF|BITGET|GATE,WIF,BITGET,GATE,-17.39969661174956,-0.5321929941268241,-13.359818956638348,7.591001196360154,-30.50423923217749,-4.279616826701194,21.999999999999996,26.270322764854,-73.41474304039315,-65.35052489479115,FLAT
2026-09-30T08:08:11.689769+00:00,4,DOT|BITGET|GATE,DOT,BITGET,GATE,-3.3542899756100475,-0.6325523753370746,1.2865308153008685,7.336658546951016,-15.039118042906585,8.340283569641116,21.999999999999996,23.38724230948255,-69.71289116769,-60.44099506382279,FLAT
2026-09-30T08:08:22.092805+00:00,5,OP|GATE|OKX,OP,GATE,OKX,2.285830722723592,0.08342360835122327,1.7307174352953727,6.654151005925403,-8.129300717217847,12.717890695215228,20.0,20.842413443067326,-58.70243159558055,-59.829586702987186,FLAT
2026-09-30T08:08:22.429071+00:00,5,OP|BITGET|GATE,OP,BITGET,GATE,-3.7648165258397093,-0.033512314290609455,-3.4289562340080058,10.021996359881822,-16.739018055608177,9.222015327778887,21.999999999999996,25.970804770096972,-69.28086659169713,-68.62177633188386,FLAT
2026-09-30T08:08:23.131639+00:00,5,OP|GATE|MEXC,OP,GATE,MEXC,-0.6843024834957134,-0.0134108976090778,-0.5984758325507716,6.399769310508043,-10.569666039171866,9.217128531309182,26.0,19.788135630267952,-63.75932583688905,-63.603739994127906,FLAT
2026-09-30T08:08:23.467960+00:00,5,WIF|BITGET|GATE,WIF,BITGET,GATE,-16.60272364183646,-0.427203816902712,-13.359818956638348,7.591001196360154,-27.917789321689757,-5.279075543584977,21.999999999999996,22.676359457405958,-67.23432982245735,-60.75710287045932,FLAT
2026-09-30T08:08:23.821484+00:00,5,DOT|BITGET|GATE,DOT,BITGET,GATE,-8.336807002916613,-1.3116785736494128,1.2865308153008685,7.336658546951016,-16.66666666666705,0.0,21.999999999999996,16.680570040047645,-64.63376752201556,-45.39403922474677,FLAT
