utc,sample,spread,bid,ask,mid,trades,volume_contracts,baseline_mean,baseline_sd,z,entry_z,cost_rub,expected_sell_rub,expected_buy_rub,quote_stale_sec,phase,event
2026-09-30T11:05:18.010264+00:00,0,MIX-12.26-3.27,5300.0,5325.0,5312.5,353.0,760.0,5347.916666666667,91.5482189279993,-0.3868635248329781,2.5,218.2,-266.11666666666696,-195.28333333333302,0.0,FLAT,
2026-09-30T11:05:18.010602+00:00,0,Si-12.26-3.27,1224.0,1227.0,1225.5,9990.0,77852.0,1248.6333333333334,27.341645077711682,-0.8460841791919548,3.0,24.86,-49.49333333333344,-3.22666666666656,0.0,FLAT,
2026-09-30T11:05:18.010687+00:00,0,NG-11.26-12.26,0.38,0.38,0.38,167.0,566.0,0.3841,0.0020792626898334388,-1.9718528207363866,2.5,39.84565999999814,-74.46126299999807,-5.2300569999982045,0.0,FLAT,
2026-09-30T11:05:18.010757+00:00,0,Eu-12.26-3.27,1420.0,1422.0,1421.0,357.0,1858.0,1492.6833333333334,51.17795478089717,-1.4006681908298946,3.0,49.0,-121.6833333333334,21.683333333333394,0.0,FLAT,
2026-09-30T11:05:18.010824+00:00,0,WHEAT-10.26-11.26,1600.0,1610.0,1605.0,610.0,1866.0,1595.5,41.28861828639946,0.23008762206821814,2.0,43.7,-39.2,-58.2,0.0,FLAT,
2026-09-30T11:05:18.010886+00:00,0,Si-3.27-6.27,1918.0,1945.0,1931.5,168.0,914.0,1941.9,26.01390653733755,-0.3997861676435661,2.0,47.18,-71.0800000000001,-50.27999999999991,0.0,FLAT,
2026-09-30T11:05:18.010949+00:00,0,MXI-12.26-3.27,53.95,54.0,53.975,540.0,2030.0,53.91666666666668,0.8637450755608387,0.06753535850313991,3.0,17.619999999998182,-17.28666666666494,-18.453333333331397,0.0,FLAT,
2026-09-30T11:05:18.011012+00:00,0,SBRF-12.26-3.27,969.0,971.0,970.0,247.0,1310.0,970.45,12.42098358960889,-0.03622901493698979,3.0,35.9,-37.350000000000044,-36.44999999999995,0.0,FLAT,
2026-09-30T11:05:18.011099+00:00,0,TTF-9.26-10.26,3.1,3.17,3.135,1434.0,8068.0,3.394083333333333,0.2933846901065032,-0.8830840260931204,3.0,13.922170000001039,-42.17240316666768,7.603723166665613,0.0,FLAT,
2026-09-30T11:05:29.863906+00:00,1,MIX-12.26-3.27,5300.0,5325.0,5312.5,353.0,760.0,5347.916666666667,91.5482189279993,-0.3868635248329781,2.5,218.2,-266.11666666666696,-195.28333333333302,14.30155062675476,FLAT,
2026-09-30T11:05:29.864077+00:00,1,Si-12.26-3.27,1224.0,1227.0,1225.5,9990.0,77852.0,1248.6333333333334,27.341645077711682,-0.8460841791919548,3.0,24.86,-49.49333333333344,-3.22666666666656,14.30155062675476,FLAT,
2026-09-30T11:05:29.864155+00:00,1,NG-11.26-12.26,0.38,0.38,0.38,167.0,566.0,0.3841,0.0020792626898334388,-1.9718528207363866,2.5,39.84565999999814,-74.46126299999807,-5.2300569999982045,14.30155062675476,FLAT,
2026-09-30T11:05:29.864223+00:00,1,Eu-12.26-3.27,1420.0,1422.0,1421.0,357.0,1858.0,1492.6833333333334,51.17795478089717,-1.4006681908298946,3.0,49.0,-121.6833333333334,21.683333333333394,14.30155062675476,FLAT,
2026-09-30T11:05:29.864288+00:00,1,WHEAT-10.26-11.26,1600.0,1610.0,1605.0,610.0,1866.0,1595.5,41.28861828639946,0.23008762206821814,2.0,43.7,-39.2,-58.2,14.30155062675476,FLAT,
2026-09-30T11:05:29.864379+00:00,1,Si-3.27-6.27,1918.0,1945.0,1931.5,168.0,914.0,1941.9,26.01390653733755,-0.3997861676435661,2.0,47.18,-71.0800000000001,-50.27999999999991,14.30155062675476,FLAT,
2026-09-30T11:05:29.864448+00:00,1,MXI-12.26-3.27,53.95,54.0,53.975,540.0,2030.0,53.91666666666668,0.8637450755608387,0.06753535850313991,3.0,17.619999999998182,-17.28666666666494,-18.453333333331397,14.30155062675476,FLAT,
2026-09-30T11:05:29.864512+00:00,1,SBRF-12.26-3.27,969.0,971.0,970.0,247.0,1310.0,970.45,12.42098358960889,-0.03622901493698979,3.0,35.9,-37.350000000000044,-36.44999999999995,14.30155062675476,FLAT,
2026-09-30T11:05:29.864575+00:00,1,TTF-9.26-10.26,3.1,3.17,3.135,1434.0,8068.0,3.394083333333333,0.2933846901065032,-0.8830840260931204,3.0,13.922170000001039,-42.17240316666768,7.603723166665613,14.30155062675476,FLAT,
2026-09-30T11:05:41.748867+00:00,2,MIX-12.26-3.27,5300.0,5325.0,5312.5,353.0,760.0,5347.916666666667,91.5482189279993,-0.3868635248329781,2.5,218.2,-266.11666666666696,-195.28333333333302,26.154984712600708,FLAT,
2026-09-30T11:05:41.749024+00:00,2,Si-12.26-3.27,1224.0,1227.0,1225.5,9990.0,77852.0,1248.6333333333334,27.341645077711682,-0.8460841791919548,3.0,24.86,-49.49333333333344,-3.22666666666656,26.154984712600708,FLAT,
2026-09-30T11:05:41.749109+00:00,2,NG-11.26-12.26,0.38,0.38,0.38,167.0,566.0,0.3841,0.0020792626898334388,-1.9718528207363866,2.5,39.84565999999814,-74.46126299999807,-5.2300569999982045,26.154984712600708,FLAT,
2026-09-30T11:05:41.749178+00:00,2,Eu-12.26-3.27,1420.0,1422.0,1421.0,357.0,1858.0,1492.6833333333334,51.17795478089717,-1.4006681908298946,3.0,49.0,-121.6833333333334,21.683333333333394,26.154984712600708,FLAT,
2026-09-30T11:05:41.749242+00:00,2,WHEAT-10.26-11.26,1600.0,1610.0,1605.0,610.0,1866.0,1595.5,41.28861828639946,0.23008762206821814,2.0,43.7,-39.2,-58.2,26.154984712600708,FLAT,
2026-09-30T11:05:41.749304+00:00,2,Si-3.27-6.27,1918.0,1945.0,1931.5,168.0,914.0,1941.9,26.01390653733755,-0.3997861676435661,2.0,47.18,-71.0800000000001,-50.27999999999991,26.154984712600708,FLAT,
2026-09-30T11:05:41.749395+00:00,2,MXI-12.26-3.27,53.95,54.0,53.975,540.0,2030.0,53.91666666666668,0.8637450755608387,0.06753535850313991,3.0,17.619999999998182,-17.28666666666494,-18.453333333331397,26.154984712600708,FLAT,
2026-09-30T11:05:41.749458+00:00,2,SBRF-12.26-3.27,969.0,971.0,970.0,247.0,1310.0,970.45,12.42098358960889,-0.03622901493698979,3.0,35.9,-37.350000000000044,-36.44999999999995,26.154984712600708,FLAT,
2026-09-30T11:05:41.749519+00:00,2,TTF-9.26-10.26,3.1,3.17,3.135,1434.0,8068.0,3.394083333333333,0.2933846901065032,-0.8830840260931204,3.0,13.922170000001039,-42.17240316666768,7.603723166665613,26.154984712600708,FLAT,
2026-09-30T11:05:53.495964+00:00,3,MIX-12.26-3.27,5300.0,5325.0,5312.5,353.0,760.0,5347.916666666667,91.5482189279993,-0.3868635248329781,2.5,218.2,-266.11666666666696,-195.28333333333302,38.039989709854126,FLAT,
2026-09-30T11:05:53.496140+00:00,3,Si-12.26-3.27,1221.0,1226.0,1223.5,10071.0,78142.0,1248.6333333333334,27.341645077711682,-0.9192326673065326,3.0,24.86,-52.49333333333344,-2.22666666666656,0.0,FLAT,
2026-09-30T11:05:53.496214+00:00,3,NG-11.26-12.26,0.38,0.38,0.38,167.0,566.0,0.3841,0.0020792626898334388,-1.9718528207363866,2.5,39.84565999999814,-74.46126299999807,-5.2300569999982045,38.039989709854126,FLAT,
2026-09-30T11:05:53.496282+00:00,3,Eu-12.26-3.27,1420.0,1423.0,1421.5,360.0,1864.0,1492.6833333333334,51.17795478089717,-1.3908983592268032,3.0,49.0,-121.6833333333334,20.683333333333394,0.0,FLAT,
2026-09-30T11:05:53.496369+00:00,3,WHEAT-10.26-11.26,1600.0,1610.0,1605.0,610.0,1866.0,1595.5,41.28861828639946,0.23008762206821814,2.0,43.7,-39.2,-58.2,38.039989709854126,FLAT,
2026-09-30T11:05:53.496435+00:00,3,Si-3.27-6.27,1918.0,1945.0,1931.5,169.0,916.0,1941.9,26.01390653733755,-0.3997861676435661,2.0,47.18,-71.0800000000001,-50.27999999999991,0.0,FLAT,
2026-09-30T11:05:53.496497+00:00,3,MXI-12.26-3.27,53.95,54.0,53.975,542.0,2034.0,53.91666666666668,0.8637450755608387,0.06753535850313991,3.0,17.619999999998182,-17.28666666666494,-18.453333333331397,0.0,FLAT,
2026-09-30T11:05:53.496559+00:00,3,SBRF-12.26-3.27,969.0,971.0,970.0,247.0,1310.0,970.45,12.42098358960889,-0.03622901493698979,3.0,35.9,-37.350000000000044,-36.44999999999995,38.039989709854126,FLAT,
2026-09-30T11:05:53.496621+00:00,3,TTF-9.26-10.26,3.03,3.1,3.065,1440.0,8122.0,3.394083333333333,0.2933846901065032,-1.1216786166103991,3.0,13.922170000001039,-48.896743166667704,14.328063166665597,0.0,FLAT,
2026-09-30T11:06:05.410874+00:00,4,MIX-12.26-3.27,5300.0,5325.0,5312.5,353.0,760.0,5347.916666666667,91.5482189279993,-0.3868635248329781,2.5,218.2,-266.11666666666696,-195.28333333333302,49.78716039657593,FLAT,
2026-09-30T11:06:05.411045+00:00,4,Si-12.26-3.27,1221.0,1226.0,1223.5,10071.0,78142.0,1248.6333333333334,27.341645077711682,-0.9192326673065326,3.0,24.86,-52.49333333333344,-2.22666666666656,11.747170686721802,FLAT,
2026-09-30T11:06:05.411120+00:00,4,NG-11.26-12.26,0.38,0.38,0.38,167.0,566.0,0.3841,0.0020792626898334388,-1.9718528207363866,2.5,39.84565999999814,-74.46126299999807,-5.2300569999982045,49.78716039657593,FLAT,
2026-09-30T11:06:05.411188+00:00,4,Eu-12.26-3.27,1420.0,1423.0,1421.5,360.0,1864.0,1492.6833333333334,51.17795478089717,-1.3908983592268032,3.0,49.0,-121.6833333333334,20.683333333333394,11.747170686721802,FLAT,
2026-09-30T11:06:05.411264+00:00,4,WHEAT-10.26-11.26,1600.0,1610.0,1605.0,610.0,1866.0,1595.5,41.28861828639946,0.23008762206821814,2.0,43.7,-39.2,-58.2,49.78716039657593,FLAT,
2026-09-30T11:06:05.411348+00:00,4,Si-3.27-6.27,1918.0,1945.0,1931.5,169.0,916.0,1941.9,26.01390653733755,-0.3997861676435661,2.0,47.18,-71.0800000000001,-50.27999999999991,11.747170686721802,FLAT,
2026-09-30T11:06:05.411418+00:00,4,MXI-12.26-3.27,53.95,54.0,53.975,542.0,2034.0,53.91666666666668,0.8637450755608387,0.06753535850313991,3.0,17.619999999998182,-17.28666666666494,-18.453333333331397,11.747170686721802,FLAT,
2026-09-30T11:06:05.411482+00:00,4,SBRF-12.26-3.27,969.0,971.0,970.0,247.0,1310.0,970.45,12.42098358960889,-0.03622901493698979,3.0,35.9,-37.350000000000044,-36.44999999999995,49.78716039657593,FLAT,
2026-09-30T11:06:05.411543+00:00,4,TTF-9.26-10.26,3.03,3.1,3.065,1440.0,8122.0,3.394083333333333,0.2933846901065032,-1.1216786166103991,3.0,13.922170000001039,-48.896743166667704,14.328063166665597,11.747170686721802,FLAT,
2026-09-30T11:06:17.312931+00:00,5,MIX-12.26-3.27,5300.0,5325.0,5312.5,353.0,760.0,5347.916666666667,91.5482189279993,-0.3868635248329781,2.5,218.2,-266.11666666666696,-195.28333333333302,61.70206570625305,FLAT,
2026-09-30T11:06:17.313101+00:00,5,Si-12.26-3.27,1221.0,1226.0,1223.5,10071.0,78142.0,1248.6333333333334,27.341645077711682,-0.9192326673065326,3.0,24.86,-52.49333333333344,-2.22666666666656,23.662075996398926,FLAT,
2026-09-30T11:06:17.313174+00:00,5,NG-11.26-12.26,0.38,0.38,0.38,167.0,566.0,0.3841,0.0020792626898334388,-1.9718528207363866,2.5,39.84565999999814,-74.46126299999807,-5.2300569999982045,61.70206570625305,FLAT,
2026-09-30T11:06:17.313241+00:00,5,Eu-12.26-3.27,1420.0,1423.0,1421.5,360.0,1864.0,1492.6833333333334,51.17795478089717,-1.3908983592268032,3.0,49.0,-121.6833333333334,20.683333333333394,23.662075996398926,FLAT,
2026-09-30T11:06:17.313303+00:00,5,WHEAT-10.26-11.26,1600.0,1610.0,1605.0,610.0,1866.0,1595.5,41.28861828639946,0.23008762206821814,2.0,43.7,-39.2,-58.2,61.70206570625305,FLAT,
2026-09-30T11:06:17.313391+00:00,5,Si-3.27-6.27,1918.0,1945.0,1931.5,169.0,916.0,1941.9,26.01390653733755,-0.3997861676435661,2.0,47.18,-71.0800000000001,-50.27999999999991,23.662075996398926,FLAT,
2026-09-30T11:06:17.313455+00:00,5,MXI-12.26-3.27,53.95,54.0,53.975,542.0,2034.0,53.91666666666668,0.8637450755608387,0.06753535850313991,3.0,17.619999999998182,-17.28666666666494,-18.453333333331397,23.662075996398926,FLAT,
2026-09-30T11:06:17.313517+00:00,5,SBRF-12.26-3.27,969.0,971.0,970.0,247.0,1310.0,970.45,12.42098358960889,-0.03622901493698979,3.0,35.9,-37.350000000000044,-36.44999999999995,61.70206570625305,FLAT,
2026-09-30T11:06:17.313578+00:00,5,TTF-9.26-10.26,3.03,3.1,3.065,1440.0,8122.0,3.394083333333333,0.2933846901065032,-1.1216786166103991,3.0,13.922170000001039,-48.896743166667704,14.328063166665597,23.662075996398926,FLAT,
2026-09-30T11:06:29.244258+00:00,6,MIX-12.26-3.27,5300.0,5325.0,5312.5,353.0,760.0,5347.916666666667,91.5482189279993,-0.3868635248329781,2.5,218.2,-266.11666666666696,-195.28333333333302,73.60411930084229,FLAT,
2026-09-30T11:06:29.244434+00:00,6,Si-12.26-3.27,1221.0,1226.0,1223.5,10071.0,78142.0,1248.6333333333334,27.341645077711682,-0.9192326673065326,3.0,24.86,-52.49333333333344,-2.22666666666656,35.56412959098816,FLAT,
2026-09-30T11:06:29.244509+00:00,6,NG-11.26-12.26,0.38,0.38,0.38,167.0,566.0,0.3841,0.0020792626898334388,-1.9718528207363866,2.5,39.84565999999814,-74.46126299999807,-5.2300569999982045,73.60411930084229,FLAT,
2026-09-30T11:06:29.244576+00:00,6,Eu-12.26-3.27,1420.0,1423.0,1421.5,360.0,1864.0,1492.6833333333334,51.17795478089717,-1.3908983592268032,3.0,49.0,-121.6833333333334,20.683333333333394,35.56412959098816,FLAT,
2026-09-30T11:06:29.244640+00:00,6,WHEAT-10.26-11.26,1600.0,1610.0,1605.0,610.0,1866.0,1595.5,41.28861828639946,0.23008762206821814,2.0,43.7,-39.2,-58.2,73.60411930084229,FLAT,
2026-09-30T11:06:29.244701+00:00,6,Si-3.27-6.27,1918.0,1945.0,1931.5,169.0,916.0,1941.9,26.01390653733755,-0.3997861676435661,2.0,47.18,-71.0800000000001,-50.27999999999991,35.56412959098816,FLAT,
2026-09-30T11:06:29.244773+00:00,6,MXI-12.26-3.27,53.95,54.0,53.975,542.0,2034.0,53.91666666666668,0.8637450755608387,0.06753535850313991,3.0,17.619999999998182,-17.28666666666494,-18.453333333331397,35.56412959098816,FLAT,
2026-09-30T11:06:29.244836+00:00,6,SBRF-12.26-3.27,969.0,971.0,970.0,247.0,1310.0,970.45,12.42098358960889,-0.03622901493698979,3.0,35.9,-37.350000000000044,-36.44999999999995,73.60411930084229,FLAT,
2026-09-30T11:06:29.244895+00:00,6,TTF-9.26-10.26,3.03,3.1,3.065,1440.0,8122.0,3.394083333333333,0.2933846901065032,-1.1216786166103991,3.0,13.922170000001039,-48.896743166667704,14.328063166665597,35.56412959098816,FLAT,
2026-09-30T11:06:41.231990+00:00,7,MIX-12.26-3.27,5300.0,5325.0,5312.5,353.0,760.0,5347.916666666667,91.5482189279993,-0.3868635248329781,2.5,218.2,-266.11666666666696,-195.28333333333302,85.53538250923157,FLAT,
2026-09-30T11:06:41.232166+00:00,7,Si-12.26-3.27,1221.0,1226.0,1223.5,10071.0,78142.0,1248.6333333333334,27.341645077711682,-0.9192326673065326,3.0,24.86,-52.49333333333344,-2.22666666666656,47.49539279937744,FLAT,
2026-09-30T11:06:41.232241+00:00,7,NG-11.26-12.26,0.38,0.38,0.38,167.0,566.0,0.3841,0.0020792626898334388,-1.9718528207363866,2.5,39.84565999999814,-74.46126299999807,-5.2300569999982045,85.53538250923157,FLAT,
2026-09-30T11:06:41.232308+00:00,7,Eu-12.26-3.27,1420.0,1423.0,1421.5,360.0,1864.0,1492.6833333333334,51.17795478089717,-1.3908983592268032,3.0,49.0,-121.6833333333334,20.683333333333394,47.49539279937744,FLAT,
2026-09-30T11:06:41.232400+00:00,7,WHEAT-10.26-11.26,1600.0,1610.0,1605.0,610.0,1866.0,1595.5,41.28861828639946,0.23008762206821814,2.0,43.7,-39.2,-58.2,85.53538250923157,FLAT,
2026-09-30T11:06:41.232462+00:00,7,Si-3.27-6.27,1918.0,1945.0,1931.5,169.0,916.0,1941.9,26.01390653733755,-0.3997861676435661,2.0,47.18,-71.0800000000001,-50.27999999999991,47.49539279937744,FLAT,
2026-09-30T11:06:41.232524+00:00,7,MXI-12.26-3.27,53.95,54.0,53.975,542.0,2034.0,53.91666666666668,0.8637450755608387,0.06753535850313991,3.0,17.619999999998182,-17.28666666666494,-18.453333333331397,47.49539279937744,FLAT,
2026-09-30T11:06:41.232584+00:00,7,SBRF-12.26-3.27,969.0,971.0,970.0,247.0,1310.0,970.45,12.42098358960889,-0.03622901493698979,3.0,35.9,-37.350000000000044,-36.44999999999995,85.53538250923157,FLAT,
2026-09-30T11:06:41.232644+00:00,7,TTF-9.26-10.26,3.03,3.1,3.065,1440.0,8122.0,3.394083333333333,0.2933846901065032,-1.1216786166103991,3.0,13.922170000001039,-48.896743166667704,14.328063166665597,47.49539279937744,FLAT,
2026-09-30T11:06:52.800016+00:00,8,MIX-12.26-3.27,5300.0,5325.0,5312.5,353.0,760.0,5347.916666666667,91.5482189279993,-0.3868635248329781,2.5,218.2,-266.11666666666696,-195.28333333333302,97.52317643165588,FLAT,
2026-09-30T11:06:52.800162+00:00,8,Si-12.26-3.27,1221.0,1226.0,1223.5,10071.0,78142.0,1248.6333333333334,27.341645077711682,-0.9192326673065326,3.0,24.86,-52.49333333333344,-2.22666666666656,59.48318672180176,FLAT,
2026-09-30T11:06:52.800236+00:00,8,NG-11.26-12.26,0.38,0.38,0.38,167.0,566.0,0.3841,0.0020792626898334388,-1.9718528207363866,2.5,39.84565999999814,-74.46126299999807,-5.2300569999982045,97.52317643165588,FLAT,
2026-09-30T11:06:52.800302+00:00,8,Eu-12.26-3.27,1420.0,1423.0,1421.5,360.0,1864.0,1492.6833333333334,51.17795478089717,-1.3908983592268032,3.0,49.0,-121.6833333333334,20.683333333333394,59.48318672180176,FLAT,
2026-09-30T11:06:52.800392+00:00,8,WHEAT-10.26-11.26,1600.0,1610.0,1605.0,610.0,1866.0,1595.5,41.28861828639946,0.23008762206821814,2.0,43.7,-39.2,-58.2,97.52317643165588,FLAT,
2026-09-30T11:06:52.800457+00:00,8,Si-3.27-6.27,1918.0,1945.0,1931.5,169.0,916.0,1941.9,26.01390653733755,-0.3997861676435661,2.0,47.18,-71.0800000000001,-50.27999999999991,59.48318672180176,FLAT,
2026-09-30T11:06:52.800519+00:00,8,MXI-12.26-3.27,53.95,54.0,53.975,542.0,2034.0,53.91666666666668,0.8637450755608387,0.06753535850313991,3.0,17.619999999998182,-17.28666666666494,-18.453333333331397,59.48318672180176,FLAT,
2026-09-30T11:06:52.800590+00:00,8,SBRF-12.26-3.27,969.0,971.0,970.0,247.0,1310.0,970.45,12.42098358960889,-0.03622901493698979,3.0,35.9,-37.350000000000044,-36.44999999999995,97.52317643165588,FLAT,
2026-09-30T11:06:52.800653+00:00,8,TTF-9.26-10.26,3.03,3.1,3.065,1440.0,8122.0,3.394083333333333,0.2933846901065032,-1.1216786166103991,3.0,13.922170000001039,-48.896743166667704,14.328063166665597,59.48318672180176,FLAT,
2026-09-30T11:07:04.712090+00:00,9,MIX-12.26-3.27,5300.0,5325.0,5312.5,353.0,760.0,5347.916666666667,91.5482189279993,-0.3868635248329781,2.5,218.2,-266.11666666666696,-195.28333333333302,109.0911660194397,FLAT,
2026-09-30T11:07:04.712261+00:00,9,Si-12.26-3.27,1221.0,1226.0,1223.5,10071.0,78142.0,1248.6333333333334,27.341645077711682,-0.9192326673065326,3.0,24.86,-52.49333333333344,-2.22666666666656,71.05117630958557,FLAT,
2026-09-30T11:07:04.712355+00:00,9,NG-11.26-12.26,0.38,0.38,0.38,167.0,566.0,0.3841,0.0020792626898334388,-1.9718528207363866,2.5,39.84565999999814,-74.46126299999807,-5.2300569999982045,109.0911660194397,FLAT,
2026-09-30T11:07:04.712428+00:00,9,Eu-12.26-3.27,1420.0,1423.0,1421.5,360.0,1864.0,1492.6833333333334,51.17795478089717,-1.3908983592268032,3.0,49.0,-121.6833333333334,20.683333333333394,71.05117630958557,FLAT,
2026-09-30T11:07:04.712494+00:00,9,WHEAT-10.26-11.26,1600.0,1610.0,1605.0,610.0,1866.0,1595.5,41.28861828639946,0.23008762206821814,2.0,43.7,-39.2,-58.2,109.0911660194397,FLAT,
2026-09-30T11:07:04.712556+00:00,9,Si-3.27-6.27,1918.0,1945.0,1931.5,169.0,916.0,1941.9,26.01390653733755,-0.3997861676435661,2.0,47.18,-71.0800000000001,-50.27999999999991,71.05117630958557,FLAT,
2026-09-30T11:07:04.712619+00:00,9,MXI-12.26-3.27,53.95,54.0,53.975,542.0,2034.0,53.91666666666668,0.8637450755608387,0.06753535850313991,3.0,17.619999999998182,-17.28666666666494,-18.453333333331397,71.05117630958557,FLAT,
2026-09-30T11:07:04.712682+00:00,9,SBRF-12.26-3.27,969.0,971.0,970.0,247.0,1310.0,970.45,12.42098358960889,-0.03622901493698979,3.0,35.9,-37.350000000000044,-36.44999999999995,109.0911660194397,FLAT,
2026-09-30T11:07:04.712743+00:00,9,TTF-9.26-10.26,3.03,3.1,3.065,1440.0,8122.0,3.394083333333333,0.2933846901065032,-1.1216786166103991,3.0,13.922170000001039,-48.896743166667704,14.328063166665597,71.05117630958557,FLAT,
2026-09-30T11:07:16.595078+00:00,10,MIX-12.26-3.27,5300.0,5325.0,5312.5,353.0,760.0,5347.916666666667,91.5482189279993,-0.3868635248329781,2.5,218.2,-266.11666666666696,-195.28333333333302,121.00327229499817,FLAT,
2026-09-30T11:07:16.595211+00:00,10,Si-12.26-3.27,1221.0,1226.0,1223.5,10071.0,78142.0,1248.6333333333334,27.341645077711682,-0.9192326673065326,3.0,24.86,-52.49333333333344,-2.22666666666656,82.96328258514404,FLAT,
2026-09-30T11:07:16.595285+00:00,10,NG-11.26-12.26,0.38,0.38,0.38,167.0,566.0,0.3841,0.0020792626898334388,-1.9718528207363866,2.5,39.84565999999814,-74.46126299999807,-5.2300569999982045,121.00327229499817,FLAT,
2026-09-30T11:07:16.595376+00:00,10,Eu-12.26-3.27,1420.0,1423.0,1421.5,360.0,1864.0,1492.6833333333334,51.17795478089717,-1.3908983592268032,3.0,49.0,-121.6833333333334,20.683333333333394,82.96328258514404,FLAT,
2026-09-30T11:07:16.595445+00:00,10,WHEAT-10.26-11.26,1600.0,1610.0,1605.0,610.0,1866.0,1595.5,41.28861828639946,0.23008762206821814,2.0,43.7,-39.2,-58.2,121.00327229499817,FLAT,
2026-09-30T11:07:16.595507+00:00,10,Si-3.27-6.27,1918.0,1945.0,1931.5,169.0,916.0,1941.9,26.01390653733755,-0.3997861676435661,2.0,47.18,-71.0800000000001,-50.27999999999991,82.96328258514404,FLAT,
2026-09-30T11:07:16.595569+00:00,10,MXI-12.26-3.27,53.95,54.0,53.975,542.0,2034.0,53.91666666666668,0.8637450755608387,0.06753535850313991,3.0,17.619999999998182,-17.28666666666494,-18.453333333331397,82.96328258514404,FLAT,
2026-09-30T11:07:16.595631+00:00,10,SBRF-12.26-3.27,969.0,971.0,970.0,247.0,1310.0,970.45,12.42098358960889,-0.03622901493698979,3.0,35.9,-37.350000000000044,-36.44999999999995,121.00327229499817,FLAT,
2026-09-30T11:07:16.595691+00:00,10,TTF-9.26-10.26,3.03,3.1,3.065,1440.0,8122.0,3.394083333333333,0.2933846901065032,-1.1216786166103991,3.0,13.922170000001039,-48.896743166667704,14.328063166665597,82.96328258514404,FLAT,
2026-09-30T11:07:28.474868+00:00,11,MIX-12.26-3.27,5300.0,5325.0,5312.5,353.0,760.0,5347.916666666667,91.5482189279993,-0.3868635248329781,2.5,218.2,-266.11666666666696,-195.28333333333302,132.88618969917297,FLAT,
2026-09-30T11:07:28.475020+00:00,11,Si-12.26-3.27,1221.0,1226.0,1223.5,10071.0,78142.0,1248.6333333333334,27.341645077711682,-0.9192326673065326,3.0,24.86,-52.49333333333344,-2.22666666666656,94.84619998931885,FLAT,
2026-09-30T11:07:28.475094+00:00,11,NG-11.26-12.26,0.38,0.38,0.38,167.0,566.0,0.3841,0.0020792626898334388,-1.9718528207363866,2.5,39.84565999999814,-74.46126299999807,-5.2300569999982045,132.88618969917297,FLAT,
2026-09-30T11:07:28.475160+00:00,11,Eu-12.26-3.27,1420.0,1423.0,1421.5,360.0,1864.0,1492.6833333333334,51.17795478089717,-1.3908983592268032,3.0,49.0,-121.6833333333334,20.683333333333394,94.84619998931885,FLAT,
2026-09-30T11:07:28.475223+00:00,11,WHEAT-10.26-11.26,1600.0,1610.0,1605.0,610.0,1866.0,1595.5,41.28861828639946,0.23008762206821814,2.0,43.7,-39.2,-58.2,132.88618969917297,FLAT,
2026-09-30T11:07:28.475283+00:00,11,Si-3.27-6.27,1918.0,1945.0,1931.5,169.0,916.0,1941.9,26.01390653733755,-0.3997861676435661,2.0,47.18,-71.0800000000001,-50.27999999999991,94.84619998931885,FLAT,
2026-09-30T11:07:28.475375+00:00,11,MXI-12.26-3.27,53.95,54.0,53.975,542.0,2034.0,53.91666666666668,0.8637450755608387,0.06753535850313991,3.0,17.619999999998182,-17.28666666666494,-18.453333333331397,94.84619998931885,FLAT,
2026-09-30T11:07:28.475442+00:00,11,SBRF-12.26-3.27,969.0,971.0,970.0,247.0,1310.0,970.45,12.42098358960889,-0.03622901493698979,3.0,35.9,-37.350000000000044,-36.44999999999995,132.88618969917297,FLAT,
2026-09-30T11:07:28.475511+00:00,11,TTF-9.26-10.26,3.03,3.1,3.065,1440.0,8122.0,3.394083333333333,0.2933846901065032,-1.1216786166103991,3.0,13.922170000001039,-48.896743166667704,14.328063166665597,94.84619998931885,FLAT,
2026-09-30T11:46:25.526827+00:00,0,MIX-12.26-3.27,5275.0,5300.0,5287.5,399.0,884.0,5323.75,79.76854538809977,-0.45443977727852536,3.0,143.2,-191.95,-119.44999999999999,0.0,FLAT,
2026-09-30T11:46:25.527042+00:00,0,SILV-12.26-3.27,1.56,1.57,1.565,160.0,492.0,1.5549999999999997,0.01995828983989715,0.5010449332191762,2.5,60.32848999999496,-56.10707499999467,-72.99273499999525,0.0,FLAT,
2026-09-30T11:46:25.527126+00:00,0,Si-3.27-6.27,1948.0,1950.0,1949.0,267.0,1302.0,1941.7333333333333,28.241144137981063,0.25730779996600167,2.0,42.18,-35.91333333333335,-50.44666666666665,0.0,FLAT,
2026-09-30T11:46:25.527196+00:00,0,WHEAT-10.26-11.26,1610.0,1630.0,1620.0,620.0,1890.0,1612.3333333333333,16.569718028848758,0.4626914382802815,2.0,43.7,-46.03333333333326,-61.366666666666745,0.0,FLAT,
2026-09-30T11:46:25.527262+00:00,0,MXI-12.26-3.27,53.95,54.05,54.0,626.0,2230.0,53.92333333333336,0.7999201349023958,0.09584290146164935,3.0,17.62000000000273,-17.353333333336305,-18.886666666669097,0.0,FLAT,
2026-09-30T11:46:25.527355+00:00,0,Eu-12.26-3.27,1426.0,1445.0,1435.5,382.0,1914.0,1465.4,38.777226993859855,-0.7710711239030728,2.5,50.0,-89.40000000000009,-29.59999999999991,0.0,FLAT,
2026-09-30T11:46:25.527427+00:00,0,GAZR-12.26-3.27,340.0,341.0,340.5,301.0,2186.0,340.48333333333335,6.352143120413946,0.002623786389996421,3.0,20.14,-20.62333333333335,-20.656666666666652,0.0,FLAT,
2026-09-30T11:46:25.527501+00:00,0,OZON-12.26-3.27,56.0,57.0,56.5,319.0,2370.0,46.11666666666667,4.923046707973517,2.1091275279830612,2.5,12.36,-2.4766666666666666,-23.243333333333332,0.0,FLAT,
2026-09-30T11:46:37.397929+00:00,1,MIX-12.26-3.27,5275.0,5300.0,5287.5,399.0,884.0,5323.75,79.76854538809977,-0.45443977727852536,3.0,143.2,-191.95,-119.44999999999999,14.690563678741455,FLAT,
2026-09-30T11:46:37.398082+00:00,1,SILV-12.26-3.27,1.56,1.57,1.565,160.0,492.0,1.5549999999999997,0.01995828983989715,0.5010449332191762,2.5,60.32848999999496,-56.10707499999467,-72.99273499999525,14.690563678741455,FLAT,
2026-09-30T11:46:37.398160+00:00,1,Si-3.27-6.27,1948.0,1950.0,1949.0,267.0,1302.0,1941.7333333333333,28.241144137981063,0.25730779996600167,2.0,42.18,-35.91333333333335,-50.44666666666665,14.690563678741455,FLAT,
2026-09-30T11:46:37.398236+00:00,1,WHEAT-10.26-11.26,1610.0,1630.0,1620.0,620.0,1890.0,1612.3333333333333,16.569718028848758,0.4626914382802815,2.0,43.7,-46.03333333333326,-61.366666666666745,14.690563678741455,FLAT,
2026-09-30T11:46:37.398303+00:00,1,MXI-12.26-3.27,53.95,54.05,54.0,626.0,2230.0,53.92333333333336,0.7999201349023958,0.09584290146164935,3.0,17.62000000000273,-17.353333333336305,-18.886666666669097,14.690563678741455,FLAT,
2026-09-30T11:46:37.398391+00:00,1,Eu-12.26-3.27,1426.0,1445.0,1435.5,382.0,1914.0,1465.4,38.777226993859855,-0.7710711239030728,2.5,50.0,-89.40000000000009,-29.59999999999991,14.690563678741455,FLAT,
2026-09-30T11:46:37.398454+00:00,1,GAZR-12.26-3.27,340.0,341.0,340.5,301.0,2186.0,340.48333333333335,6.352143120413946,0.002623786389996421,3.0,20.14,-20.62333333333335,-20.656666666666652,14.690563678741455,FLAT,
2026-09-30T11:46:37.398513+00:00,1,OZON-12.26-3.27,56.0,57.0,56.5,319.0,2370.0,46.11666666666667,4.923046707973517,2.1091275279830612,2.5,12.36,-2.4766666666666666,-23.243333333333332,14.690563678741455,FLAT,
2026-09-30T11:46:49.259050+00:00,2,MIX-12.26-3.27,5300.0,5325.0,5312.5,411.0,914.0,5323.75,79.76854538809977,-0.14103303432781822,3.0,143.2,-166.95,-144.45,0.0,FLAT,
2026-09-30T11:46:49.259196+00:00,2,SILV-12.26-3.27,1.56,1.57,1.565,160.0,492.0,1.5549999999999997,0.01995828983989715,0.5010449332191762,2.5,60.32848999999496,-56.10707499999467,-72.99273499999525,26.56150484085083,FLAT,
2026-09-30T11:46:49.259271+00:00,2,Si-3.27-6.27,1946.0,1949.0,1947.5,298.0,1564.0,1941.7333333333333,28.241144137981063,0.20419380456017552,2.0,42.18,-37.91333333333335,-49.44666666666665,0.0,FLAT,
2026-09-30T11:46:49.259358+00:00,2,WHEAT-10.26-11.26,1610.0,1630.0,1620.0,620.0,1890.0,1612.3333333333333,16.569718028848758,0.4626914382802815,2.0,43.7,-46.03333333333326,-61.366666666666745,26.56150484085083,FLAT,
2026-09-30T11:46:49.259426+00:00,2,MXI-12.26-3.27,53.95,54.05,54.0,626.0,2230.0,53.92333333333336,0.7999201349023958,0.09584290146164935,3.0,17.62000000000273,-17.353333333336305,-18.886666666669097,26.56150484085083,FLAT,
2026-09-30T11:46:49.259489+00:00,2,Eu-12.26-3.27,1426.0,1434.0,1430.0,382.0,1914.0,1465.4,38.777226993859855,-0.9129069493701928,2.5,50.0,-89.40000000000009,-18.59999999999991,0.0,FLAT,
2026-09-30T11:46:49.259548+00:00,2,GAZR-12.26-3.27,340.0,341.0,340.5,301.0,2186.0,340.48333333333335,6.352143120413946,0.002623786389996421,3.0,20.14,-20.62333333333335,-20.656666666666652,26.56150484085083,FLAT,
2026-09-30T11:46:49.259608+00:00,2,OZON-12.26-3.27,56.0,57.0,56.5,319.0,2370.0,46.11666666666667,4.923046707973517,2.1091275279830612,2.5,12.36,-2.4766666666666666,-23.243333333333332,26.56150484085083,FLAT,
2026-09-30T11:47:01.136479+00:00,3,MIX-12.26-3.27,5300.0,5325.0,5312.5,411.0,914.0,5323.75,79.76854538809977,-0.14103303432781822,3.0,143.2,-166.95,-144.45,11.861100196838379,FLAT,
2026-09-30T11:47:01.136643+00:00,3,SILV-12.26-3.27,1.56,1.57,1.565,160.0,492.0,1.5549999999999997,0.01995828983989715,0.5010449332191762,2.5,60.32848999999496,-56.10707499999467,-72.99273499999525,38.42260503768921,FLAT,
2026-09-30T11:47:01.136719+00:00,3,Si-3.27-6.27,1946.0,1949.0,1947.5,298.0,1564.0,1941.7333333333333,28.241144137981063,0.20419380456017552,2.0,42.18,-37.91333333333335,-49.44666666666665,11.861100196838379,FLAT,
2026-09-30T11:47:01.136786+00:00,3,WHEAT-10.26-11.26,1610.0,1630.0,1620.0,620.0,1890.0,1612.3333333333333,16.569718028848758,0.4626914382802815,2.0,43.7,-46.03333333333326,-61.366666666666745,38.42260503768921,FLAT,
2026-09-30T11:47:01.136851+00:00,3,MXI-12.26-3.27,53.95,54.05,54.0,626.0,2230.0,53.92333333333336,0.7999201349023958,0.09584290146164935,3.0,17.62000000000273,-17.353333333336305,-18.886666666669097,38.42260503768921,FLAT,
2026-09-30T11:47:01.136914+00:00,3,Eu-12.26-3.27,1426.0,1434.0,1430.0,382.0,1914.0,1465.4,38.777226993859855,-0.9129069493701928,2.5,50.0,-89.40000000000009,-18.59999999999991,11.861100196838379,FLAT,
2026-09-30T11:47:01.136985+00:00,3,GAZR-12.26-3.27,340.0,341.0,340.5,301.0,2186.0,340.48333333333335,6.352143120413946,0.002623786389996421,3.0,20.14,-20.62333333333335,-20.656666666666652,38.42260503768921,FLAT,
2026-09-30T11:47:01.137046+00:00,3,OZON-12.26-3.27,56.0,57.0,56.5,319.0,2370.0,46.11666666666667,4.923046707973517,2.1091275279830612,2.5,12.36,-2.4766666666666666,-23.243333333333332,38.42260503768921,FLAT,
2026-09-30T11:47:12.991133+00:00,4,MIX-12.26-3.27,5300.0,5325.0,5312.5,412.0,916.0,5323.75,79.76854538809977,-0.14103303432781822,3.0,143.2,-166.95,-144.45,0.0,FLAT,
2026-09-30T11:47:12.991274+00:00,4,SILV-12.26-3.27,1.56,1.57,1.565,160.0,492.0,1.5549999999999997,0.01995828983989715,0.5010449332191762,2.5,60.32848999999496,-56.10707499999467,-72.99273499999525,50.30005884170532,FLAT,
2026-09-30T11:47:12.991370+00:00,4,Si-3.27-6.27,1935.0,1945.0,1940.0,300.0,1568.0,1941.7333333333333,28.241144137981063,-0.06137617246895519,2.0,42.18,-48.91333333333335,-45.44666666666665,0.0,FLAT,
2026-09-30T11:47:12.991441+00:00,4,WHEAT-10.26-11.26,1620.0,1630.0,1625.0,620.0,1890.0,1612.3333333333333,16.569718028848758,0.7644467241152447,2.0,43.7,-36.03333333333326,-61.366666666666745,0.0,FLAT,
2026-09-30T11:47:12.991504+00:00,4,MXI-12.26-3.27,53.95,54.1,54.025000000000006,627.0,2232.0,53.92333333333336,0.7999201349023958,0.12709602150350968,3.0,17.62000000000273,-17.353333333336305,-19.38666666666914,0.0,FLAT,
2026-09-30T11:47:12.991565+00:00,4,Eu-12.26-3.27,1426.0,1434.0,1430.0,382.0,1914.0,1465.4,38.777226993859855,-0.9129069493701928,2.5,50.0,-89.40000000000009,-18.59999999999991,23.738554000854492,FLAT,
2026-09-30T11:47:12.991626+00:00,4,GAZR-12.26-3.27,340.0,341.0,340.5,303.0,2214.0,340.48333333333335,6.352143120413946,0.002623786389996421,3.0,20.14,-20.62333333333335,-20.656666666666652,0.0,FLAT,
2026-09-30T11:47:12.991684+00:00,4,OZON-12.26-3.27,56.0,57.0,56.5,319.0,2370.0,46.11666666666667,4.923046707973517,2.1091275279830612,2.5,12.36,-2.4766666666666666,-23.243333333333332,50.30005884170532,FLAT,
2026-09-30T11:47:24.953088+00:00,5,MIX-12.26-3.27,5300.0,5325.0,5312.5,411.0,914.0,5323.75,79.76854538809977,-0.14103303432781822,3.0,143.2,-166.95,-144.45,0.0,FLAT,
2026-09-30T11:47:24.953244+00:00,5,SILV-12.26-3.27,1.56,1.57,1.565,160.0,492.0,1.5549999999999997,0.01995828983989715,0.5010449332191762,2.5,60.32848999999496,-56.10707499999467,-72.99273499999525,62.15467381477356,FLAT,
2026-09-30T11:47:24.953337+00:00,5,Si-3.27-6.27,1946.0,1949.0,1947.5,298.0,1564.0,1941.7333333333333,28.241144137981063,0.20419380456017552,2.0,42.18,-37.91333333333335,-49.44666666666665,0.0,FLAT,
2026-09-30T11:47:24.953410+00:00,5,WHEAT-10.26-11.26,1610.0,1630.0,1620.0,620.0,1890.0,1612.3333333333333,16.569718028848758,0.4626914382802815,2.0,43.7,-46.03333333333326,-61.366666666666745,0.0,FLAT,
2026-09-30T11:47:24.953479+00:00,5,MXI-12.26-3.27,53.95,54.05,54.0,626.0,2230.0,53.92333333333336,0.7999201349023958,0.09584290146164935,3.0,17.62000000000273,-17.353333333336305,-18.886666666669097,0.0,FLAT,
2026-09-30T11:47:24.953542+00:00,5,Eu-12.26-3.27,1426.0,1434.0,1430.0,382.0,1914.0,1465.4,38.777226993859855,-0.9129069493701928,2.5,50.0,-89.40000000000009,-18.59999999999991,35.59316897392273,FLAT,
2026-09-30T11:47:24.953602+00:00,5,GAZR-12.26-3.27,340.0,341.0,340.5,301.0,2186.0,340.48333333333335,6.352143120413946,0.002623786389996421,3.0,20.14,-20.62333333333335,-20.656666666666652,0.0,FLAT,
2026-09-30T11:47:24.953660+00:00,5,OZON-12.26-3.27,56.0,57.0,56.5,319.0,2370.0,46.11666666666667,4.923046707973517,2.1091275279830612,2.5,12.36,-2.4766666666666666,-23.243333333333332,62.15467381477356,FLAT,
2026-09-30T11:47:36.836791+00:00,6,MIX-12.26-3.27,5300.0,5325.0,5312.5,411.0,914.0,5323.75,79.76854538809977,-0.14103303432781822,3.0,143.2,-166.95,-144.45,11.961997985839844,FLAT,
2026-09-30T11:47:36.836962+00:00,6,SILV-12.26-3.27,1.56,1.57,1.565,160.0,492.0,1.5549999999999997,0.01995828983989715,0.5010449332191762,2.5,60.32848999999496,-56.10707499999467,-72.99273499999525,74.1166718006134,FLAT,
2026-09-30T11:47:36.837048+00:00,6,Si-3.27-6.27,1946.0,1949.0,1947.5,298.0,1564.0,1941.7333333333333,28.241144137981063,0.20419380456017552,2.0,42.18,-37.91333333333335,-49.44666666666665,11.961997985839844,FLAT,
2026-09-30T11:47:36.837153+00:00,6,WHEAT-10.26-11.26,1610.0,1630.0,1620.0,620.0,1890.0,1612.3333333333333,16.569718028848758,0.4626914382802815,2.0,43.7,-46.03333333333326,-61.366666666666745,11.961997985839844,FLAT,
2026-09-30T11:47:36.837224+00:00,6,MXI-12.26-3.27,53.95,54.05,54.0,626.0,2230.0,53.92333333333336,0.7999201349023958,0.09584290146164935,3.0,17.62000000000273,-17.353333333336305,-18.886666666669097,11.961997985839844,FLAT,
2026-09-30T11:47:36.837289+00:00,6,Eu-12.26-3.27,1426.0,1434.0,1430.0,382.0,1914.0,1465.4,38.777226993859855,-0.9129069493701928,2.5,50.0,-89.40000000000009,-18.59999999999991,47.55516695976257,FLAT,
2026-09-30T11:47:36.837378+00:00,6,GAZR-12.26-3.27,340.0,341.0,340.5,301.0,2186.0,340.48333333333335,6.352143120413946,0.002623786389996421,3.0,20.14,-20.62333333333335,-20.656666666666652,11.961997985839844,FLAT,
2026-09-30T11:47:36.837444+00:00,6,OZON-12.26-3.27,56.0,57.0,56.5,319.0,2370.0,46.11666666666667,4.923046707973517,2.1091275279830612,2.5,12.36,-2.4766666666666666,-23.243333333333332,74.1166718006134,FLAT,
2026-09-30T11:47:48.526395+00:00,7,MIX-12.26-3.27,5300.0,5325.0,5312.5,411.0,914.0,5323.75,79.76854538809977,-0.14103303432781822,3.0,143.2,-166.95,-144.45,23.84575128555298,FLAT,
2026-09-30T11:47:48.526553+00:00,7,SILV-12.26-3.27,1.56,1.57,1.565,160.0,492.0,1.5549999999999997,0.01995828983989715,0.5010449332191762,2.5,60.32848999999496,-56.10707499999467,-72.99273499999525,86.00042510032654,FLAT,
2026-09-30T11:47:48.526626+00:00,7,Si-3.27-6.27,1946.0,1949.0,1947.5,298.0,1564.0,1941.7333333333333,28.241144137981063,0.20419380456017552,2.0,42.18,-37.91333333333335,-49.44666666666665,23.84575128555298,FLAT,
2026-09-30T11:47:48.526690+00:00,7,WHEAT-10.26-11.26,1610.0,1630.0,1620.0,620.0,1890.0,1612.3333333333333,16.569718028848758,0.4626914382802815,2.0,43.7,-46.03333333333326,-61.366666666666745,23.84575128555298,FLAT,
2026-09-30T11:47:48.526752+00:00,7,MXI-12.26-3.27,53.95,54.05,54.0,626.0,2230.0,53.92333333333336,0.7999201349023958,0.09584290146164935,3.0,17.62000000000273,-17.353333333336305,-18.886666666669097,23.84575128555298,FLAT,
2026-09-30T11:47:48.526813+00:00,7,Eu-12.26-3.27,1426.0,1434.0,1430.0,382.0,1914.0,1465.4,38.777226993859855,-0.9129069493701928,2.5,50.0,-89.40000000000009,-18.59999999999991,59.43892025947571,FLAT,
2026-09-30T11:47:48.526872+00:00,7,GAZR-12.26-3.27,340.0,341.0,340.5,301.0,2186.0,340.48333333333335,6.352143120413946,0.002623786389996421,3.0,20.14,-20.62333333333335,-20.656666666666652,23.84575128555298,FLAT,
2026-09-30T11:47:48.526930+00:00,7,OZON-12.26-3.27,56.0,57.0,56.5,319.0,2370.0,46.11666666666667,4.923046707973517,2.1091275279830612,2.5,12.36,-2.4766666666666666,-23.243333333333332,86.00042510032654,FLAT,
2026-09-30T11:48:00.387734+00:00,8,MIX-12.26-3.27,5300.0,5325.0,5312.5,412.0,916.0,5323.75,79.76854538809977,-0.14103303432781822,3.0,143.2,-166.95,-144.45,0.0,FLAT,
2026-09-30T11:48:00.387890+00:00,8,SILV-12.26-3.27,1.56,1.57,1.565,160.0,492.0,1.5549999999999997,0.01995828983989715,0.5010449332191762,2.5,60.32848999999496,-56.10707499999467,-72.99273499999525,97.6899254322052,FLAT,
2026-09-30T11:48:00.387965+00:00,8,Si-3.27-6.27,1935.0,1945.0,1940.0,300.0,1568.0,1941.7333333333333,28.241144137981063,-0.06137617246895519,2.0,42.18,-48.91333333333335,-45.44666666666665,0.0,FLAT,
2026-09-30T11:48:00.388030+00:00,8,WHEAT-10.26-11.26,1620.0,1630.0,1625.0,620.0,1890.0,1612.3333333333333,16.569718028848758,0.7644467241152447,2.0,43.7,-36.03333333333326,-61.366666666666745,0.0,FLAT,
2026-09-30T11:48:00.388092+00:00,8,MXI-12.26-3.27,53.95,54.1,54.025000000000006,627.0,2232.0,53.92333333333336,0.7999201349023958,0.12709602150350968,3.0,17.62000000000273,-17.353333333336305,-19.38666666666914,0.0,FLAT,
2026-09-30T11:48:00.388155+00:00,8,Eu-12.26-3.27,1426.0,1434.0,1430.0,382.0,1914.0,1465.4,38.777226993859855,-0.9129069493701928,2.5,50.0,-89.40000000000009,-18.59999999999991,71.12842059135437,FLAT,
2026-09-30T11:48:00.388226+00:00,8,GAZR-12.26-3.27,340.0,341.0,340.5,303.0,2214.0,340.48333333333335,6.352143120413946,0.002623786389996421,3.0,20.14,-20.62333333333335,-20.656666666666652,0.0,FLAT,
2026-09-30T11:48:00.388287+00:00,8,OZON-12.26-3.27,56.0,57.0,56.5,319.0,2370.0,46.11666666666667,4.923046707973517,2.1091275279830612,2.5,12.36,-2.4766666666666666,-23.243333333333332,97.6899254322052,FLAT,
2026-09-30T11:48:12.288192+00:00,9,MIX-12.26-3.27,5300.0,5325.0,5312.5,411.0,914.0,5323.75,79.76854538809977,-0.14103303432781822,3.0,143.2,-166.95,-144.45,0.0,FLAT,
2026-09-30T11:48:12.288369+00:00,9,SILV-12.26-3.27,1.56,1.57,1.565,160.0,492.0,1.5549999999999997,0.01995828983989715,0.5010449332191762,2.5,60.32848999999496,-56.10707499999467,-72.99273499999525,109.55130505561829,FLAT,
2026-09-30T11:48:12.288451+00:00,9,Si-3.27-6.27,1946.0,1949.0,1947.5,298.0,1564.0,1941.7333333333333,28.241144137981063,0.20419380456017552,2.0,42.18,-37.91333333333335,-49.44666666666665,0.0,FLAT,
2026-09-30T11:48:12.288520+00:00,9,WHEAT-10.26-11.26,1610.0,1630.0,1620.0,620.0,1890.0,1612.3333333333333,16.569718028848758,0.4626914382802815,2.0,43.7,-46.03333333333326,-61.366666666666745,0.0,FLAT,
2026-09-30T11:48:12.288585+00:00,9,MXI-12.26-3.27,53.95,54.05,54.0,626.0,2230.0,53.92333333333336,0.7999201349023958,0.09584290146164935,3.0,17.62000000000273,-17.353333333336305,-18.886666666669097,0.0,FLAT,
2026-09-30T11:48:12.288648+00:00,9,Eu-12.26-3.27,1426.0,1434.0,1430.0,382.0,1914.0,1465.4,38.777226993859855,-0.9129069493701928,2.5,50.0,-89.40000000000009,-18.59999999999991,82.98980021476746,FLAT,
2026-09-30T11:48:12.288711+00:00,9,GAZR-12.26-3.27,340.0,341.0,340.5,301.0,2186.0,340.48333333333335,6.352143120413946,0.002623786389996421,3.0,20.14,-20.62333333333335,-20.656666666666652,0.0,FLAT,
2026-09-30T11:48:12.288771+00:00,9,OZON-12.26-3.27,56.0,57.0,56.5,319.0,2370.0,46.11666666666667,4.923046707973517,2.1091275279830612,2.5,12.36,-2.4766666666666666,-23.243333333333332,109.55130505561829,FLAT,
2026-09-30T11:48:24.267842+00:00,10,MIX-12.26-3.27,5300.0,5325.0,5312.5,412.0,916.0,5323.75,79.76854538809977,-0.14103303432781822,3.0,143.2,-166.95,-144.45,0.0,FLAT,
2026-09-30T11:48:24.268003+00:00,10,SILV-12.26-3.27,1.56,1.57,1.565,160.0,492.0,1.5549999999999997,0.01995828983989715,0.5010449332191762,2.5,60.32848999999496,-56.10707499999467,-72.99273499999525,121.45177698135376,FLAT,
2026-09-30T11:48:24.268079+00:00,10,Si-3.27-6.27,1935.0,1945.0,1940.0,300.0,1568.0,1941.7333333333333,28.241144137981063,-0.06137617246895519,2.0,42.18,-48.91333333333335,-45.44666666666665,0.0,FLAT,
2026-09-30T11:48:24.268145+00:00,10,WHEAT-10.26-11.26,1620.0,1630.0,1625.0,620.0,1890.0,1612.3333333333333,16.569718028848758,0.7644467241152447,2.0,43.7,-36.03333333333326,-61.366666666666745,0.0,FLAT,
2026-09-30T11:48:24.268208+00:00,10,MXI-12.26-3.27,53.95,54.1,54.025000000000006,627.0,2232.0,53.92333333333336,0.7999201349023958,0.12709602150350968,3.0,17.62000000000273,-17.353333333336305,-19.38666666666914,0.0,FLAT,
2026-09-30T11:48:24.268271+00:00,10,Eu-12.26-3.27,1426.0,1434.0,1430.0,382.0,1914.0,1465.4,38.777226993859855,-0.9129069493701928,2.5,50.0,-89.40000000000009,-18.59999999999991,94.89027214050293,FLAT,
2026-09-30T11:48:24.268354+00:00,10,GAZR-12.26-3.27,340.0,341.0,340.5,303.0,2214.0,340.48333333333335,6.352143120413946,0.002623786389996421,3.0,20.14,-20.62333333333335,-20.656666666666652,0.0,FLAT,
2026-09-30T11:48:24.268422+00:00,10,OZON-12.26-3.27,56.0,57.0,56.5,319.0,2370.0,46.11666666666667,4.923046707973517,2.1091275279830612,2.5,12.36,-2.4766666666666666,-23.243333333333332,121.45177698135376,FLAT,
2026-09-30T11:48:37.307443+00:00,11,MIX-12.26-3.27,5300.0,5325.0,5312.5,421.0,936.0,5323.75,79.76854538809977,-0.14103303432781822,3.0,143.2,-166.95,-144.45,0.0,FLAT,
2026-09-30T11:48:37.307586+00:00,11,SILV-12.26-3.27,1.56,1.57,1.565,160.0,492.0,1.5549999999999997,0.01995828983989715,0.5010449332191762,2.5,60.32848999999496,-56.10707499999467,-72.99273499999525,133.43142318725586,FLAT,
2026-09-30T11:48:37.307669+00:00,11,Si-3.27-6.27,1935.0,1945.0,1940.0,300.0,1568.0,1941.7333333333333,28.241144137981063,-0.06137617246895519,2.0,42.18,-48.91333333333335,-45.44666666666665,11.9796462059021,FLAT,
2026-09-30T11:48:37.307737+00:00,11,WHEAT-10.26-11.26,1610.0,1630.0,1620.0,620.0,1890.0,1612.3333333333333,16.569718028848758,0.4626914382802815,2.0,43.7,-46.03333333333326,-61.366666666666745,0.0,FLAT,
2026-09-30T11:48:37.307798+00:00,11,MXI-12.26-3.27,54.0,54.1,54.05,628.0,2234.0,53.92333333333336,0.7999201349023958,0.15834914154535223,3.0,17.62000000000273,-16.853333333336334,-19.38666666666914,0.0,FLAT,
2026-09-30T11:48:37.307859+00:00,11,Eu-12.26-3.27,1434.0,1440.0,1437.0,386.0,1988.0,1465.4,38.777226993859855,-0.7323886260484037,2.5,50.0,-81.40000000000009,-24.59999999999991,0.0,FLAT,
2026-09-30T11:48:37.307917+00:00,11,GAZR-12.26-3.27,340.0,341.0,340.5,303.0,2214.0,340.48333333333335,6.352143120413946,0.002623786389996421,3.0,20.14,-20.62333333333335,-20.656666666666652,11.9796462059021,FLAT,
2026-09-30T11:48:37.307977+00:00,11,OZON-12.26-3.27,56.0,57.0,56.5,319.0,2370.0,46.11666666666667,4.923046707973517,2.1091275279830612,2.5,12.36,-2.4766666666666666,-23.243333333333332,133.43142318725586,FLAT,
