utc,spread,near,far,bid,ask,mid,last,trades,volume_contracts,baseline_mean,baseline_sd,z,selected_entry_z,unit_rub,cost_rub,expected_sell_rub,expected_buy_rub,quote_age_min,position
2026-09-30T11:04:45.625627+00:00,MIX-12.26-3.27,MXZ6,MXH7,5300.0,5325.0,5312.5,5300.0,353.0,760.0,5347.916666666667,91.5482189279993,-0.3868635248329781,3.0,1.0,143.2,-191.11666666666696,-120.28333333333302,0.0,FLAT
2026-09-30T11:04:48.656386+00:00,BR-11.26-12.26,BRX6,BRZ6,-2.52,-2.5,-2.51,-2.52,2691.0,8436.0,-2.4978333333333333,0.033965260029754786,-0.35820914240044094,3.0,844.283,74.80848999998896,-93.5234298333223,-72.97921016665565,0.0,FLAT
2026-09-30T11:04:51.674137+00:00,Si-12.26-3.27,SiZ6,SiH7,1224.0,1227.0,1225.5,1228.0,9990.0,77852.0,1248.6333333333334,27.341645077711682,-0.8460841791919548,3.0,1.0,32.86,-57.49333333333344,-11.22666666666656,0.0,FLAT
2026-09-30T11:04:54.132604+00:00,Eu-12.26-3.27,EuZ6,EuH7,1420.0,1422.0,1421.0,1420.0,357.0,1858.0,1492.6833333333334,51.17795478089717,-1.4006681908298946,3.0,1.0,48.0,-120.6833333333334,22.683333333333394,0.0,FLAT
2026-09-30T11:04:56.223525+00:00,MXI-12.26-3.27,MMZ6,MMH7,53.95,54.0,53.975,53.95,540.0,2030.0,53.955833333333345,0.8700139685979765,0.022030297625615522,3.0,10.0,16.119999999997273,-16.178333333330695,-16.56166666666382,0.0,FLAT
2026-09-30T11:05:00.015537+00:00,TTF-9.26-10.26,FFU6,FFV6,3.1,3.17,3.135,3.17,1434.0,8068.0,3.394083333333333,0.2933846901065032,-0.8830840260931204,2.0,96.062,12.00093000000142,-40.25116316666806,9.524963166665232,0.0,FLAT
2026-09-30T11:05:01.496568+00:00,WHEAT-10.26-11.26,W4V6,W4X6,1600.0,1610.0,1605.0,1610.0,610.0,1866.0,1595.5,41.28861828639946,0.23008762206821814,2.0,1.0,53.7,-49.2,-68.2,0.0,FLAT
2026-09-30T11:05:04.695820+00:00,GAZR-12.26-3.27,GZZ6,GZH7,340.0,341.0,340.5,340.0,299.0,2156.0,340.51666666666665,6.291506620480945,-0.0026490740091405086,3.0,1.0,21.14,-21.656666666666652,-21.62333333333335,0.0,FLAT
2026-09-30T11:05:09.840086+00:00,BRM-11.26-12.26,BMX6,BMZ6,-2.66,-2.62,-2.64,-2.66,860.0,3770.0,-2.616333333333334,0.0439305006674055,-0.5387297277999361,3.0,84.428,17.149959999999425,-20.836649333332726,-16.840390666666124,0.0,FLAT
2026-09-30T11:05:11.820636+00:00,CNY-3.27-6.27,CRH7,CRM7,0.26,0.26,0.26,0.26,290.0,4992.0,0.2536166666666668,0.005234792790126027,1.2194051587626464,3.0,1000.0,11.399999999998892,-5.0166666666657065,-17.783333333332077,0.0,FLAT
2026-09-30T11:05:14.692562+00:00,TTF-10.26-11.26,FFV6,FFX6,1.27,1.29,1.28,1.29,1195.0,5454.0,1.2982499999999997,0.050964244001718347,-0.3580941963817677,3.0,96.062,18.284959999999835,-20.998711499999803,-17.492448499999867,0.0,FLAT
2026-09-30T11:05:18.992076+00:00,COCOA-11.26-2.27,CCX6,CCG7,22.4,22.5,22.45,22.4,1843.0,26134.0,22.37166666666667,0.2614648903560243,0.29959408020964806,3.0,10.0,12.500000000000114,-12.216666666666825,-13.783333333333417,0.0,FLAT
