utc,event,key,type,label,direction,entry_z,exit_z,baseline_mean,entry_spread,exit_spread,expected_net_rub,realized_net_rub,hold_min,reason
2026-09-30T11:30:00.666609+00:00,OPEN,FF:BRV6:BRX6,FIXED_FIXED,BRV6↔BRX6,LONG_A_SHORT_B,4.129059767822015,,-5.879072530989742,-5.77000000000001,,20.059593681590584,,,EVENT_DISLOCATION
2026-09-30T11:42:07.113049+00:00,CLOSE,FF:BRV6:BRX6,FIXED_FIXED,BRV6↔BRX6,LONG_A_SHORT_B,4.129059767822015,-0.016590471364874865,-5.879072530989742,-5.77000000000001,-5.88000000000001,20.059593681590584,37.7282999999952,12.107440300782521,CONVERGENCE
2026-09-30T11:58:09.847806+00:00,OPEN,FF:BMV6:BMX6,FIXED_FIXED,BMV6↔BMX6,LONG_A_SHORT_B,11.102318306365543,,-5.811023116646269,-5.349999999999994,,30.75469969221202,,,EVENT_DISLOCATION
2026-09-30T11:58:09.847996+00:00,OPEN,FF:BRV6:BRX6,FIXED_FIXED,BRV6↔BRX6,LONG_A_SHORT_B,10.567315095801025,,-5.812681767998459,-5.340000000000003,,327.04869113103916,,,EVENT_DISLOCATION
2026-09-30T13:35:41.546275+00:00,OPEN,FF:BRG7:BRH7,FIXED_FIXED,BRG7↔BRH7,SHORT_A_LONG_B,-2.5536966511467236,,-0.9985869030411263,-1.1799999999999926,,51.86418373971631,,,EVENT_DISLOCATION
2026-09-30T13:35:41.546475+00:00,OPEN,FF:NGZ6:NGF7,FIXED_FIXED,NGZ6↔NGF7,SHORT_A_LONG_B,-6.374500137679244,,-0.24625166650935482,-0.2549999999999999,,21.76937244482294,,,EVENT_DISLOCATION
2026-09-30T13:48:09.297010+00:00,OPEN,FF:BMX6:BMZ6,FIXED_FIXED,BMX6↔BMZ6,SHORT_A_LONG_B,-5.463094573714044,,-2.698615346533529,-2.8799999999999955,,3.1639835228661877,,,EVENT_DISLOCATION
2026-09-30T13:48:09.297190+00:00,OPEN,FF:BRX6:BRZ6,FIXED_FIXED,BRX6↔BRZ6,SHORT_A_LONG_B,-5.105934223082597,,-2.5615740766458197,-2.730000000000004,,55.50499384724314,,,EVENT_DISLOCATION
2026-09-30T14:01:26.764119+00:00,CLOSE,FF:NGZ6:NGF7,FIXED_FIXED,NGZ6↔NGF7,SHORT_A_LONG_B,-6.374500137679244,0.43854403893665284,-0.24700146652823224,-0.2549999999999999,-0.2450000000000001,21.76937244482294,40.77981000000099,25.75362521012624,CONVERGENCE
2026-09-30T14:01:26.764321+00:00,OPEN,PF:EURRUBF:EuZ6,PERP_FIXED,EURRUBF↔EuZ6,LONG_A_SHORT_B,3.0739142835483624,,1.310735726219611,1.4069999999999965,,59.46427378038027,,,EVENT_DISLOCATION
2026-09-30T14:35:28.611875+00:00,CLOSE,FF:BRX6:BRZ6,FIXED_FIXED,BRX6↔BRZ6,SHORT_A_LONG_B,-5.105934223082597,-0.4367409985289915,-2.5833469649545218,-2.730000000000004,-2.6199999999999903,55.50499384724314,31.505470000002887,47.32190890709559,CONVERGENCE
2026-09-30T14:35:28.612254+00:00,OPEN,FF:LKZ6:LKH7,FIXED_FIXED,LKZ6↔LKH7,SHORT_A_LONG_B,-3.0037405013166443,,735.3114680997501,605.0,,57.29146809975008,,,EVENT_DISLOCATION
