utc,spread,direction,net_rub,confirmed_samples,request_gap_ms
2026-09-30T11:21:29.387623+00:00,Si-12.26-3.27,SELL_DIRECT_BUY_SYNTH,10.14,3,361
2026-09-30T11:21:33.934515+00:00,Si-12.26-3.27,SELL_DIRECT_BUY_SYNTH,5.140000000000001,4,263
2026-09-30T11:21:38.436603+00:00,Si-12.26-3.27,SELL_DIRECT_BUY_SYNTH,8.14,5,225
2026-09-30T11:21:43.424935+00:00,Si-12.26-3.27,SELL_DIRECT_BUY_SYNTH,10.14,6,466
2026-09-30T11:21:48.296926+00:00,Si-12.26-3.27,SELL_DIRECT_BUY_SYNTH,14.14,7,401
2026-09-30T11:21:53.245424+00:00,Si-12.26-3.27,SELL_DIRECT_BUY_SYNTH,18.14,8,398
2026-09-30T11:21:58.128772+00:00,Si-12.26-3.27,SELL_DIRECT_BUY_SYNTH,18.14,9,398
2026-09-30T11:22:03.034992+00:00,Si-12.26-3.27,SELL_DIRECT_BUY_SYNTH,18.14,10,418
2026-09-30T11:22:07.807982+00:00,Si-12.26-3.27,SELL_DIRECT_BUY_SYNTH,15.14,11,372
2026-09-30T11:22:12.566462+00:00,Si-12.26-3.27,SELL_DIRECT_BUY_SYNTH,15.14,12,376
2026-09-30T11:22:18.242520+00:00,Si-12.26-3.27,SELL_DIRECT_BUY_SYNTH,16.14,13,420
2026-09-30T11:22:22.981145+00:00,Si-12.26-3.27,SELL_DIRECT_BUY_SYNTH,17.14,14,269
2026-09-30T11:22:28.397403+00:00,Si-12.26-3.27,SELL_DIRECT_BUY_SYNTH,16.14,15,558
2026-09-30T11:22:33.375231+00:00,Si-12.26-3.27,SELL_DIRECT_BUY_SYNTH,15.14,16,481
2026-09-30T11:22:38.174091+00:00,Si-12.26-3.27,SELL_DIRECT_BUY_SYNTH,16.14,17,373
2026-09-30T11:22:43.016410+00:00,Si-12.26-3.27,SELL_DIRECT_BUY_SYNTH,16.14,18,400
2026-09-30T11:22:47.860441+00:00,Si-12.26-3.27,SELL_DIRECT_BUY_SYNTH,13.14,19,396
2026-09-30T11:22:52.655291+00:00,Si-12.26-3.27,SELL_DIRECT_BUY_SYNTH,13.14,20,398
2026-09-30T11:35:03.300360+00:00,TTF-9.26-10.26,SELL_DIRECT_BUY_SYNTH,1.6446500000002295,3,115
2026-09-30T11:35:03.301178+00:00,BRM-10.26-11.26,SELL_DIRECT_BUY_SYNTH,27.29119999999973,3,115
2026-09-30T11:35:03.301363+00:00,BR-10.26-11.26,SELL_DIRECT_BUY_SYNTH,240.35622000000438,3,115
2026-09-30T11:35:07.768039+00:00,TTF-9.26-10.26,SELL_DIRECT_BUY_SYNTH,1.6446500000002295,4,240
2026-09-30T11:35:07.768837+00:00,BRM-10.26-11.26,SELL_DIRECT_BUY_SYNTH,27.29119999999973,4,240
2026-09-30T11:35:07.769003+00:00,BR-10.26-11.26,SELL_DIRECT_BUY_SYNTH,240.35622000000438,4,240
2026-09-30T11:35:12.262900+00:00,TTF-9.26-10.26,SELL_DIRECT_BUY_SYNTH,1.6446500000002295,5,282
2026-09-30T11:35:12.263698+00:00,BRM-10.26-11.26,SELL_DIRECT_BUY_SYNTH,27.29119999999973,5,282
2026-09-30T11:35:12.263872+00:00,BR-10.26-11.26,SELL_DIRECT_BUY_SYNTH,248.79905000000872,5,282
2026-09-30T11:35:16.501627+00:00,TTF-9.26-10.26,SELL_DIRECT_BUY_SYNTH,1.6446500000002295,6,142
2026-09-30T11:35:16.502395+00:00,BRM-10.26-11.26,SELL_DIRECT_BUY_SYNTH,28.13548000000016,6,142
2026-09-30T11:35:16.502563+00:00,BR-10.26-11.26,SELL_DIRECT_BUY_SYNTH,265.68470999999334,6,142
2026-09-30T11:35:20.754695+00:00,TTF-9.26-10.26,SELL_DIRECT_BUY_SYNTH,1.6446500000002295,7,156
2026-09-30T11:35:20.755483+00:00,BRM-10.26-11.26,SELL_DIRECT_BUY_SYNTH,28.13548000000016,7,156
2026-09-30T11:35:20.755650+00:00,BR-10.26-11.26,SELL_DIRECT_BUY_SYNTH,265.68470999999334,7,156
2026-09-30T11:35:25.009008+00:00,TTF-9.26-10.26,SELL_DIRECT_BUY_SYNTH,1.6446500000002295,8,154
2026-09-30T11:35:25.009763+00:00,BRM-10.26-11.26,SELL_DIRECT_BUY_SYNTH,27.29119999999973,8,154
2026-09-30T11:35:25.009934+00:00,BR-10.26-11.26,SELL_DIRECT_BUY_SYNTH,257.24188000000106,8,154
2026-09-30T11:35:29.305941+00:00,BRM-10.26-11.26,SELL_DIRECT_BUY_SYNTH,27.29119999999973,9,186
2026-09-30T11:35:29.306147+00:00,BR-10.26-11.26,SELL_DIRECT_BUY_SYNTH,257.24188000000106,9,186
2026-09-30T11:35:33.759326+00:00,BRM-10.26-11.26,SELL_DIRECT_BUY_SYNTH,27.29119999999973,10,269
2026-09-30T11:35:33.759494+00:00,BR-10.26-11.26,SELL_DIRECT_BUY_SYNTH,257.24188000000106,10,269
2026-09-30T11:35:37.944704+00:00,BRM-10.26-11.26,SELL_DIRECT_BUY_SYNTH,28.13548000000016,11,42
2026-09-30T11:35:37.944866+00:00,BR-10.26-11.26,SELL_DIRECT_BUY_SYNTH,265.68470999999334,11,42
2026-09-30T11:35:42.236594+00:00,BRM-10.26-11.26,SELL_DIRECT_BUY_SYNTH,28.13548000000016,12,41
2026-09-30T11:35:42.236761+00:00,BR-10.26-11.26,SELL_DIRECT_BUY_SYNTH,265.68470999999334,12,41
2026-09-30T11:35:46.469569+00:00,CNY-3.27-6.27,SELL_DIRECT_BUY_SYNTH,1.600000000000671,3,75
2026-09-30T11:35:46.469759+00:00,CNY-12.26-3.27,SELL_DIRECT_BUY_SYNTH,1.6400000000009491,3,75
2026-09-30T11:35:46.469992+00:00,BRM-10.26-11.26,SELL_DIRECT_BUY_SYNTH,29.824039999999822,13,75
2026-09-30T11:35:46.470211+00:00,BR-10.26-11.26,SELL_DIRECT_BUY_SYNTH,291.0132000000063,13,75
2026-09-30T11:35:50.641377+00:00,CNY-3.27-6.27,SELL_DIRECT_BUY_SYNTH,1.600000000000671,4,83
2026-09-30T11:35:50.641543+00:00,CNY-12.26-3.27,SELL_DIRECT_BUY_SYNTH,1.6400000000009491,4,83
2026-09-30T11:35:50.641767+00:00,BRM-10.26-11.26,SELL_DIRECT_BUY_SYNTH,29.824039999999822,14,83
2026-09-30T11:35:50.641928+00:00,BR-10.26-11.26,SELL_DIRECT_BUY_SYNTH,291.0132000000063,14,83
2026-09-30T11:35:54.838236+00:00,BRM-10.26-11.26,SELL_DIRECT_BUY_SYNTH,30.668320000000254,15,122
2026-09-30T11:35:54.838413+00:00,BR-10.26-11.26,SELL_DIRECT_BUY_SYNTH,291.0132000000063,15,122
2026-09-30T11:35:59.027177+00:00,BRM-10.26-11.26,SELL_DIRECT_BUY_SYNTH,30.668320000000254,16,120
2026-09-30T11:35:59.027350+00:00,BR-10.26-11.26,SELL_DIRECT_BUY_SYNTH,291.0132000000063,16,120
2026-09-30T11:36:03.212782+00:00,BRM-10.26-11.26,SELL_DIRECT_BUY_SYNTH,30.668320000000254,17,123
2026-09-30T11:36:03.212950+00:00,BR-10.26-11.26,SELL_DIRECT_BUY_SYNTH,299.45602999999863,17,123
2026-09-30T11:36:07.493291+00:00,BRM-10.26-11.26,SELL_DIRECT_BUY_SYNTH,30.668320000000254,18,154
2026-09-30T11:36:07.493469+00:00,BR-10.26-11.26,SELL_DIRECT_BUY_SYNTH,299.45602999999863,18,154
2026-09-30T11:36:11.801594+00:00,BRM-10.26-11.26,SELL_DIRECT_BUY_SYNTH,28.979760000000592,19,191
2026-09-30T11:36:11.801762+00:00,BR-10.26-11.26,SELL_DIRECT_BUY_SYNTH,291.0132000000063,19,191
2026-09-30T11:36:15.987636+00:00,BRM-10.26-11.26,SELL_DIRECT_BUY_SYNTH,28.979760000000592,20,123
2026-09-30T11:36:15.987830+00:00,BR-10.26-11.26,SELL_DIRECT_BUY_SYNTH,291.0132000000063,20,123
