utc,sample,phase,gate_bid,gate_ask,okx_bid,okx_ask,mid_basis_bps,z,baseline_mean_bps,baseline_sd_bps,quote_gap_ms,gate_latency_ms,okx_latency_ms,event
2026-09-30T10:31:15.914650+00:00,0,FLAT,0.13263,0.1327,0.13278,0.13282942810581705,9.045339765574312,1.0795097687331559,1.8594404434964547,6.65663204744388,10,114,135,
2026-09-30T10:31:21.064196+00:00,1,FLAT,0.13267,0.13277,0.1328,0.1328494823064858,6.404460518385502,0.6827807279259662,1.8594404434964547,6.65663204744388,18,112,148,
2026-09-30T10:31:26.215276+00:00,2,FLAT,0.13267,0.13271,0.1328,0.13282833968264796,8.666817393925275,1.0226458217775196,1.8594404434964547,6.65663204744388,19,115,150,
2026-09-30T10:31:31.362914+00:00,3,FLAT,0.13267,0.13276,0.13281,0.13283118180647346,7.534943299551955,0.8526087690598537,1.8594404434964547,6.65663204744388,18,111,146,
2026-09-30T10:31:36.514101+00:00,4,FLAT,0.13272,0.13281,0.13282914927180184,0.13287680962780082,6.0256844800932186,0.6258786736149228,1.8594404434964547,6.65663204744388,19,112,149,
2026-09-30T10:31:41.663407+00:00,5,FLAT,0.13278,0.13285,0.1328923019861193,0.13295783834652644,7.529270037269775,0.8517564968835122,1.8594404434964547,6.65663204744388,19,112,148,
2026-09-30T10:31:46.862690+00:00,6,FLAT,0.13281,0.1329,0.13289592317129575,0.13296871361558832,5.268902186594815,0.5121902065185622,1.8594404434964547,6.65663204744388,10,113,131,
2026-09-30T10:31:52.013818+00:00,7,FLAT,0.13281,0.1329,0.13292181571200265,0.1329711707142646,6.021602498964551,0.6252654534309658,1.8594404434964547,6.65663204744388,19,112,149,
2026-09-30T10:31:57.163230+00:00,8,FLAT,0.1329,0.133,0.13304364229508092,0.13310612528069307,8.649868371566338,1.020099635922851,1.8594404434964547,6.65663204744388,19,113,148,
2026-09-30T10:32:02.312070+00:00,9,FLAT,0.13297,0.13307,0.13310056301538153,0.13313383856595118,7.141783190496298,0.7935458516184986,1.8594404434964547,6.65663204744388,17,113,147,
2026-09-30T10:32:07.463319+00:00,10,FLAT,0.13298,0.13308,0.1331143297575984,0.13318713811807192,7.892956475985535,0.9063916992086,1.8594404434964547,6.65663204744388,18,117,150,
2026-09-30T10:32:12.613110+00:00,11,FLAT,0.13297,0.13307,0.13308042552053528,0.1331372228207259,7.893549842128422,0.9064808383015613,1.8594404434964547,6.65663204744388,18,112,148,
2026-09-30T10:32:17.764562+00:00,12,FLAT,0.13294,0.13303,0.13306487682773574,0.13311890176906038,9.023574087301256,1.0762399953525748,1.8594404434964547,6.65663204744388,20,113,150,
2026-09-30T10:32:22.913615+00:00,13,FLAT,0.13288,0.13298,0.13300133570384207,0.1330597078315992,8.651169788611579,1.0202951427551297,1.8594404434964547,6.65663204744388,18,113,148,
2026-09-30T10:32:28.065788+00:00,14,FLAT,0.13289,0.13297,0.13300133437371534,0.13305117870685174,8.651169788611579,1.0202951427551297,1.8594404434964547,6.65663204744388,20,113,150,
2026-09-30T10:32:33.214871+00:00,15,FLAT,0.13299,0.13307,0.13313233561194562,0.13318730591787295,9.396376757122571,1.1322446936991613,1.8594404434964547,6.65663204744388,18,113,147,
2026-09-30T10:32:38.363706+00:00,16,FLAT,0.13307,0.13315,0.13318481015088876,0.1332372910361158,7.8882127563661975,0.9056790686192077,1.8594404434964547,6.65663204744388,18,112,147,
2026-09-30T10:32:43.513017+00:00,17,FLAT,0.13307,0.13315,0.13317378348659087,0.13323282807686462,7.136954398618833,0.7928204409539089,1.8594404434964547,6.65663204744388,18,113,147,
2026-09-30T10:32:48.666238+00:00,18,FLAT,0.13313,0.13317,0.13322433893559965,0.1332774279402224,7.13481036425101,0.7924983509912157,1.8594404434964547,6.65663204744388,21,113,152,
2026-09-30T10:32:53.814623+00:00,19,FLAT,0.13304,0.13314,0.13312026623493203,0.13318126996775362,5.635284394021056,0.5672303837155173,1.8594404434964547,6.65663204744388,15,117,147,
