utc,sample,phase,gate_bid,gate_ask,okx_bid,okx_ask,mid_basis_bps,z,baseline_mean_bps,baseline_sd_bps,event
2026-09-30T10:14:58.488703+00:00,0,FLAT,0.1324851218057907,0.1327499997700693,0.13265606199598648,0.1327157383667551,5.153117960754461,0.5027174342968316,1.8175962330977926,6.634983193535309,
2026-09-30T10:15:03.840714+00:00,1,FLAT,0.13240023340366874,0.13260965123661725,0.1326268091217881,0.13269367602397553,11.720336616849458,1.4925042151425862,1.8175962330977926,6.634983193535309,
2026-09-30T10:15:09.184036+00:00,2,FLAT,0.1324021551874088,0.13269438895768357,0.13258171492033036,0.13266769905094397,5.766571822916067,0.5951749197595401,1.8175962330977926,6.634983193535309,
2026-09-30T10:15:14.536294+00:00,3,FLAT,0.13232472355134833,0.13263104152311175,0.1324983500460199,0.13256753202361318,4.15605205427827,0.35244336767256845,1.8175962330977926,6.634983193535309,
2026-09-30T10:15:19.886866+00:00,4,FLAT,0.13232038208293007,0.13260654246516873,0.13248534843351625,0.13255629367923358,4.33015877290277,0.3786840850257244,1.8175962330977926,6.634983193535309,
2026-09-30T10:15:25.249285+00:00,5,FLAT,0.13232378887949037,0.13260925302728074,0.13250628767288078,0.13257731796085764,5.68308603123624,0.5825922516133464,1.8175962330977926,6.634983193535309,
2026-09-30T10:15:30.635208+00:00,6,FLAT,0.13229535634595585,0.13254615422872928,0.13247381789543175,0.13252905506783738,6.092790674463444,0.6443414122783491,1.8175962330977926,6.634983193535309,
2026-09-30T10:15:35.986409+00:00,7,FLAT,0.13236338734082287,0.13255982502103097,0.13255766183285395,0.13263374573446024,10.123507225709982,1.2518360258553367,1.8175962330977926,6.634983193535309,
2026-09-30T10:15:41.336569+00:00,8,FLAT,0.13235597618388587,0.13265957693704009,0.1325638582257389,0.13264709211146664,7.373047127934296,0.8372969053259048,1.8175962330977926,6.634983193535309,
2026-09-30T10:15:46.692574+00:00,9,FLAT,0.13238417762313695,0.13266320233751225,0.13258509481304445,0.13267322745058568,7.958663957070566,0.9255588966609932,1.8175962330977926,6.634983193535309,
2026-09-30T10:15:52.035742+00:00,10,FLAT,0.13239365640565823,0.13266320233751225,0.1325722867271217,0.13265060833692974,6.264177492643075,0.6701721963482498,1.8175962330977926,6.634983193535309,
2026-09-30T10:15:57.390602+00:00,11,FLAT,0.13242233699980513,0.1327244287700167,0.13257343366603339,0.13265263179091963,2.9907846283161454,0.17681859335550848,1.8175962330977926,6.634983193535309,
2026-09-30T10:16:02.759925+00:00,12,FLAT,0.13235406858737261,0.13265644057366366,0.13252442925985783,0.13260109903934292,4.340172717247626,0.38019334948846073,1.8175962330977926,6.634983193535309,
2026-09-30T10:16:08.135259+00:00,13,FLAT,0.13244887396453994,0.13273902213647626,0.13261131439734436,0.13269349292947957,4.4086184749225765,0.39050923962389317,1.8175962330977926,6.634983193535309,
2026-09-30T10:16:13.497004+00:00,14,FLAT,0.13238429944814403,0.1327122007753036,0.13257879129965108,0.13264860415841676,4.93764476369396,0.4702421151022866,1.8175962330977926,6.634983193535309,
2026-09-30T10:16:18.836211+00:00,15,FLAT,0.13238059977563815,0.13270704538355024,0.1325453394721371,0.13262770408555422,3.2215156029513636,0.2115935080621542,1.8175962330977926,6.634983193535309,
2026-09-30T10:16:24.198085+00:00,16,FLAT,0.13235924848795413,0.132651916262808,0.1325338656930288,0.13262411044739955,5.539819041371352,0.560999583525735,1.8175962330977926,6.634983193535309,
2026-09-30T10:16:29.536480+00:00,17,FLAT,0.1322426915234385,0.13253047221079145,0.1324034213044065,0.1324543544916474,3.1956434190916205,0.20769414869603686,1.8175962330977926,6.634983193535309,
2026-09-30T10:16:34.897709+00:00,18,FLAT,0.13221397701303406,0.13250029740832997,0.13242,0.13243908039782118,5.4702745733559155,0.5505180998524687,1.8175962330977926,6.634983193535309,
2026-09-30T10:16:40.258306+00:00,19,FLAT,0.13223552674608305,0.13252309099392728,0.13243,0.13247312252817026,5.457982421628316,0.5486654724427148,1.8175962330977926,6.634983193535309,
