utc,sample,a_bid,a_ask,b_bid,b_ask,mid_basis_bps,z,baseline_mean_bps,baseline_sd_bps,exec_high_bps,exec_low_bps,fee_bps,exit_spread_bps,expected_high_bps,expected_low_bps,position
2026-09-30T07:44:35.829635+00:00,0,0.12962935209515028,0.12987166188541144,0.1297488281102646,0.12981658605216323,2.481692879665598,0.01601415438314921,2.3632945059958352,7.393357828143995,-9.458089113789647,14.443793322018728,20.0,23.89593135962426,-63.717314979409736,-63.97643017564715,FLAT
2026-09-30T07:44:41.180820+00:00,1,0.1296203441225591,0.12984211336973983,0.1297320559999641,0.12980018451004735,2.689522730454641,0.04412450094285522,2.3632945059958352,7.393357828143995,-8.47624602830832,13.874395158077757,20.0,22.344615222933793,-61.18415575723795,-61.85571587501572,FLAT
2026-09-30T07:44:46.537527+00:00,2,0.1296203441225591,0.12984212635016493,0.12973129570391695,0.12980127475831074,2.7017390752481774,0.04577684147303123,2.3632945059958352,7.393357828143995,-8.535800310993658,13.958506049063235,20.0,22.488214196078562,-61.38730901306805,-62.08342573914596,FLAT
2026-09-30T07:44:51.882330+00:00,3,0.12963061327113787,0.12984658008721717,0.12974922387232507,0.12980016264114355,2.7822543545785727,0.05666705958528073,2.3632945059958352,7.393357828143995,-7.497788145571782,13.079423581146,20.0,20.57147396458019,-58.43255661614781,-59.28760303973036,FLAT
2026-09-30T07:44:57.240711+00:00,4,0.12964199117096234,0.12984923741716348,0.12976735638391634,0.129823177792007,3.826934279740346,0.1979668518373252,2.3632945059958352,7.393357828143995,-6.305853994665878,13.975920873177117,20.0,20.274003203048466,-56.94315170371018,-59.88662957022974,FLAT
2026-09-30T07:45:02.585744+00:00,5,0.12964724407186928,0.12985824614660552,0.12975276767233895,0.12981697027069394,2.4757751562032304,0.015213743582005411,2.3632945059958352,7.393357828143995,-8.122585773064905,13.091385014754042,20.0,21.208705964104844,-59.69458624316559,-59.93679647286305,FLAT
2026-09-30T07:45:07.938500+00:00,6,0.12966970343896678,0.12987276977963336,0.1297873603573214,0.12984440630297647,3.440417307825072,0.14568790350292493,2.3632945059958352,7.393357828143995,-6.576391837709306,13.472913053427238,20.0,20.042397196901465,-56.9820835406066,-59.152015744332864,FLAT
2026-09-30T07:45:13.281978+00:00,7,0.1296502991300505,0.12987427190673528,0.12972779735651935,0.12979829383132258,0.05857445597889921,-0.3117284600027949,2.3632945059958352,7.393357828143995,-11.278180663920612,11.414913985168251,20.0,22.692944824822025,-64.33441999473847,-59.74456430399444,FLAT
2026-09-30T07:45:18.631521+00:00,8,0.12962141721990714,0.12985095216382708,0.129754415715586,0.1298098968957246,3.5434689171265354,0.15962630763496638,2.3632945059958352,7.393357828143995,-7.434404340701528,14.540781906258182,20.0,21.967384975561718,-59.76508382225908,-62.144872375824065,FLAT
2026-09-30T07:45:23.979972+00:00,9,0.12964719028079033,0.12986931447837502,0.12977607481806222,0.12983322140751033,3.5755516395119535,0.1639657056637335,2.3632945059958352,7.393357828143995,-7.179498920688587,14.349028800169084,20.0,21.52081706996793,-59.06361049665236,-61.50655136414118,FLAT
2026-09-30T07:45:29.332271+00:00,10,0.12969049758904622,0.1298886126653276,0.12981711249176867,0.12987540500817082,4.368889524835051,0.2712698432104285,2.3632945059958352,7.393357828143995,-5.5047299445087905,14.257591925550539,20.0,19.753680193867176,-55.6217046443718,-59.64797761342188,FLAT
2026-09-30T07:45:34.683500+00:00,11,0.1296864887156099,0.12988950882437225,0.12979226147494152,0.12985743986697193,2.839392032767396,0.06439530424987949,2.3632945059958352,7.393357828143995,-7.486928722028052,13.181878317094498,20.0,20.662927380567265,-58.513150608591154,-59.48151119166593,FLAT
2026-09-30T07:45:40.031442+00:00,12,0.12967056983683903,0.12988258144700215,0.1297810807086709,0.12983662293273926,2.487057361841849,0.016739735682059203,2.3632945059958352,7.393357828143995,-7.814807590090789,12.805765881123143,20.0,20.615432536503953,-58.79353463259058,-59.05790391163126,FLAT
2026-09-30T07:45:45.387217+00:00,13,0.1296107825608582,0.12982885217826867,0.12973123861720143,0.12979724959628106,3.4248226738742282,0.14357862726967127,2.3632945059958352,7.393357828143995,-7.518633911451911,14.386691580641209,20.0,21.897810404026128,-59.77973882147388,-61.921207478671505,FLAT
2026-09-30T07:45:50.732489+00:00,14,0.12961568449409805,0.12985013682456997,0.1297466248626655,0.12980387715111477,3.2636551003850656,0.12177965889353606,2.3632945059958352,7.393357828143995,-7.971648273603638,14.51928119280188,20.0,22.483573240025446,-60.81851601962492,-62.639559926831495,FLAT
2026-09-30T07:45:56.086502+00:00,15,0.12962112748754054,0.129849274757256,0.12975532540148316,0.12981979876021343,4.035986994819218,0.2262425987899588,2.3632945059958352,7.393357828143995,-7.2352622645344145,15.327074877664604,20.0,22.5532172493341,-60.15177401986435,-63.516997621002865,FLAT
2026-09-30T07:46:01.429709+00:00,16,0.1296512044440819,0.1298560872188154,0.12976761346588203,0.1298283699746177,3.417698864416341,0.14261508544963797,2.3632945059958352,7.393357828143995,-6.813215678082019,13.664780924746989,20.0,20.47098747139938,-57.64749765547724,-59.772473890150536,FLAT
2026-09-30T07:46:06.791371+00:00,17,0.12967460518504925,0.1299002915277694,0.12980505850312987,0.12986202906865577,3.551609193896965,0.16072733330687994,2.3632945059958352,7.393357828143995,-7.331240255082916,14.453399209433115,20.0,21.776888696906166,-59.47142345798492,-61.866993400343446,FLAT
2026-09-30T07:46:12.132738+00:00,18,0.129675390112218,0.12990777278007734,0.12980260384023304,0.12986403924059886,3.215932328060056,0.11532484182200935,2.3632945059958352,7.393357828143995,-8.095661837136392,14.54779725109212,20.0,22.63616130525441,-61.09511764838664,-62.8206640503507,FLAT
2026-09-30T07:46:17.498111+00:00,19,0.1296728876377627,0.1299039217877011,0.12979196681934074,0.12985366963360537,2.651509109565797,0.038982910102474295,2.3632945059958352,7.393357828143995,-8.618290103922233,13.941387373719305,20.0,22.553679477792322,-61.53526408771039,-62.13177234551579,FLAT
2026-09-30T07:46:22.829352+00:00,20,0.12967151795915516,0.12990281913412438,0.12979849271537836,0.12984923160322315,2.8272142055252303,0.0627481734704373,2.3632945059958352,7.393357828143995,-8.03111275347379,13.704909672143106,20.0,21.72986166939169,-60.12426892886131,-61.07147683553896,FLAT
2026-09-30T07:46:28.182601+00:00,21,0.12958709843092472,0.12981884472106425,0.12969737978090953,0.12975801165730297,1.9062125417290687,-0.06182332505628378,2.3632945059958352,7.393357828143995,-9.356495231158668,13.189061908762678,20.0,22.541242306084712,-62.26103204323921,-61.367009708851555,FLAT
2026-09-30T07:46:33.533258+00:00,22,0.12961181446655537,0.12983829853527643,0.12974841548222818,0.12979742522544416,3.6896382403917016,0.17939666457734907,2.3632945059958352,7.393357828143995,-6.922691845335782,14.320512343162228,20.0,21.235352923686143,-58.52133927501776,-61.19257076085253,FLAT
2026-09-30T07:46:38.887843+00:00,23,0.1295102287318718,0.12973511678740215,0.1296339537987869,0.12968565682735284,2.864665003610156,0.06781363884563713,2.3632945059958352,7.393357828143995,-7.7976565728954395,13.54550116996922,20.0,21.337029337854446,-59.49798041674572,-60.519236001827835,FLAT
