utc,near_bid,near_ask,far_bid,far_ask,mid_spread,exec_high,exec_low,baseline_mean,baseline_sd,z,cost_rub,expected_high_rub,expected_low_rub,position_status
2026-09-30T06:19:41.312890+00:00,85194.0,85195.0,86754.0,86758.0,1561.5,1559.0,1564.0,1542.4333333333334,12.22842771759495,1.55920835507188,22.86,-6.293333333333393,-44.426666666666605,FLAT
2026-09-30T06:19:51.807435+00:00,85234.0,85238.0,86794.0,86801.0,1561.5,1556.0,1567.0,1542.4333333333334,12.22842771759495,1.55920835507188,28.86,-15.293333333333393,-53.426666666666605,FLAT
2026-09-30T06:20:02.153205+00:00,85216.0,85221.0,86776.0,86784.0,1561.5,1555.0,1568.0,1542.4333333333334,12.22842771759495,1.55920835507188,30.86,-18.293333333333393,-56.426666666666605,FLAT
2026-09-30T06:20:12.493711+00:00,85235.0,85236.0,86784.0,86788.0,1550.5,1548.0,1553.0,1542.4333333333334,12.22842771759495,0.6596650732996386,22.86,-17.293333333333393,-33.426666666666605,FLAT
2026-09-30T06:20:22.831226+00:00,85222.0,85224.0,86782.0,86787.0,1561.5,1558.0,1565.0,1542.4333333333334,12.22842771759495,1.55920835507188,24.86,-9.293333333333393,-47.426666666666605,FLAT
2026-09-30T06:20:33.176028+00:00,85238.0,85239.0,86798.0,86802.0,1561.5,1559.0,1564.0,1542.4333333333334,12.22842771759495,1.55920835507188,22.86,-6.293333333333393,-44.426666666666605,FLAT
2026-09-30T06:20:43.517143+00:00,85238.0,85239.0,86798.0,86802.0,1561.5,1559.0,1564.0,1542.4333333333334,12.22842771759495,1.55920835507188,22.86,-6.293333333333393,-44.426666666666605,FLAT
2026-09-30T06:20:53.902468+00:00,85254.0,85256.0,86812.0,86816.0,1559.0,1556.0,1562.0,1542.4333333333334,12.22842771759495,1.3547667001236432,23.86,-10.293333333333393,-43.426666666666605,FLAT
2026-09-30T06:21:04.722825+00:00,85258.0,85259.0,86818.0,86822.0,1561.5,1559.0,1564.0,1542.4333333333334,12.22842771759495,1.55920835507188,22.86,-6.293333333333393,-44.426666666666605,FLAT
2026-09-30T06:21:15.063565+00:00,85262.0,85263.0,86822.0,86826.0,1561.5,1559.0,1564.0,1542.4333333333334,12.22842771759495,1.55920835507188,22.86,-6.293333333333393,-44.426666666666605,FLAT
2026-09-30T06:21:25.555506+00:00,85255.0,85256.0,86815.0,86819.0,1561.5,1559.0,1564.0,1542.4333333333334,12.22842771759495,1.55920835507188,22.86,-6.293333333333393,-44.426666666666605,FLAT
2026-09-30T06:21:36.043128+00:00,85253.0,85254.0,86813.0,86817.0,1561.5,1559.0,1564.0,1542.4333333333334,12.22842771759495,1.55920835507188,22.86,-6.293333333333393,-44.426666666666605,FLAT
2026-09-30T06:24:08.022908+00:00,85188.0,85190.0,86747.0,86750.0,1559.5,1557.0,1562.0,1542.4333333333334,12.22842771759495,1.3956550311132907,22.86,-8.293333333333393,-42.426666666666605,FLAT
2026-09-30T06:24:18.533706+00:00,85180.0,85181.0,86739.0,86741.0,1559.5,1558.0,1561.0,1542.4333333333334,12.22842771759495,1.3956550311132907,20.86,-5.293333333333393,-39.426666666666605,FLAT
2026-09-30T06:24:28.921519+00:00,85183.0,85184.0,86742.0,86744.0,1559.5,1558.0,1561.0,1542.4333333333334,12.22842771759495,1.3956550311132907,20.86,-5.293333333333393,-39.426666666666605,FLAT
2026-09-30T06:24:39.404101+00:00,85191.0,85192.0,86750.0,86752.0,1559.5,1558.0,1561.0,1542.4333333333334,12.22842771759495,1.3956550311132907,20.86,-5.293333333333393,-39.426666666666605,FLAT
2026-09-30T06:24:49.936112+00:00,85155.0,85157.0,86714.0,86717.0,1559.5,1557.0,1562.0,1542.4333333333334,12.22842771759495,1.3956550311132907,22.86,-8.293333333333393,-42.426666666666605,FLAT
2026-09-30T06:25:00.593514+00:00,85156.0,85157.0,86715.0,86717.0,1559.5,1558.0,1561.0,1542.4333333333334,12.22842771759495,1.3956550311132907,20.86,-5.293333333333393,-39.426666666666605,FLAT
2026-09-30T06:25:11.021663+00:00,85152.0,85153.0,86711.0,86713.0,1559.5,1558.0,1561.0,1542.4333333333334,12.22842771759495,1.3956550311132907,20.86,-5.293333333333393,-39.426666666666605,FLAT
2026-09-30T06:25:21.394463+00:00,85168.0,85171.0,86727.0,86731.0,1559.5,1556.0,1563.0,1542.4333333333334,12.22842771759495,1.3956550311132907,24.86,-11.293333333333393,-45.426666666666605,FLAT
2026-09-30T06:25:31.798687+00:00,85140.0,85141.0,86699.0,86701.0,1559.5,1558.0,1561.0,1542.4333333333334,12.22842771759495,1.3956550311132907,20.86,-5.293333333333393,-39.426666666666605,FLAT
2026-09-30T06:25:42.190354+00:00,85129.0,85133.0,86688.0,86693.0,1559.5,1555.0,1564.0,1542.4333333333334,12.22842771759495,1.3956550311132907,26.86,-14.293333333333393,-48.426666666666605,FLAT
2026-09-30T06:25:52.742578+00:00,85133.0,85134.0,86692.0,86694.0,1559.5,1558.0,1561.0,1542.4333333333334,12.22842771759495,1.3956550311132907,20.86,-5.293333333333393,-39.426666666666605,FLAT
2026-09-30T06:26:03.091756+00:00,85133.0,85134.0,86692.0,86694.0,1559.5,1558.0,1561.0,1542.4333333333334,12.22842771759495,1.3956550311132907,20.86,-5.293333333333393,-39.426666666666605,FLAT
