utc,name,perp,quarter,direction,perp_bid,perp_ask,quarter_bid,quarter_ask,swaprate,required_swaprate,swaprate_ratio,calendar_days,business_days,combined_im_rub,screen_net_rub,screen_return_on_im_pct,perp_volume,quarter_volume,perp_oi,quarter_oi,status,consecutive_positive_scans
2026-09-29T21:29:21.425335+00:00,CNY,CNYRUBF,CRZ6,LONG_QUARTERLY_SHORT_PERP,12.506,12.509,12.729,12.731,0.01796,0.00536795103718201,3.3457831257396085,78,56,2281.7599999999998,705.1547419178074,30.90398385096625,5683790.0,9136832.0,21630980.0,41424676.0,STRONG,1
2026-09-29T21:29:21.710586+00:00,USD,USDRUBF,SiZ6,LONG_QUARTERLY_SHORT_PERP,83.96,83.99,85194.0,85216.0,0.12662,0.03764484524461842,3.3635415201527805,78,56,26217.54,4982.608666301369,19.00486722362727,231568.0,993456.0,853544.0,10877998.0,STRONG,1
2026-09-29T21:29:21.998039+00:00,EUR,EURRUBF,EuZ6,LONG_QUARTERLY_SHORT_PERP,95.46,95.56,96716.0,96800.0,0.04113,0.04350542600782794,0.9453993162278074,78,56,29894.03,-133.02385643836448,-0.44498468904448313,18686.0,67757.0,98130.0,1633368.0,REJECT,0
2026-09-29T21:29:22.281031+00:00,IMOEX,IMOEXF,MMZ6,LONG_QUARTERLY_SHORT_PERP,2261.0,2261.5,2282.85,2284.9,1.11445,0.7492396438356197,1.4874413135625615,78,56,4983.46,204.51779945205294,4.103931795420309,1824930.0,543806.0,2202094.0,381792.0,STRONG,1
2026-09-29T21:29:22.569322+00:00,RGBI,RGBIF,RBZ6,SHORT_QUARTERLY_LONG_PERP,111.0,111.04,11178.0,11179.0,-0.00565,-0.0022702505603983654,,62,44,2357.8199999999997,34.849102465752814,1.4780221758129466,35229.0,113723.0,355838.0,861694.0,REJECT,0
2026-09-29T21:39:17.035472+00:00,CNY,CNYRUBF,CRZ6,LONG_QUARTERLY_SHORT_PERP,12.506,12.509,12.729,12.731,0.01796,0.00536795103718201,3.3457831257396085,78,56,2281.7599999999998,705.1547419178074,30.90398385096625,5683790.0,9136832.0,21630980.0,41424676.0,STRONG,2
2026-09-29T21:39:17.412932+00:00,USD,USDRUBF,SiZ6,LONG_QUARTERLY_SHORT_PERP,83.96,83.99,85194.0,85216.0,0.12662,0.03764484524461842,3.3635415201527805,78,56,26217.54,4982.608666301369,19.00486722362727,231568.0,993456.0,853544.0,10877998.0,STRONG,2
2026-09-29T21:39:17.806960+00:00,EUR,EURRUBF,EuZ6,LONG_QUARTERLY_SHORT_PERP,95.46,95.56,96716.0,96800.0,0.04113,0.04350542600782794,0.9453993162278074,78,56,29894.03,-133.02385643836448,-0.44498468904448313,18686.0,67757.0,98130.0,1633368.0,REJECT,0
2026-09-29T21:39:18.188618+00:00,IMOEX,IMOEXF,MMZ6,LONG_QUARTERLY_SHORT_PERP,2261.0,2261.5,2282.85,2284.9,1.11445,0.7492396438356197,1.4874413135625615,78,56,4983.46,204.51779945205294,4.103931795420309,1824930.0,543806.0,2202094.0,381792.0,STRONG,2
2026-09-29T21:39:18.573086+00:00,RGBI,RGBIF,RBZ6,SHORT_QUARTERLY_LONG_PERP,111.0,111.04,11178.0,11179.0,-0.00565,-0.0022702505603983654,,62,44,2357.8199999999997,34.849102465752814,1.4780221758129466,35229.0,113723.0,355838.0,861694.0,REJECT,0
2026-09-29T21:41:05.352175+00:00,CNY,CNYRUBF,CRZ6,LONG_QUARTERLY_SHORT_PERP,12.506,12.509,12.729,12.731,0.01796,0.00536795103718201,3.3457831257396085,78,56,2281.7599999999998,705.1547419178074,30.90398385096625,5683790.0,9136832.0,21630980.0,41424676.0,STRONG,3
2026-09-29T21:41:05.667156+00:00,USD,USDRUBF,SiZ6,LONG_QUARTERLY_SHORT_PERP,83.96,83.99,85194.0,85216.0,0.12662,0.03764484524461842,3.3635415201527805,78,56,26217.54,4982.608666301369,19.00486722362727,231568.0,993456.0,853544.0,10877998.0,STRONG,3
2026-09-29T21:41:05.982446+00:00,EUR,EURRUBF,EuZ6,LONG_QUARTERLY_SHORT_PERP,95.46,95.56,96716.0,96800.0,0.04113,0.04350542600782794,0.9453993162278074,78,56,29894.03,-133.02385643836448,-0.44498468904448313,18686.0,67757.0,98130.0,1633368.0,REJECT,0
2026-09-29T21:41:06.307303+00:00,IMOEX,IMOEXF,MMZ6,LONG_QUARTERLY_SHORT_PERP,2261.0,2261.5,2282.85,2284.9,1.11445,0.7492396438356197,1.4874413135625615,78,56,4983.46,204.51779945205294,4.103931795420309,1824930.0,543806.0,2202094.0,381792.0,STRONG,3
2026-09-29T21:41:06.610149+00:00,RGBI,RGBIF,RBZ6,SHORT_QUARTERLY_LONG_PERP,111.0,111.04,11178.0,11179.0,-0.00565,-0.0022702505603983654,,62,44,2357.8199999999997,34.849102465752814,1.4780221758129466,35229.0,113723.0,355838.0,861694.0,REJECT,0
2026-09-29T21:50:03.821847+00:00,CNY,CNYRUBF,CRZ6,LONG_QUARTERLY_SHORT_PERP,12.506,12.509,12.729,12.731,0.01796,0.00536795103718201,3.3457831257396085,78,56,2281.7599999999998,705.1547419178074,30.90398385096625,5683790.0,9136832.0,21630980.0,41424676.0,RESEARCH_REJECTED,0
2026-09-29T21:50:04.191835+00:00,USD,USDRUBF,SiZ6,LONG_QUARTERLY_SHORT_PERP,83.96,83.99,85194.0,85216.0,0.12662,0.03764484524461842,3.3635415201527805,78,56,26217.54,4982.608666301369,19.00486722362727,231568.0,993456.0,853544.0,10877998.0,RESEARCH_REJECTED,0
2026-09-29T21:50:04.559726+00:00,EUR,EURRUBF,EuZ6,LONG_QUARTERLY_SHORT_PERP,95.46,95.56,96716.0,96800.0,0.04113,0.04350542600782794,0.9453993162278074,78,56,29894.03,-133.02385643836448,-0.44498468904448313,18686.0,67757.0,98130.0,1633368.0,RESEARCH_REJECTED,0
2026-09-29T21:50:04.922547+00:00,IMOEX,IMOEXF,MMZ6,LONG_QUARTERLY_SHORT_PERP,2261.0,2261.5,2282.85,2284.9,1.11445,0.7492396438356197,1.4874413135625615,78,56,4983.46,204.51779945205294,4.103931795420309,1824930.0,543806.0,2202094.0,381792.0,STRONG,4
2026-09-29T21:50:05.285746+00:00,RGBI,RGBIF,RBZ6,SHORT_QUARTERLY_LONG_PERP,111.0,111.04,11178.0,11179.0,-0.00565,-0.0022702505603983654,,62,44,2357.8199999999997,34.849102465752814,1.4780221758129466,35229.0,113723.0,355838.0,861694.0,RESEARCH_SECONDARY,0
2026-09-29T21:52:16.000536+00:00,CNY,CNYRUBF,CRZ6,LONG_QUARTERLY_SHORT_PERP,12.506,12.509,12.729,12.731,0.01796,0.00536795103718201,3.3457831257396085,78,56,2281.7599999999998,705.1547419178074,30.90398385096625,5683790.0,9136832.0,21630980.0,41424676.0,RESEARCH_REJECTED,0
2026-09-29T21:52:16.299531+00:00,USD,USDRUBF,SiZ6,LONG_QUARTERLY_SHORT_PERP,83.96,83.99,85194.0,85216.0,0.12662,0.03764484524461842,3.3635415201527805,78,56,26217.54,4982.608666301369,19.00486722362727,231568.0,993456.0,853544.0,10877998.0,RESEARCH_REJECTED,0
2026-09-29T21:52:16.601485+00:00,EUR,EURRUBF,EuZ6,LONG_QUARTERLY_SHORT_PERP,95.46,95.56,96716.0,96800.0,0.04113,0.04350542600782794,0.9453993162278074,78,56,29894.03,-133.02385643836448,-0.44498468904448313,18686.0,67757.0,98130.0,1633368.0,RESEARCH_REJECTED,0
2026-09-29T21:52:16.901300+00:00,IMOEX,IMOEXF,MMZ6,LONG_QUARTERLY_SHORT_PERP,2261.0,2261.5,2282.85,2284.9,1.11445,0.7492396438356197,1.4874413135625615,78,56,4983.46,204.51779945205294,4.103931795420309,1824930.0,543806.0,2202094.0,381792.0,STRONG,5
2026-09-29T21:52:17.201040+00:00,RGBI,RGBIF,RBZ6,SHORT_QUARTERLY_LONG_PERP,111.0,111.04,11178.0,11179.0,-0.00565,-0.0022702505603983654,,62,44,2357.8199999999997,34.849102465752814,1.4780221758129466,35229.0,113723.0,355838.0,861694.0,RESEARCH_SECONDARY,0
2026-09-29T21:54:06.878082+00:00,CNY,CNYRUBF,CRZ6,LONG_QUARTERLY_SHORT_PERP,12.506,12.509,12.729,12.731,0.01796,0.00536795103718201,3.3457831257396085,78,56,2281.7599999999998,705.1547419178074,30.90398385096625,5683790.0,9136832.0,21630980.0,41424676.0,RESEARCH_REJECTED,0
2026-09-29T21:54:07.209592+00:00,USD,USDRUBF,SiZ6,LONG_QUARTERLY_SHORT_PERP,83.96,83.99,85194.0,85216.0,0.12662,0.03764484524461842,3.3635415201527805,78,56,26217.54,4982.608666301369,19.00486722362727,231568.0,993456.0,853544.0,10877998.0,RESEARCH_REJECTED,0
2026-09-29T21:54:07.544830+00:00,EUR,EURRUBF,EuZ6,LONG_QUARTERLY_SHORT_PERP,95.46,95.56,96716.0,96800.0,0.04113,0.04350542600782794,0.9453993162278074,78,56,29894.03,-133.02385643836448,-0.44498468904448313,18686.0,67757.0,98130.0,1633368.0,RESEARCH_REJECTED,0
2026-09-29T21:54:07.888321+00:00,IMOEX,IMOEXF,MMZ6,LONG_QUARTERLY_SHORT_PERP,2261.0,2261.5,2282.85,2284.9,1.11445,0.7492396438356197,1.4874413135625615,78,56,4983.46,204.51779945205294,4.103931795420309,1824930.0,543806.0,2202094.0,381792.0,STRONG,6
2026-09-29T21:54:08.237217+00:00,RGBI,RGBIF,RBZ6,SHORT_QUARTERLY_LONG_PERP,111.0,111.04,11178.0,11179.0,-0.00565,-0.0022702505603983654,,62,44,2357.8199999999997,34.849102465752814,1.4780221758129466,35229.0,113723.0,355838.0,861694.0,RESEARCH_SECONDARY,0
2026-09-29T21:59:52.903677+00:00,CNY,CNYRUBF,CRZ6,LONG_QUARTERLY_SHORT_PERP,12.506,12.509,12.729,12.731,0.01796,0.00536795103718201,3.3457831257396085,78,56,2281.7599999999998,705.1547419178074,30.90398385096625,5683790.0,9136832.0,21630980.0,41424676.0,RESEARCH_REJECTED,0
2026-09-29T21:59:53.199403+00:00,USD,USDRUBF,SiZ6,LONG_QUARTERLY_SHORT_PERP,83.96,83.99,85194.0,85216.0,0.12662,0.03764484524461842,3.3635415201527805,78,56,26217.54,4982.608666301369,19.00486722362727,231568.0,993456.0,853544.0,10877998.0,RESEARCH_REJECTED,0
2026-09-29T21:59:53.509963+00:00,EUR,EURRUBF,EuZ6,LONG_QUARTERLY_SHORT_PERP,95.46,95.56,96716.0,96800.0,0.04113,0.04350542600782794,0.9453993162278074,78,56,29894.03,-133.02385643836448,-0.44498468904448313,18686.0,67757.0,98130.0,1633368.0,RESEARCH_REJECTED,0
2026-09-29T21:59:53.815704+00:00,IMOEX,IMOEXF,MMZ6,LONG_QUARTERLY_SHORT_PERP,2261.0,2261.5,2282.85,2284.9,1.11445,0.7492396438356197,1.4874413135625615,78,56,4983.46,204.51779945205294,4.103931795420309,1824930.0,543806.0,2202094.0,381792.0,RESEARCH_REJECTED,0
2026-09-29T21:59:54.108020+00:00,RGBI,RGBIF,RBZ6,SHORT_QUARTERLY_LONG_PERP,111.0,111.04,11178.0,11179.0,-0.00565,-0.0022702505603983654,,62,44,2357.8199999999997,34.849102465752814,1.4780221758129466,35229.0,113723.0,355838.0,861694.0,RESEARCH_SECONDARY,0
2026-09-29T22:06:58.873688+00:00,CNY,CNYRUBF,CRZ6,LONG_QUARTERLY_SHORT_PERP,12.506,12.509,12.729,12.731,0.01796,0.00536795103718201,3.3457831257396085,78,56,2281.7599999999998,705.1547419178074,30.90398385096625,5683790.0,9136832.0,21630980.0,41424676.0,RESEARCH_REJECTED,0
2026-09-29T22:06:59.163447+00:00,USD,USDRUBF,SiZ6,LONG_QUARTERLY_SHORT_PERP,83.96,83.99,85194.0,85216.0,0.12662,0.03764484524461842,3.3635415201527805,78,56,26217.54,4982.608666301369,19.00486722362727,231568.0,993456.0,853544.0,10877998.0,RESEARCH_REJECTED,0
2026-09-29T22:06:59.450568+00:00,EUR,EURRUBF,EuZ6,LONG_QUARTERLY_SHORT_PERP,95.46,95.56,96716.0,96800.0,0.04113,0.04350542600782794,0.9453993162278074,78,56,29894.03,-133.02385643836448,-0.44498468904448313,18686.0,67757.0,98130.0,1633368.0,RESEARCH_REJECTED,0
2026-09-29T22:06:59.734369+00:00,IMOEX,IMOEXF,MMZ6,LONG_QUARTERLY_SHORT_PERP,2261.0,2261.5,2282.85,2284.9,1.11445,0.7492396438356197,1.4874413135625615,78,56,4983.46,204.51779945205294,4.103931795420309,1824930.0,543806.0,2202094.0,381792.0,RESEARCH_REJECTED,0
2026-09-29T22:07:00.031159+00:00,RGBI,RGBIF,RBZ6,SHORT_QUARTERLY_LONG_PERP,111.0,111.04,11178.0,11179.0,-0.00565,-0.0022702505603983654,,62,44,2357.8199999999997,34.849102465752814,1.4780221758129466,35229.0,113723.0,355838.0,861694.0,RESEARCH_SECONDARY,0
2026-09-29T22:26:38.175814+00:00,CNY,CNYRUBF,CRZ6,LONG_QUARTERLY_SHORT_PERP,12.506,12.509,12.729,12.731,0.01796,0.00536795103718201,3.3457831257396085,78,56,2281.7599999999998,705.1547419178074,30.90398385096625,5683790.0,9136832.0,21630980.0,41424676.0,RESEARCH_REJECTED,0
2026-09-29T22:26:38.588172+00:00,USD,USDRUBF,SiZ6,LONG_QUARTERLY_SHORT_PERP,83.96,83.99,85194.0,85216.0,0.12662,0.03764484524461842,3.3635415201527805,78,56,26217.54,4982.608666301369,19.00486722362727,231568.0,993456.0,853544.0,10877998.0,RESEARCH_REJECTED,0
2026-09-29T22:26:39.008470+00:00,EUR,EURRUBF,EuZ6,LONG_QUARTERLY_SHORT_PERP,95.46,95.56,96716.0,96800.0,0.04113,0.04350542600782794,0.9453993162278074,78,56,29894.03,-133.02385643836448,-0.44498468904448313,18686.0,67757.0,98130.0,1633368.0,RESEARCH_REJECTED,0
2026-09-29T22:26:39.419603+00:00,IMOEX,IMOEXF,MMZ6,LONG_QUARTERLY_SHORT_PERP,2261.0,2261.5,2282.85,2284.9,1.11445,0.7492396438356197,1.4874413135625615,78,56,4983.46,204.51779945205294,4.103931795420309,1824930.0,543806.0,2202094.0,381792.0,RESEARCH_REJECTED,0
2026-09-29T22:26:39.845057+00:00,RGBI,RGBIF,RBZ6,SHORT_QUARTERLY_LONG_PERP,111.0,111.04,11178.0,11179.0,-0.00565,-0.0022702505603983654,,62,44,2357.8199999999997,34.849102465752814,1.4780221758129466,35229.0,113723.0,355838.0,861694.0,RESEARCH_SECONDARY,0
2026-09-29T22:39:52.494486+00:00,CNY,CNYRUBF,CRZ6,LONG_QUARTERLY_SHORT_PERP,12.506,12.509,12.729,12.731,0.01796,0.00536795103718201,3.3457831257396085,78,56,2281.7599999999998,705.1547419178074,30.90398385096625,5683790.0,9136832.0,21630980.0,41424676.0,RESEARCH_REJECTED,0
2026-09-29T22:39:53.122968+00:00,USD,USDRUBF,SiZ6,LONG_QUARTERLY_SHORT_PERP,83.96,83.99,85194.0,85216.0,0.12662,0.03764484524461842,3.3635415201527805,78,56,26217.54,4982.608666301369,19.00486722362727,231568.0,993456.0,853544.0,10877998.0,RESEARCH_REJECTED,0
2026-09-29T22:39:53.434099+00:00,EUR,EURRUBF,EuZ6,LONG_QUARTERLY_SHORT_PERP,95.46,95.56,96716.0,96800.0,0.04113,0.04350542600782794,0.9453993162278074,78,56,29894.03,-133.02385643836448,-0.44498468904448313,18686.0,67757.0,98130.0,1633368.0,RESEARCH_REJECTED,0
2026-09-29T22:39:53.742382+00:00,IMOEX,IMOEXF,MMZ6,LONG_QUARTERLY_SHORT_PERP,2261.0,2261.5,2282.85,2284.9,1.11445,0.7492396438356197,1.4874413135625615,78,56,4983.46,204.51779945205294,4.103931795420309,1824930.0,543806.0,2202094.0,381792.0,RESEARCH_REJECTED,0
2026-09-29T22:39:54.273702+00:00,RGBI,RGBIF,RBZ6,SHORT_QUARTERLY_LONG_PERP,111.0,111.04,11178.0,11179.0,-0.00565,-0.0022702505603983654,,62,44,2357.8199999999997,34.849102465752814,1.4780221758129466,35229.0,113723.0,355838.0,861694.0,RESEARCH_SECONDARY,0
2026-09-29T22:52:47.711783+00:00,CNY,CNYRUBF,CRZ6,LONG_QUARTERLY_SHORT_PERP,12.506,12.509,12.729,12.731,0.01796,0.00536795103718201,3.3457831257396085,78,56,2281.7599999999998,705.1547419178074,30.90398385096625,5683790.0,9136832.0,21630980.0,41424676.0,RESEARCH_REJECTED,0
2026-09-29T22:52:48.090292+00:00,USD,USDRUBF,SiZ6,LONG_QUARTERLY_SHORT_PERP,83.96,83.99,85194.0,85216.0,0.12662,0.03764484524461842,3.3635415201527805,78,56,26217.54,4982.608666301369,19.00486722362727,231568.0,993456.0,853544.0,10877998.0,RESEARCH_REJECTED,0
2026-09-29T22:52:48.475565+00:00,EUR,EURRUBF,EuZ6,LONG_QUARTERLY_SHORT_PERP,95.46,95.56,96716.0,96800.0,0.04113,0.04350542600782794,0.9453993162278074,78,56,29894.03,-133.02385643836448,-0.44498468904448313,18686.0,67757.0,98130.0,1633368.0,RESEARCH_REJECTED,0
2026-09-29T22:52:48.856815+00:00,IMOEX,IMOEXF,MMZ6,LONG_QUARTERLY_SHORT_PERP,2261.0,2261.5,2282.85,2284.9,1.11445,0.7492396438356197,1.4874413135625615,78,56,4983.46,204.51779945205294,4.103931795420309,1824930.0,543806.0,2202094.0,381792.0,RESEARCH_REJECTED,0
2026-09-29T22:52:49.245538+00:00,RGBI,RGBIF,RBZ6,SHORT_QUARTERLY_LONG_PERP,111.0,111.04,11178.0,11179.0,-0.00565,-0.0022702505603983654,,62,44,2357.8199999999997,34.849102465752814,1.4780221758129466,35229.0,113723.0,355838.0,861694.0,RESEARCH_SECONDARY,0
2026-09-29T23:06:13.342934+00:00,CNY,CNYRUBF,CRZ6,LONG_QUARTERLY_SHORT_PERP,12.506,12.509,12.729,12.731,0.01796,0.00536795103718201,3.3457831257396085,78,56,2281.7599999999998,705.1547419178074,30.90398385096625,5683790.0,9136832.0,21630980.0,41424676.0,RESEARCH_REJECTED,0
2026-09-29T23:06:13.810455+00:00,USD,USDRUBF,SiZ6,LONG_QUARTERLY_SHORT_PERP,83.96,83.99,85194.0,85216.0,0.12662,0.03764484524461842,3.3635415201527805,78,56,26217.54,4982.608666301369,19.00486722362727,231568.0,993456.0,853544.0,10877998.0,RESEARCH_REJECTED,0
2026-09-29T23:06:14.230996+00:00,EUR,EURRUBF,EuZ6,LONG_QUARTERLY_SHORT_PERP,95.46,95.56,96716.0,96800.0,0.04113,0.04350542600782794,0.9453993162278074,78,56,29894.03,-133.02385643836448,-0.44498468904448313,18686.0,67757.0,98130.0,1633368.0,RESEARCH_REJECTED,0
2026-09-29T23:06:14.644802+00:00,IMOEX,IMOEXF,MMZ6,LONG_QUARTERLY_SHORT_PERP,2261.0,2261.5,2282.85,2284.9,1.11445,0.7492396438356197,1.4874413135625615,78,56,4983.46,204.51779945205294,4.103931795420309,1824930.0,543806.0,2202094.0,381792.0,RESEARCH_REJECTED,0
2026-09-29T23:06:15.082172+00:00,RGBI,RGBIF,RBZ6,SHORT_QUARTERLY_LONG_PERP,111.0,111.04,11178.0,11179.0,-0.00565,-0.0022702505603983654,,62,44,2357.8199999999997,34.849102465752814,1.4780221758129466,35229.0,113723.0,355838.0,861694.0,RESEARCH_SECONDARY,0
2026-09-29T23:24:47.314470+00:00,CNY,CNYRUBF,CRZ6,LONG_QUARTERLY_SHORT_PERP,12.506,12.509,12.729,12.731,0.01796,0.00536795103718201,3.3457831257396085,78,56,2281.7599999999998,705.1547419178074,30.90398385096625,5683790.0,9136832.0,21630980.0,41424676.0,RESEARCH_REJECTED,0
2026-09-29T23:24:47.696308+00:00,USD,USDRUBF,SiZ6,LONG_QUARTERLY_SHORT_PERP,83.96,83.99,85194.0,85216.0,0.12662,0.03764484524461842,3.3635415201527805,78,56,26217.54,4982.608666301369,19.00486722362727,231568.0,993456.0,853544.0,10877998.0,RESEARCH_REJECTED,0
2026-09-29T23:24:48.085514+00:00,EUR,EURRUBF,EuZ6,LONG_QUARTERLY_SHORT_PERP,95.46,95.56,96716.0,96800.0,0.04113,0.04350542600782794,0.9453993162278074,78,56,29894.03,-133.02385643836448,-0.44498468904448313,18686.0,67757.0,98130.0,1633368.0,RESEARCH_REJECTED,0
2026-09-29T23:24:48.468485+00:00,IMOEX,IMOEXF,MMZ6,LONG_QUARTERLY_SHORT_PERP,2261.0,2261.5,2282.85,2284.9,1.11445,0.7492396438356197,1.4874413135625615,78,56,4983.46,204.51779945205294,4.103931795420309,1824930.0,543806.0,2202094.0,381792.0,RESEARCH_REJECTED,0
2026-09-29T23:24:48.860025+00:00,RGBI,RGBIF,RBZ6,SHORT_QUARTERLY_LONG_PERP,111.0,111.04,11178.0,11179.0,-0.00565,-0.0022702505603983654,,62,44,2357.8199999999997,34.849102465752814,1.4780221758129466,35229.0,113723.0,355838.0,861694.0,RESEARCH_SECONDARY,0
